=== VUELTA 1 INICIO 2026-07-31 13:48:01 ===
=== INICIO PROYECTO vuelta=1 proyecto=dashboard 13:48:01 ===
[dotenv@17.3.1] injecting env (4) from .env -- tip: 🛡️ auth for agents: https://vestauth.com

Running 2 tests using 1 worker

[dotenv@17.3.1] injecting env (0) from .env -- tip: 🤖 agentic secret storage: https://dotenvx.com/as2
🔐 Iniciando proceso de autenticación...
🌐 URL base: https://admin-dev.mediplanner.mx/
📧 Email: dr.***@gmail.com
✅ Navegación exitosa a la página principal
⏳ Esperando formulario de login...
✅ Formulario de login detectado
✅ Campo email llenado
✅ Campo contraseña llenado
✅ Botón de login clickeado
✅ Página principal cargada
✅ Autenticación exitosa - Redirigido fuera de login
✅ Sesión guardada en storageState.json
  ok 1 [setup] › tests\auth.setup.ts:7:6 › authenticate (5.4s)
[dotenv@17.3.1] injecting env (0) from .env -- tip: ⚙️  specify custom .env file path with { path: '/custom/path/.env' }
❌ [REQUEST FAILED +0.84s] https://www.google-analytics.com/g/collect?v=2&tid=G-ZVKJ9CWYCW&gtm=45je67t1v9248896219za200zd9248896219&_p=1785527292475&gcd=13l3l3l3l1l1&npa=0&dma=0&_eu=AAAAAAQ&are=1&cid=1805607659.1785527286&frm=0&ngs=1&pscdl=noapi&rcb=1&sr=1536x960&uaa=x86&uab=64&uafvl=Chromium%3B145.0.7632.6%7CNot%253AA-Brand%3B99.0.0.0&uam=&uamb=0&uap=Windows&uapv=10.0&uaw=0&ul=en-us&_s=1&tag_exp=115616985~115938465~115938469~118897920~118897930~119793972~119896802&sid=1785527285&sct=1&seg=1&dl=https%3A%2F%2Fadmin-dev.mediplanner.mx%2FDashboard&dt=Mediplanner&en=page_view&_ee=1&tfd=672 — net::ERR_ABORTED
❌ [REQUEST FAILED +2.24s] https://mediplanner-atencion.zendesk.com/frontendevents/pv?client=1B752747-577B-429A-A0E0-83861AF69088 — net::ERR_ABORTED
📤 [API REQUEST    +4.55s] POST https://admin-dev.mediplanner.mx/api/permissions/getPermissions
📤 [API REQUEST    +4.55s] GET https://admin-dev.mediplanner.mx/api/profile/getProfile
✅ [API RESPONSE   +4.93s] (376ms) 200 https://admin-dev.mediplanner.mx/api/permissions/getPermissions → {"status":"OK","data":[{"id":1,"name":"Consultar","module":"Usuarios","module_id":1,"active":false},{"id":2,"name":"Crea
📤 [API REQUEST    +5.01s] POST https://admin-dev.mediplanner.mx/api/appointments/getFilteredAppointments
📤 [API REQUEST    +5.01s] POST https://admin-dev.mediplanner.mx/api/dashboard/getDashboardData
📤 [API REQUEST    +5.01s] POST https://admin-dev.mediplanner.mx/api/procedures/getLastProceduresFilesByDoctorId
📤 [API REQUEST    +5.01s] POST https://admin-dev.mediplanner.mx/api/dashboard/getDashboardPayments
📤 [API REQUEST    +5.01s] POST https://admin-dev.mediplanner.mx/api/wizard/getActiveStep
📤 [API REQUEST    +5.04s] POST https://admin-dev.mediplanner.mx/api/appointments/getAppointmentCount
✅ [API RESPONSE   +5.13s] (578ms) 200 https://admin-dev.mediplanner.mx/api/profile/getProfile → {"status":"OK","data":{"id":467,"sNombre":"Walter","sPaterno":"Hartwell","sMaterno":"White","sCorreo":"dpichardo@rym-sol
✅ [API RESPONSE   +5.45s] (433ms) 200 https://admin-dev.mediplanner.mx/api/wizard/getActiveStep → {"status":"OK","data":{"activeStep":5,"date":"2026-07-31 13:46:48"}}
✅ [API RESPONSE   +5.55s] (510ms) 200 https://admin-dev.mediplanner.mx/api/appointments/getAppointmentCount → {"status":"OK","data":[{"date":"2026-07-01","count":0},{"date":"2026-07-02","count":0},{"date":"2026-07-03","count":0},{
✅ [API RESPONSE   +5.57s] (555ms) 200 https://admin-dev.mediplanner.mx/api/procedures/getLastProceduresFilesByDoctorId → {"status":"OK","data":{"procedimientos":[{"paciente_id":894,"paciente_nombre":"Agustin Tapia Nievas","procedimiento_id":
✅ [API RESPONSE   +5.73s] (721ms) 200 https://admin-dev.mediplanner.mx/api/dashboard/getDashboardData → {"status":"OK","data":{"monthConsultations":{"count":66,"percentage":0},"recurring":{"count":15,"percentage":650},"patie
❌ [REQUEST FAILED +5.75s] https://www.google-analytics.com/g/collect?v=2&tid=G-ZVKJ9CWYCW&gtm=45je67t1v9248896219za200zd9248896219&_p=1785527292475&gcd=13l3l3l3l1l1&npa=0&dma=0&_eu=AEAAAAQ&ae=a&are=1&cid=1805607659.1785527286&frm=0&ngs=1&pscdl=noapi&rcb=1&sr=1536x960&uaa=x86&uab=64&uafvl=Chromium%3B145.0.7632.6%7CNot%253AA-Brand%3B99.0.0.0&uam=&uamb=0&uap=Windows&uapv=10.0&uaw=0&ul=en-us&_s=2&tag_exp=115616985~115938465~115938469~118897920~118897930~119793972~119896802&sid=1785527285&sct=1&seg=1&dl=https%3A%2F%2Fadmin-dev.mediplanner.mx%2FDashboard&dt=Mediplanner&en=scroll&epn.percent_scrolled=90&_et=4&tfd=5680 — net::ERR_ABORTED
✅ [API RESPONSE   +5.81s] (801ms) 200 https://admin-dev.mediplanner.mx/api/dashboard/getDashboardPayments → {"status":"OK","data":{"grafica_actual":[{"etiqueta":"Viernes","total_pagos":0,"monto":0}],"grafica_anterior":[{"etiquet
❌ [REQUEST FAILED +5.87s] https://mediplanner-atencion.zendesk.com/frontendevents/pv?client=1B752747-577B-429A-A0E0-83861AF69088 — net::ERR_ABORTED
✅ [API RESPONSE   +6.13s] (1118ms) 200 https://admin-dev.mediplanner.mx/api/appointments/getFilteredAppointments → {"status":"OK","data":[]}
📊 getDashboardData: consultas=66 recurrentes=15 nuevas=4 pacientes=48
📤 [API REQUEST    +7.37s] POST https://admin-dev.mediplanner.mx/api/wizard/getActiveStep
📤 [API REQUEST    +7.63s] GET https://admin-dev.mediplanner.mx/api/profile/getProfile
📤 [API REQUEST    +7.63s] POST https://admin-dev.mediplanner.mx/api/appointments/getAppointmentTypes
📤 [API REQUEST    +7.63s] POST https://admin-dev.mediplanner.mx/api/wizard/saveStep
✅ [API RESPONSE   +7.62s] (253ms) 200 https://admin-dev.mediplanner.mx/api/wizard/getActiveStep → {"status":"OK","data":{"activeStep":5,"date":"2026-07-31 13:46:48"}}
  x  2 [dashboard] › tests\dashboard.spec.js:25:3 › Dashboard › KPIs, calendario y paneles muestran datos reales (no solo mapeo) (8.1s)


  1) [dashboard] › tests\dashboard.spec.js:25:3 › Dashboard › KPIs, calendario y paneles muestran datos reales (no solo mapeo) 

    Error: Tarjeta "CONSULTAS" debe mostrar contenido además del título

    [2mexpect([22m[31mreceived[39m[2m).[22mnot[2m.[22mtoBe[2m([22m[32mexpected[39m[2m) // Object.is equality[22m

    Expected: not [32m""[39m

      66 |     for (const kpi of kpis) {
      67 |       const txt = await getCardText(page, kpi.label);
    > 68 |       expect(txt, `Tarjeta "${kpi.label}" debe mostrar contenido además del título`).not.toBe('');
         |                                                                                          ^
      69 |       expect(txt, `Tarjeta "${kpi.label}" debe mostrar el valor ${kpi.count} (texto real: "${txt}")`)
      70 |         .toMatch(new RegExp(`(^|\\D)${kpi.count}(\\D|$)`));
      71 |       console.log(`✅ KPI "${kpi.label}": "${txt}"`);
        at C:\Users\pandr\OneDrive\00_Pedro_Quijada\03_RYM-Solutions\Repositorios\MediplannerWebNuevo\tests\dashboard.spec.js:68:90

    attachment #1: screenshot (image/png) ──────────────────────────────────────────────────────────
    test-results\dashboard-Dashboard-KPIs-c-657a9-datos-reales-no-solo-mapeo--dashboard\test-failed-1.png
    ────────────────────────────────────────────────────────────────────────────────────────────────

    Error Context: test-results\dashboard-Dashboard-KPIs-c-657a9-datos-reales-no-solo-mapeo--dashboard\error-context.md

  1 failed
    [dashboard] › tests\dashboard.spec.js:25:3 › Dashboard › KPIs, calendario y paneles muestran datos reales (no solo mapeo) 
  1 passed (17.3s)
=== FIN PROYECTO vuelta=1 proyecto=dashboard exit=1 13:48:20 ===
=== INICIO PROYECTO vuelta=1 proyecto=reportes 13:48:20 ===
[dotenv@17.3.1] injecting env (4) from .env -- tip: ⚙️  suppress all logs with { quiet: true }

Running 2 tests using 1 worker

[dotenv@17.3.1] injecting env (0) from .env -- tip: 🔐 prevent building .env in docker: https://dotenvx.com/prebuild
🔐 Iniciando proceso de autenticación...
🌐 URL base: https://admin-dev.mediplanner.mx/
📧 Email: dr.***@gmail.com
✅ Navegación exitosa a la página principal
⏳ Esperando formulario de login...
✅ Formulario de login detectado
✅ Campo email llenado
✅ Campo contraseña llenado
✅ Botón de login clickeado
✅ Página principal cargada
✅ Autenticación exitosa - Redirigido fuera de login
✅ Sesión guardada en storageState.json
  ok 1 [setup] › tests\auth.setup.ts:7:6 › authenticate (6.5s)
[dotenv@17.3.1] injecting env (0) from .env -- tip: ⚙️  load multiple .env files with { path: ['.env.local', '.env'] }
❌ [REQUEST FAILED +0.69s] https://www.google-analytics.com/g/collect?v=2&tid=G-ZVKJ9CWYCW&gtm=45je67t1v9248896219za200zd9248896219&_p=1785527312340&gcd=13l3l3l3l1l1&npa=0&dma=0&_eu=AAAAAAQ&are=1&cid=22600117.1785527305&frm=0&ngs=1&pscdl=noapi&rcb=0&sr=1536x960&uaa=x86&uab=64&uafvl=Chromium%3B145.0.7632.6%7CNot%253AA-Brand%3B99.0.0.0&uam=&uamb=0&uap=Windows&uapv=10.0&uaw=0&ul=en-us&_s=1&tag_exp=115616986~115938466~115938468~118897920~118897930~119896802&sid=1785527304&sct=1&seg=1&dl=https%3A%2F%2Fadmin-dev.mediplanner.mx%2FDashboard&dt=Mediplanner&en=page_view&_ee=1&tfd=542 — net::ERR_ABORTED
❌ [REQUEST FAILED +2.02s] https://mediplanner-atencion.zendesk.com/frontendevents/pv?client=1B752747-577B-429A-A0E0-83861AF69088 — net::ERR_ABORTED
📤 [API REQUEST    +3.41s] POST https://admin-dev.mediplanner.mx/api/permissions/getPermissions
📤 [API REQUEST    +3.41s] GET https://admin-dev.mediplanner.mx/api/profile/getProfile
❌ [REQUEST FAILED +3.77s] https://mediplanner-atencion.zendesk.com/frontendevents/pv?client=1B752747-577B-429A-A0E0-83861AF69088 — net::ERR_ABORTED
📤 [API REQUEST    +3.90s] GET https://admin-dev.mediplanner.mx/api/hospitals/getDrHospitals
📤 [API REQUEST    +3.91s] POST https://admin-dev.mediplanner.mx/api/payments/getPaymentList
📤 [API REQUEST    +3.91s] POST https://admin-dev.mediplanner.mx/api/dashboard/getDashboardPayments
📤 [API REQUEST    +3.91s] POST https://admin-dev.mediplanner.mx/api/dashboard/getTopMedications
📤 [API REQUEST    +3.91s] POST https://admin-dev.mediplanner.mx/api/dashboard/getTopDiagnoses
📤 [API REQUEST    +3.91s] POST https://admin-dev.mediplanner.mx/api/dashboard/getTopServices
✅ [API RESPONSE   +3.91s] (506ms) 200 https://admin-dev.mediplanner.mx/api/permissions/getPermissions → {"status":"OK","data":[{"id":1,"name":"Consultar","module":"Usuarios","module_id":1,"active":false},{"id":2,"name":"Crea
✅ [API RESPONSE   +3.94s] (528ms) 200 https://admin-dev.mediplanner.mx/api/profile/getProfile → {"status":"OK","data":{"id":467,"sNombre":"Walter","sPaterno":"Hartwell","sMaterno":"White","sCorreo":"dpichardo@rym-sol
✅ [API RESPONSE   +4.43s] (520ms) 200 https://admin-dev.mediplanner.mx/api/dashboard/getTopDiagnoses → {"status":"OK","data":{"top_diagnosticos":[{"sNombre":"DIARREA Y GASTROENTERITIS DE PRESUNTO ORIGEN INFECCIOSO","total":
✅ [API RESPONSE   +4.43s] (523ms) 200 https://admin-dev.mediplanner.mx/api/dashboard/getTopServices → {"status":"OK","data":{"top_servicios":[{"sNombre":"Certificado Médico","total":126},{"sNombre":"Examen De la vista","to
✅ [API RESPONSE   +4.48s] (572ms) 200 https://admin-dev.mediplanner.mx/api/dashboard/getTopMedications → {"status":"OK","data":{"top_medicamentos":[{"sNombre":"WATERPIK WATER FLOSSER WP100 SERIES Irrigador","total":88},{"sNom
✅ [API RESPONSE   +4.70s] (795ms) 200 https://admin-dev.mediplanner.mx/api/dashboard/getDashboardPayments → {"status":"OK","data":{"grafica_actual":[{"etiqueta":"Viernes","total_pagos":0,"monto":0},{"etiqueta":"Sábado","total_pa
✅ [API RESPONSE   +4.71s] (803ms) 200 https://admin-dev.mediplanner.mx/api/hospitals/getDrHospitals → {"status":"OK","data":[{"hospital_id":15,"relacion_id":2,"nombre":"Consultorio Personal","lugar":"","consultorio":"Gener
❌ [REQUEST FAILED +5.67s] https://www.google-analytics.com/g/collect?v=2&tid=G-ZVKJ9CWYCW&gtm=45je67t1v9248896219za200zd9248896219&_p=1785527312340&gcd=13l3l3l3l1l1&npa=0&dma=0&_eu=AEAAAAQ&ae=a&are=1&cid=22600117.1785527305&frm=0&ngs=1&pscdl=noapi&rcb=0&sr=1536x960&uaa=x86&uab=64&uafvl=Chromium%3B145.0.7632.6%7CNot%253AA-Brand%3B99.0.0.0&uam=&uamb=0&uap=Windows&uapv=10.0&uaw=0&ul=en-us&tag_exp=115616986~115938466~115938468~118897920~118897930~119896802&sid=1785527304&sct=1&seg=1&dl=https%3A%2F%2Fadmin-dev.mediplanner.mx%2FDashboard&dt=Mediplanner&_s=2&tfd=5550 — net::ERR_ABORTED
✅ [API RESPONSE   +5.92s] (2019ms) 200 https://admin-dev.mediplanner.mx/api/payments/getPaymentList → {"status":"OK","data":{"payments":[{"id":1,"fecha_pago":"2026-07-30T06:00:00.000000Z","imagen":"https://s3.amazonaws.com
  x  2 [reportes] › tests\reportes.spec.ts:37:5 › Reportes: cargar KPIs/Top 10, filtrar por rango de fechas y ver "Ingresos recientes" (11.8s)


  1) [reportes] › tests\reportes.spec.ts:37:5 › Reportes: cargar KPIs/Top 10, filtrar por rango de fechas y ver "Ingresos recientes" › KPIs visibles: Número de consultas / Total / Total cobrado 

    Error: [2mexpect([22m[31mlocator[39m[2m).[22mtoBeVisible[2m([22m[2m)[22m failed

    Locator: locator('text=Número de consultas')
    Expected: visible
    Timeout: 5000ms
    Error: element(s) not found

    Call log:
    [2m  - Expect "toBeVisible" with timeout 5000ms[22m
    [2m  - waiting for locator('text=Número de consultas')[22m


      53 |
      54 |   await test.step('KPIs visibles: Número de consultas / Total / Total cobrado', async () => {
    > 55 |     await expect(page.locator('text=Número de consultas')).toBeVisible();
         |                                                            ^
      56 |     await expect(page.locator('text=Total cobrado')).toBeVisible();
      57 |     await page.screenshot({ path: 'test-results/reportes-01-kpis.png', fullPage: true });
      58 |   });
        at C:\Users\pandr\OneDrive\00_Pedro_Quijada\03_RYM-Solutions\Repositorios\MediplannerWebNuevo\tests\reportes.spec.ts:55:60
        at C:\Users\pandr\OneDrive\00_Pedro_Quijada\03_RYM-Solutions\Repositorios\MediplannerWebNuevo\tests\reportes.spec.ts:54:14

    attachment #1: screenshot (image/png) ──────────────────────────────────────────────────────────
    test-results\reportes-Reportes-cargar-K-13d72-s-y-ver-Ingresos-recientes--reportes\test-failed-1.png
    ────────────────────────────────────────────────────────────────────────────────────────────────

    Error Context: test-results\reportes-Reportes-cargar-K-13d72-s-y-ver-Ingresos-recientes--reportes\error-context.md

  1 failed
    [reportes] › tests\reportes.spec.ts:37:5 › Reportes: cargar KPIs/Top 10, filtrar por rango de fechas y ver "Ingresos recientes" 
  1 passed (22.1s)
=== FIN PROYECTO vuelta=1 proyecto=reportes exit=1 13:48:43 ===
=== INICIO PROYECTO vuelta=1 proyecto=ajustes-servicios 13:48:43 ===
[dotenv@17.3.1] injecting env (4) from .env -- tip: ⚡️ secrets for agents: https://dotenvx.com/as2

Running 2 tests using 1 worker

[dotenv@17.3.1] injecting env (0) from .env -- tip: ⚙️  load multiple .env files with { path: ['.env.local', '.env'] }
🔐 Iniciando proceso de autenticación...
🌐 URL base: https://admin-dev.mediplanner.mx/
📧 Email: dr.***@gmail.com
✅ Navegación exitosa a la página principal
⏳ Esperando formulario de login...
✅ Formulario de login detectado
✅ Campo email llenado
✅ Campo contraseña llenado
✅ Botón de login clickeado
✅ Página principal cargada
✅ Autenticación exitosa - Redirigido fuera de login
✅ Sesión guardada en storageState.json
  ok 1 [setup] › tests\auth.setup.ts:7:6 › authenticate (5.5s)
[dotenv@17.3.1] injecting env (0) from .env -- tip: 🔐 prevent committing .env to code: https://dotenvx.com/precommit
❌ [REQUEST FAILED +0.82s] https://www.google-analytics.com/g/collect?v=2&tid=G-ZVKJ9CWYCW&gtm=45je67t1v9248896219za200zd9248896219&_p=1785527335085&gcd=13l3l3l3l1l1&npa=0&dma=0&_eu=AAAAAAQ&are=1&cid=765960896.1785527328&frm=0&ngs=1&pscdl=noapi&rcb=9&sr=1536x960&uaa=x86&uab=64&uafvl=Chromium%3B145.0.7632.6%7CNot%253AA-Brand%3B99.0.0.0&uam=&uamb=0&uap=Windows&uapv=10.0&uaw=0&ul=en-us&_s=1&tag_exp=115938465~115938469~118897920~118897930~119527019~119896803&sid=1785527327&sct=1&seg=1&dl=https%3A%2F%2Fadmin-dev.mediplanner.mx%2FDashboard&dt=Mediplanner&en=page_view&_ee=1&tfd=671 — net::ERR_ABORTED
❌ [REQUEST FAILED +2.17s] https://mediplanner-atencion.zendesk.com/frontendevents/pv?client=1B752747-577B-429A-A0E0-83861AF69088 — net::ERR_ABORTED
📤 [API REQUEST    +3.75s] POST https://admin-dev.mediplanner.mx/api/permissions/getPermissions
📤 [API REQUEST    +3.75s] GET https://admin-dev.mediplanner.mx/api/profile/getProfile
✅ [API RESPONSE   +4.19s] (441ms) 200 https://admin-dev.mediplanner.mx/api/permissions/getPermissions → {"status":"OK","data":[{"id":1,"name":"Consultar","module":"Usuarios","module_id":1,"active":false},{"id":2,"name":"Crea
📤 [API REQUEST    +4.38s] POST https://admin-dev.mediplanner.mx/api/catalogs/getCatalogs
📤 [API REQUEST    +4.38s] GET https://admin-dev.mediplanner.mx/api/profile/getProfile
📤 [API REQUEST    +4.38s] POST https://admin-dev.mediplanner.mx/api/catalogs/getCatalogs
📤 [API REQUEST    +4.38s] POST https://admin-dev.mediplanner.mx/api/session/getDependents
✅ [API RESPONSE   +4.64s] (266ms) 200 https://admin-dev.mediplanner.mx/api/catalogs/getCatalogs → {"status":"OK","data":{"hospitales":[{"id":1,"name":"Santo Tomas"},{"id":2,"name":"Hospital JFSB"},{"id":3,"name":"Angel
✅ [API RESPONSE   +4.65s] (272ms) 200 https://admin-dev.mediplanner.mx/api/catalogs/getCatalogs → {"status":"OK","data":{"specialties":[{"id":1,"name":"Especialidad prueba act 1"},{"id":2,"name":"Acupuntura"},{"id":3,"
✅ [API RESPONSE   +4.71s] (336ms) 200 https://admin-dev.mediplanner.mx/api/session/getDependents → {"status":"OK","data":{"usuario":{"id":467,"imagen":"https://s3.amazonaws.com/s3.mediplanner.mx/userImages/f0192e7e8977d
✅ [API RESPONSE   +5.03s] (1278ms) 200 https://admin-dev.mediplanner.mx/api/profile/getProfile → {"status":"OK","data":{"id":467,"sNombre":"Walter","sPaterno":"Hartwell","sMaterno":"White","sCorreo":"dpichardo@rym-sol
📤 [API REQUEST    +5.54s] POST https://admin-dev.mediplanner.mx/api/hospitals/findCp
✅ [API RESPONSE   +5.53s] (1157ms) 200 https://admin-dev.mediplanner.mx/api/profile/getProfile → {"status":"OK","data":{"id":467,"sNombre":"Walter","sPaterno":"Hartwell","sMaterno":"White","sCorreo":"dpichardo@rym-sol
❌ [REQUEST FAILED +5.78s] https://www.google-analytics.com/g/collect?v=2&tid=G-ZVKJ9CWYCW&gtm=45je67t1v9248896219za200zd9248896219&_p=1785527335085&gcd=13l3l3l3l1l1&npa=0&dma=0&_eu=AEAAAAQ&ae=a&are=1&cid=765960896.1785527328&frm=0&ngs=1&pscdl=noapi&rcb=9&sr=1536x960&uaa=x86&uab=64&uafvl=Chromium%3B145.0.7632.6%7CNot%253AA-Brand%3B99.0.0.0&uam=&uamb=0&uap=Windows&uapv=10.0&uaw=0&ul=en-us&tag_exp=115938465~115938469~118897920~118897930~119527019~119896803&sid=1785527327&sct=1&seg=1&dl=https%3A%2F%2Fadmin-dev.mediplanner.mx%2FDashboard&dt=Mediplanner&_s=2&tfd=5686 — net::ERR_ABORTED
❌ [REQUEST FAILED +5.89s] https://mediplanner-atencion.zendesk.com/frontendevents/pv?client=1B752747-577B-429A-A0E0-83861AF69088 — net::ERR_ABORTED
✅ [API RESPONSE   +5.96s] (426ms) 200 https://admin-dev.mediplanner.mx/api/hospitals/findCp → {"status":"OK","data":{"neighborhoods":[{"id":102925,"name":"Jurica la Solana"},{"id":102926,"name":"Punta Juriquilla"},
📤 [API REQUEST    +6.78s] POST https://admin-dev.mediplanner.mx/api/services/getServices
✅ [API RESPONSE   +7.58s] (801ms) 200 https://admin-dev.mediplanner.mx/api/services/getServices → {"status":"OK","data":[{"servicio_id":1,"nombre":"Certificado Médico","duracion":15,"producto_id":239,"unidad_id":2,"obj
❌ [REQUEST FAILED +7.89s] https://mediplanner-atencion.zendesk.com/frontendevents/pv?client=1B752747-577B-429A-A0E0-83861AF69088 — net::ERR_ABORTED
📤 [API REQUEST    +10.88s] POST https://admin-dev.mediplanner.mx/api/catalogs/getCatalogs
✅ [API RESPONSE   +11.05s] (167ms) 200 https://admin-dev.mediplanner.mx/api/catalogs/getCatalogs → {"status":"OK","data":{"tipos_objeto_impuesto":[{"id":1,"name":"No objeto de impuesto","clave":"01"},{"id":2,"name":"Si 
❌ [REQUEST FAILED +11.89s] https://mediplanner-atencion.zendesk.com/frontendevents/pv?client=1B752747-577B-429A-A0E0-83861AF69088 — net::ERR_ABORTED
📤 [API REQUEST    +12.37s] POST https://admin-dev.mediplanner.mx/api/services/saveService
📤 [API REQUEST    +12.61s] POST https://admin-dev.mediplanner.mx/api/services/getHospitalsByService
✅ [API RESPONSE   +12.61s] (233ms) 200 https://admin-dev.mediplanner.mx/api/services/saveService → {"status":"OK","data":{"message":"Servicio guardado correctamente","id_servicio":10}}
❌ [REQUEST FAILED +12.68s] https://www.google-analytics.com/g/collect?v=2&tid=G-ZVKJ9CWYCW&gtm=45je67t1v9248896219za200zd9248896219&_p=1785527335085&gcd=13l3l3l3l1l1&npa=0&dma=0&_eu=AEAAAAQ&ae=a&are=1&cid=765960896.1785527328&frm=0&ngs=1&pscdl=noapi&rcb=9&sr=1536x960&uaa=x86&uab=64&uafvl=Chromium%3B145.0.7632.6%7CNot%253AA-Brand%3B99.0.0.0&uam=&uamb=0&uap=Windows&uapv=10.0&uaw=0&ul=en-us&tag_exp=115938465~115938469~118897920~118897930~119527019~119896803&dl=https%3A%2F%2Fadmin-dev.mediplanner.mx%2Fperfil%2FServicios&dr=https%3A%2F%2Fadmin-dev.mediplanner.mx%2Fperfil%2FUsuario&sid=1785527327&sct=1&seg=1&dt=Mediplanner&_s=3&tfd=12570 — net::ERR_ABORTED
✅ [API RESPONSE   +12.79s] (183ms) 200 https://admin-dev.mediplanner.mx/api/services/getHospitalsByService → {"status":"OK","data":[{"hospital_id":2,"nombre":"Consultorio Personal","precio":0},{"hospital_id":3,"nombre":"Hospital 
❌ [REQUEST FAILED +14.26s] https://mediplanner-atencion.zendesk.com/frontendevents/dl?client=1B752747-577B-429A-A0E0-83861AF69088 — net::ERR_ABORTED
❌ [REQUEST FAILED +14.26s] https://www.google-analytics.com/g/collect?v=2&tid=G-ZVKJ9CWYCW&gtm=45je67t1v9248896219za200zd9248896219&_p=1785527335085&gcd=13l3l3l3l1l1&npa=0&dma=0&_eu=AAAAAAQ&are=1&cid=765960896.1785527328&frm=0&ngs=1&pscdl=noapi&rcb=9&sr=1536x960&uaa=x86&uab=64&uafvl=Chromium%3B145.0.7632.6%7CNot%253AA-Brand%3B99.0.0.0&uam=&uamb=0&uap=Windows&uapv=10.0&uaw=0&ul=en-us&_s=4&tag_exp=115938465~115938469~118897920~118897930~119527019~119896803&sid=1785527327&sct=1&seg=1&dl=https%3A%2F%2Fadmin-dev.mediplanner.mx%2Fperfil%2FedicionServicio&dr=https%3A%2F%2Fadmin-dev.mediplanner.mx%2Fperfil%2FServicios&dt=Mediplanner&en=user_engagement&_et=2454&tfd=14219 — net::ERR_ABORTED
❌ [REQUEST FAILED +14.26s] https://p.clarity.ms/collect — net::ERR_ABORTED
❌ [REQUEST FAILED +14.56s] https://www.google-analytics.com/g/collect?v=2&tid=G-ZVKJ9CWYCW&gtm=45je67t1v9248896219za200zd9248896219&_p=1785527349017&gcd=13l3l3l3l1l1&npa=0&dma=0&_eu=AAAAAAQ&are=1&cid=765960896.1785527328&frm=0&ngs=1&pscdl=noapi&rcb=7&sr=1536x960&uaa=x86&uab=64&uafvl=Chromium%3B145.0.7632.6%7CNot%253AA-Brand%3B99.0.0.0&uam=&uamb=0&uap=Windows&uapv=10.0&uaw=0&ul=en-us&_s=1&tag_exp=115938465~115938469~118897920~118897930~119896803~120222309&sid=1785527327&sct=1&seg=1&dl=https%3A%2F%2Fadmin-dev.mediplanner.mx%2Fperfil%2FServicios&dt=Mediplanner&en=page_view&_ee=1&tfd=363 — net::ERR_ABORTED
📤 [API REQUEST    +14.59s] POST https://admin-dev.mediplanner.mx/api/permissions/getPermissions
📤 [API REQUEST    +14.59s] GET https://admin-dev.mediplanner.mx/api/profile/getProfile
📤 [API REQUEST    +14.59s] POST https://admin-dev.mediplanner.mx/api/services/getServices
❌ [REQUEST FAILED +14.75s] https://mediplanner-atencion.zendesk.com/frontendevents/pv?client=1B752747-577B-429A-A0E0-83861AF69088 — net::ERR_ABORTED
✅ [API RESPONSE   +14.95s] (361ms) 200 https://admin-dev.mediplanner.mx/api/services/getServices → {"status":"OK","data":[{"servicio_id":1,"nombre":"Certificado Médico","duracion":15,"producto_id":239,"unidad_id":2,"obj
   Servicio "QA_TEST_SERVICIO_NO_BORRAR_1785527333958" encontrado en getServices: false
✅ [API RESPONSE   +15.11s] (517ms) 200 https://admin-dev.mediplanner.mx/api/profile/getProfile → {"status":"OK","data":{"id":467,"sNombre":"Walter","sPaterno":"Hartwell","sMaterno":"White","sCorreo":"dpichardo@rym-sol

══════════════════════════════════════════════════════════════════════
📊  RESUMEN DEVTOOLS MONITOR
══════════════════════════════════════════════════════════════════════
⏱️  Duración total:         15.1s
📤  API Requests enviados:  14
✅  Responses exitosas:     13
🟠  Responses con error:    0
🔴  Errores de JS/consola:  12
🟡  Warnings de consola:    0

── Errores detectados ──────────────────────────────────────────────
  [1] +0.82s → net::ERR_ABORTED
  [2] +2.17s → net::ERR_ABORTED
  [3] +5.78s → net::ERR_ABORTED
  [4] +5.89s → net::ERR_ABORTED
  [5] +7.89s → net::ERR_ABORTED
  [6] +11.89s → net::ERR_ABORTED
  [7] +12.68s → net::ERR_ABORTED
  [8] +14.26s → net::ERR_ABORTED
  [9] +14.26s → net::ERR_ABORTED
  [10] +14.26s → net::ERR_ABORTED
  [11] +14.56s → net::ERR_ABORTED
  [12] +14.75s → net::ERR_ABORTED
══════════════════════════════════════════════════════════════════════


──────────────────────────────────────────────────────────────────────
🔎  RESUMEN FAIL DETECTION (Ajustes › Servicios)
──────────────────────────────────────────────────────────────────────
   Errores de consola REALES:     0
   APIs de Servicios fallidas:    0
──────────────────────────────────────────────────────────────────────

  x  2 [ajustes-servicios] › tests\ajustes.servicios.spec.ts:44:5 › Ajustes › Servicios: catálogo carga, filtro "Sólo activos" y alta de un servicio (15.8s)


  1) [ajustes-servicios] › tests\ajustes.servicios.spec.ts:44:5 › Ajustes › Servicios: catálogo carga, filtro "Sólo activos" y alta de un servicio 

    Error: El servicio "QA_TEST_SERVICIO_NO_BORRAR_1785527333958" no apareció en getServices tras guardar — falso registro

    [2mexpect([22m[31mreceived[39m[2m).[22mtoBe[2m([22m[32mexpected[39m[2m) // Object.is equality[22m

    Expected: [32mtrue[39m
    Received: [31mfalse[39m

      150 |
      151 |   expect(serviciosApiFailures, `Alguna API de Servicios falló: ${serviciosApiFailures.join(', ')}`).toEqual([]);
    > 152 |   expect(servicioEncontrado, `El servicio "${NOMBRE_SERVICIO_QA}" no apareció en getServices tras guardar — falso registro`).toBe(true);
          |                                                                                                                              ^
      153 | });
      154 |
        at C:\Users\pandr\OneDrive\00_Pedro_Quijada\03_RYM-Solutions\Repositorios\MediplannerWebNuevo\tests\ajustes.servicios.spec.ts:152:126

    attachment #1: screenshot (image/png) ──────────────────────────────────────────────────────────
    test-results\ajustes.servicios-Ajustes--7a2e0-tivos-y-alta-de-un-servicio-ajustes-servicios\test-failed-1.png
    ────────────────────────────────────────────────────────────────────────────────────────────────

    Error Context: test-results\ajustes.servicios-Ajustes--7a2e0-tivos-y-alta-de-un-servicio-ajustes-servicios\error-context.md

  1 failed
    [ajustes-servicios] › tests\ajustes.servicios.spec.ts:44:5 › Ajustes › Servicios: catálogo carga, filtro "Sólo activos" y alta de un servicio 
  1 passed (25.0s)
=== FIN PROYECTO vuelta=1 proyecto=ajustes-servicios exit=1 13:49:10 ===
=== INICIO PROYECTO vuelta=1 proyecto=percentil-explorar 13:49:10 ===
[dotenv@17.3.1] injecting env (4) from .env -- tip: ⚡️ secrets for agents: https://dotenvx.com/as2

Running 2 tests using 1 worker

[dotenv@17.3.1] injecting env (0) from .env -- tip: 🤖 agentic secret storage: https://dotenvx.com/as2
🔐 Iniciando proceso de autenticación...
🌐 URL base: https://admin-dev.mediplanner.mx/
📧 Email: dr.***@gmail.com
✅ Navegación exitosa a la página principal
⏳ Esperando formulario de login...
✅ Formulario de login detectado
✅ Campo email llenado
✅ Campo contraseña llenado
✅ Botón de login clickeado
✅ Página principal cargada
✅ Autenticación exitosa - Redirigido fuera de login
✅ Sesión guardada en storageState.json
  ok 1 [setup] › tests\auth.setup.ts:7:6 › authenticate (5.6s)
[dotenv@17.3.1] injecting env (0) from .env -- tip: ⚡️ secrets for agents: https://dotenvx.com/as2
❌ [REQUEST FAILED +0.97s] https://www.google-analytics.com/g/collect?v=2&tid=G-ZVKJ9CWYCW&gtm=45je67t1h1v9248896219za200zd9248896219&_p=1785527361813&gcd=13l3l3l3l1l1&npa=0&dma=0&_eu=AAAAAAQ&are=1&cid=900810189.1785527355&frm=0&ngs=1&pscdl=noapi&rcb=19&sr=1536x960&uaa=x86&uab=64&uafvl=Chromium%3B145.0.7632.6%7CNot%253AA-Brand%3B99.0.0.0&uam=&uamb=0&uap=Windows&uapv=10.0&uaw=0&ul=en-us&_s=1&tag_exp=115938466~115938468~118395335~118897920~118897930~119527020~119896803&sid=1785527354&sct=1&seg=1&dl=https%3A%2F%2Fadmin-dev.mediplanner.mx%2FPacientes&dt=Mediplanner&en=page_view&_ee=1&tfd=804 — net::ERR_ABORTED
❌ [REQUEST FAILED +3.33s] https://mediplanner-atencion.zendesk.com/frontendevents/pv?client=1B752747-577B-429A-A0E0-83861AF69088 — net::ERR_ABORTED
📤 [API REQUEST    +4.40s] POST https://admin-dev.mediplanner.mx/api/permissions/getPermissions
📤 [API REQUEST    +4.40s] GET https://admin-dev.mediplanner.mx/api/profile/getProfile
✅ [API RESPONSE   +4.77s] (370ms) 200 https://admin-dev.mediplanner.mx/api/permissions/getPermissions → {"status":"OK","data":[{"id":1,"name":"Consultar","module":"Usuarios","module_id":1,"active":false},{"id":2,"name":"Crea
✅ [API RESPONSE   +4.82s] (423ms) 200 https://admin-dev.mediplanner.mx/api/profile/getProfile → {"status":"OK","data":{"id":467,"sNombre":"Walter","sPaterno":"Hartwell","sMaterno":"White","sCorreo":"dpichardo@rym-sol
🔎 Buscando "percentil" en el campo "Buscar Usuarios"...
📤 [API REQUEST    +4.87s] POST https://admin-dev.mediplanner.mx/api/patients/getPatients
❌ [REQUEST FAILED +5.93s] https://www.google-analytics.com/g/collect?v=2&tid=G-ZVKJ9CWYCW&gtm=45je67t1h1v9248896219za200zd9248896219&_p=1785527361813&gcd=13l3l3l3l1l1&npa=0&dma=0&_eu=AEAAAAQ&ae=a&are=1&cid=900810189.1785527355&frm=0&ngs=1&pscdl=noapi&rcb=19&sr=1536x960&uaa=x86&uab=64&uafvl=Chromium%3B145.0.7632.6%7CNot%253AA-Brand%3B99.0.0.0&uam=&uamb=0&uap=Windows&uapv=10.0&uaw=0&ul=en-us&_s=2&tag_exp=115938466~115938468~118395335~118897920~118897930~119527020~119896803&sid=1785527354&sct=1&seg=1&dl=https%3A%2F%2Fadmin-dev.mediplanner.mx%2FPacientes&dt=Mediplanner&en=scroll&epn.percent_scrolled=90&_et=5&tfd=5823 — net::ERR_ABORTED
✅ [API RESPONSE   +7.41s] (2541ms) 200 https://admin-dev.mediplanner.mx/api/patients/getPatients → {"status":"OK","data":{"patients":[{"id":903,"iUsuarioDrId":467,"sImagen":"","sNombre":"Percentil","sPaterno":"Prueba","
  x  2 [percentil-explorar] › tests\percentil.explorar.spec.js:9:1 › Buscar paciente y mapear acciones (25.6s)


  1) [percentil-explorar] › tests\percentil.explorar.spec.js:9:1 › Buscar paciente y mapear acciones 

    TimeoutError: locator.waitFor: Timeout 20000ms exceeded.
    Call log:
    [2m  - waiting for locator('input[placeholder="Buscar Usuarios"]').first() to be visible[22m


      17 |   console.log(`🔎 Buscando "${PACIENTE}" en el campo "Buscar Usuarios"...`);
      18 |   const buscar = page.locator('input[placeholder="Buscar Usuarios"]').first();
    > 19 |   await buscar.waitFor({ state: 'visible', timeout: 20000 });
         |                ^
      20 |   await buscar.click();
      21 |   await buscar.fill(PACIENTE);
      22 |   await page.waitForTimeout(3000);
        at C:\Users\pandr\OneDrive\00_Pedro_Quijada\03_RYM-Solutions\Repositorios\MediplannerWebNuevo\tests\percentil.explorar.spec.js:19:16

    attachment #1: screenshot (image/png) ──────────────────────────────────────────────────────────
    test-results\percentil.explorar-Buscar-paciente-y-mapear-acciones-percentil-explorar\test-failed-1.png
    ────────────────────────────────────────────────────────────────────────────────────────────────

    Error Context: test-results\percentil.explorar-Buscar-paciente-y-mapear-acciones-percentil-explorar\error-context.md

  1 failed
    [percentil-explorar] › tests\percentil.explorar.spec.js:9:1 › Buscar paciente y mapear acciones 
  1 passed (34.9s)
=== FIN PROYECTO vuelta=1 proyecto=percentil-explorar exit=1 13:49:47 ===
=== INICIO PROYECTO vuelta=1 proyecto=vacunacion-ciclo-completo 13:49:47 ===
[dotenv@17.3.1] injecting env (4) from .env -- tip: ⚙️  specify custom .env file path with { path: '/custom/path/.env' }

Running 2 tests using 1 worker

[dotenv@17.3.1] injecting env (0) from .env -- tip: ⚡️ secrets for agents: https://dotenvx.com/as2
🔐 Iniciando proceso de autenticación...
🌐 URL base: https://admin-dev.mediplanner.mx/
📧 Email: dr.***@gmail.com
✅ Navegación exitosa a la página principal
⏳ Esperando formulario de login...
✅ Formulario de login detectado
✅ Campo email llenado
✅ Campo contraseña llenado
✅ Botón de login clickeado
✅ Página principal cargada
✅ Autenticación exitosa - Redirigido fuera de login
✅ Sesión guardada en storageState.json
  ok 1 [setup] › tests\auth.setup.ts:7:6 › authenticate (5.7s)
[dotenv@17.3.1] injecting env (0) from .env -- tip: 🔐 prevent committing .env to code: https://dotenvx.com/precommit
❌ [REQUEST FAILED +0.75s] https://www.google-analytics.com/g/collect?v=2&tid=G-ZVKJ9CWYCW&gtm=45je67t1v9248896219za200zd9248896219&_p=1785527398367&gcd=13l3l3l3l1l1&npa=0&dma=0&_eu=AAAAAAQ&are=1&cid=287815536.1785527391&frm=0&ngs=1&pscdl=noapi&rcb=2&sr=1536x960&uaa=x86&uab=64&uafvl=Chromium%3B145.0.7632.6%7CNot%253AA-Brand%3B99.0.0.0&uam=&uamb=0&uap=Windows&uapv=10.0&uaw=0&ul=en-us&_s=1&tag_exp=115616986~115938466~115938468~118395335~118897920~118897930~119527019~119896803&sid=1785527391&sct=1&seg=1&dl=https%3A%2F%2Fadmin-dev.mediplanner.mx%2FPacientes&dt=Mediplanner&en=page_view&_ee=1&tfd=602 — net::ERR_ABORTED
❌ [REQUEST FAILED +2.09s] https://mediplanner-atencion.zendesk.com/frontendevents/pv?client=1B752747-577B-429A-A0E0-83861AF69088 — net::ERR_ABORTED
📤 [API REQUEST    +4.90s] POST https://admin-dev.mediplanner.mx/api/permissions/getPermissions
📤 [API REQUEST    +4.90s] GET https://admin-dev.mediplanner.mx/api/profile/getProfile
✅ [API RESPONSE   +5.26s] (361ms) 200 https://admin-dev.mediplanner.mx/api/permissions/getPermissions → {"status":"OK","data":[{"id":1,"name":"Consultar","module":"Usuarios","module_id":1,"active":false},{"id":2,"name":"Crea
📤 [API REQUEST    +5.29s] POST https://admin-dev.mediplanner.mx/api/patients/getPatients
✅ [API RESPONSE   +5.38s] (478ms) 200 https://admin-dev.mediplanner.mx/api/profile/getProfile → {"status":"OK","data":{"id":467,"sNombre":"Walter","sPaterno":"Hartwell","sMaterno":"White","sCorreo":"dpichardo@rym-sol
❌ [REQUEST FAILED +5.70s] https://www.google-analytics.com/g/collect?v=2&tid=G-ZVKJ9CWYCW&gtm=45je67t1v9248896219za200zd9248896219&_p=1785527398367&gcd=13l3l3l3l1l1&npa=0&dma=0&_eu=AEAAAAQ&ae=a&are=1&cid=287815536.1785527391&frm=0&ngs=1&pscdl=noapi&rcb=2&sr=1536x960&uaa=x86&uab=64&uafvl=Chromium%3B145.0.7632.6%7CNot%253AA-Brand%3B99.0.0.0&uam=&uamb=0&uap=Windows&uapv=10.0&uaw=0&ul=en-us&_s=2&tag_exp=115616986~115938466~115938468~118395335~118897920~118897930~119527019~119896803&sid=1785527391&sct=1&seg=1&dl=https%3A%2F%2Fadmin-dev.mediplanner.mx%2FPacientes&dt=Mediplanner&en=scroll&epn.percent_scrolled=90&_et=6&tfd=5619 — net::ERR_ABORTED
✅ [API RESPONSE   +6.06s] (773ms) 200 https://admin-dev.mediplanner.mx/api/patients/getPatients → {"status":"OK","data":{"patients":[{"id":903,"iUsuarioDrId":467,"sImagen":"","sNombre":"Percentil","sPaterno":"Prueba","
📤 [API REQUEST    +6.63s] POST https://admin-dev.mediplanner.mx/api/patients/getPatients
✅ [API RESPONSE   +7.73s] (1096ms) 200 https://admin-dev.mediplanner.mx/api/patients/getPatients → {"status":"OK","data":{"patients":[{"id":903,"iUsuarioDrId":467,"sImagen":"","sNombre":"Percentil","sPaterno":"Prueba","
📤 [API REQUEST    +9.95s] GET https://admin-dev.mediplanner.mx/api/profile/getProfile
📤 [API REQUEST    +9.95s] POST https://admin-dev.mediplanner.mx/api/appointments/getAppointmentTypes
📤 [API REQUEST    +9.95s] POST https://admin-dev.mediplanner.mx/api/consultations/getRecentVitalSigns
📤 [API REQUEST    +9.95s] POST https://admin-dev.mediplanner.mx/api/patients/getPatient
✅ [API RESPONSE   +10.46s] (517ms) 200 https://admin-dev.mediplanner.mx/api/consultations/getRecentVitalSigns → {"status":"OK","data":{"presion":"120","oxigenacion":"99","temperatura":"36.5","peso":"77","imc":"23.25","frecuencia_car
✅ [API RESPONSE   +10.52s] (573ms) 200 https://admin-dev.mediplanner.mx/api/profile/getProfile → {"status":"OK","data":{"id":467,"sNombre":"Walter","sPaterno":"Hartwell","sMaterno":"White","sCorreo":"dpichardo@rym-sol
✅ [API RESPONSE   +11.19s] (1241ms) 200 https://admin-dev.mediplanner.mx/api/appointments/getAppointmentTypes → {"status":"OK","data":[{"doctor_id":467,"relacion_id":1,"cita_nombre":"Consulta inicial","duracion":5,"producto_id":0,"u
✅ [API RESPONSE   +11.39s] (1440ms) 200 https://admin-dev.mediplanner.mx/api/patients/getPatient → {"status":"OK","data":{"id":894,"iEstatusId":2,"sEstatus":"Aceptada","sImagen":"https://s3.amazonaws.com/s3.mediplanner.
❌ [REQUEST FAILED +11.81s] https://mediplanner-atencion.zendesk.com/frontendevents/pv?client=1B752747-577B-429A-A0E0-83861AF69088 — net::ERR_ABORTED
📤 [API REQUEST    +12.44s] POST https://admin-dev.mediplanner.mx/api/catalogs/getCatalogs
📤 [API REQUEST    +12.44s] POST https://admin-dev.mediplanner.mx/api/patients/getPatient
📤 [API REQUEST    +12.52s] POST https://admin-dev.mediplanner.mx/api/vaccines/getVaccines
✅ [API RESPONSE   +12.66s] (221ms) 200 https://admin-dev.mediplanner.mx/api/catalogs/getCatalogs → {"status":"OK","data":{"tipos_sexo":[{"id":1,"name":"Masculino"},{"id":2,"name":"Femenino"}],"tipos_estado_civil":[{"id"
📤 [API REQUEST    +12.83s] POST https://admin-dev.mediplanner.mx/api/patients/getPatient
✅ [API RESPONSE   +12.82s] (308ms) 200 https://admin-dev.mediplanner.mx/api/vaccines/getVaccines → {"status":"OK","data":[{"tipo":"Básicas","tipo_id":1,"vacunas":[{"id":1,"nombre":"BCG","descripcion":"Protege contra la 
✅ [API RESPONSE   +12.93s] (484ms) 200 https://admin-dev.mediplanner.mx/api/patients/getPatient → {"status":"OK","data":{"id":894,"iEstatusId":2,"sEstatus":"Aceptada","sImagen":"https://s3.amazonaws.com/s3.mediplanner.
📤 [API REQUEST    +13.24s] POST https://admin-dev.mediplanner.mx/api/vaccines/getVaccinesUser
✅ [API RESPONSE   +13.24s] (413ms) 200 https://admin-dev.mediplanner.mx/api/patients/getPatient → {"status":"OK","data":{"id":894,"iEstatusId":2,"sEstatus":"Aceptada","sImagen":"https://s3.amazonaws.com/s3.mediplanner.
✅ [API RESPONSE   +13.48s] (234ms) 200 https://admin-dev.mediplanner.mx/api/vaccines/getVaccinesUser → {"status":"OK","data":[[{"id":5,"secuencia":52,"nombre":"HEXAVALENTE","descripcion":"Protege Difteria, Tétanos, Tos feri
❌ [REQUEST FAILED +15.86s] https://www.google-analytics.com/g/collect?v=2&tid=G-ZVKJ9CWYCW&gtm=45je67t1v9248896219za200zd9248896219&_p=1785527398367&gcd=13l3l3l3l1l1&npa=0&dma=0&_eu=AEAAAAQ&ae=a&are=1&cid=287815536.1785527391&frm=0&ngs=1&pscdl=noapi&rcb=2&sr=1536x960&uaa=x86&uab=64&uafvl=Chromium%3B145.0.7632.6%7CNot%253AA-Brand%3B99.0.0.0&uam=&uamb=0&uap=Windows&uapv=10.0&uaw=0&ul=en-us&_s=3&tag_exp=115616986~115938466~115938468~118395335~118897920~118897930~119527019~119896803&dl=https%3A%2F%2Fadmin-dev.mediplanner.mx%2FPacientes%2FDashboard&dr=https%3A%2F%2Fadmin-dev.mediplanner.mx%2FPacientes&sid=1785527391&sct=1&seg=1&dt=Mediplanner&en=page_view&_et=10165&tfd=15775 — net::ERR_ABORTED
📊 Inicial → dosis registradas: 32, filas otra-vacuna: 32
   📝 [HALLAZGO] No apareció "Guardar cambios" tras borrar dosis (¿la cartilla persiste de otro modo?)
🗑️ Borrado de dosis (clic rápido + guardado batch):
     Dosis iniciales:                 0
     Clics dados en ×:                0
     saveVaccinesUser por-clic (200): 0  (esperado 0: el borrado no auto-guarda)
     saveVaccinesUser de "Guardar":   0
     Botones × restantes:             0
🗑️ Borrado otra-vacuna: filas iniciales=32, clics=30, restantes=32
❌ [REQUEST FAILED +85.34s] https://p.clarity.ms/collect — net::ERR_ABORTED
❌ [REQUEST FAILED +85.34s] https://www.google-analytics.com/g/collect?v=2&tid=G-ZVKJ9CWYCW&gtm=45je67t1v9248896219za200zd9248896219&_p=1785527398367&gcd=13l3l3l3l1l1&npa=0&dma=0&_eu=AAAAAAQ&are=1&cid=287815536.1785527391&frm=0&ngs=1&pscdl=noapi&rcb=2&sr=1536x960&uaa=x86&uab=64&uafvl=Chromium%3B145.0.7632.6%7CNot%253AA-Brand%3B99.0.0.0&uam=&uamb=0&uap=Windows&uapv=10.0&uaw=0&ul=en-us&_s=4&tag_exp=115616986~115938466~115938468~118395335~118897920~118897930~119527019~119896803&sid=1785527391&sct=1&seg=1&dl=https%3A%2F%2Fadmin-dev.mediplanner.mx%2FPacientes%2FDashboard&dr=https%3A%2F%2Fadmin-dev.mediplanner.mx%2FPacientes&dt=Mediplanner&en=user_engagement&_et=74527&tfd=85302 — net::ERR_ABORTED
❌ [REQUEST FAILED +85.76s] https://mediplanner-atencion.zendesk.com/embeddable/config — net::ERR_ABORTED
📤 [API REQUEST    +85.77s] POST https://admin-dev.mediplanner.mx/api/permissions/getPermissions
📤 [API REQUEST    +85.77s] GET https://admin-dev.mediplanner.mx/api/profile/getProfile
📤 [API REQUEST    +85.77s] POST https://admin-dev.mediplanner.mx/api/patients/getPatients
❌ [REQUEST FAILED +85.78s] https://mediplanner-atencion.zendesk.com/frontendevents/pv?client=1B752747-577B-429A-A0E0-83861AF69088 — net::ERR_ABORTED
❌ [REQUEST FAILED +85.88s] https://www.google-analytics.com/g/collect?v=2&tid=G-ZVKJ9CWYCW&gtm=45je67t1v9248896219za200zd9248896219&_p=1785527483496&gcd=13l3l3l3l1l1&npa=0&dma=0&_eu=AAAAAAQ&are=1&cid=287815536.1785527391&frm=0&ngs=1&pscdl=noapi&rcb=3&sr=1536x960&uaa=x86&uab=64&uafvl=Chromium%3B145.0.7632.6%7CNot%253AA-Brand%3B99.0.0.0&uam=&uamb=0&uap=Windows&uapv=10.0&uaw=0&ul=en-us&_s=1&tag_exp=115938465~115938468~118897920~118897930~119896802&sid=1785527391&sct=1&seg=1&dl=https%3A%2F%2Fadmin-dev.mediplanner.mx%2FPacientes&dt=Mediplanner&en=page_view&_ee=1&tfd=590 — net::ERR_ABORTED
✅ [API RESPONSE   +86.25s] (479ms) 200 https://admin-dev.mediplanner.mx/api/permissions/getPermissions → {"status":"OK","data":[{"id":1,"name":"Consultar","module":"Usuarios","module_id":1,"active":false},{"id":2,"name":"Crea
✅ [API RESPONSE   +86.25s] (481ms) 200 https://admin-dev.mediplanner.mx/api/profile/getProfile → {"status":"OK","data":{"id":467,"sNombre":"Walter","sPaterno":"Hartwell","sMaterno":"White","sCorreo":"dpichardo@rym-sol
✅ [API RESPONSE   +86.58s] (808ms) 200 https://admin-dev.mediplanner.mx/api/patients/getPatients → {"status":"OK","data":{"patients":[{"id":903,"iUsuarioDrId":467,"sImagen":"","sNombre":"Percentil","sPaterno":"Prueba","
📤 [API REQUEST    +87.79s] POST https://admin-dev.mediplanner.mx/api/patients/getPatients
✅ [API RESPONSE   +88.90s] (1116ms) 200 https://admin-dev.mediplanner.mx/api/patients/getPatients → {"status":"OK","data":{"patients":[{"id":903,"iUsuarioDrId":467,"sImagen":"","sNombre":"Percentil","sPaterno":"Prueba","
❌ [REQUEST FAILED +90.88s] https://www.google-analytics.com/g/collect?v=2&tid=G-ZVKJ9CWYCW&gtm=45je67t1v9248896219za200zd9248896219&_p=1785527483496&gcd=13l3l3l3l1l1&npa=0&dma=0&_eu=AEAAAAQ&ae=a&are=1&cid=287815536.1785527391&frm=0&ngs=1&pscdl=noapi&rcb=3&sr=1536x960&uaa=x86&uab=64&uafvl=Chromium%3B145.0.7632.6%7CNot%253AA-Brand%3B99.0.0.0&uam=&uamb=0&uap=Windows&uapv=10.0&uaw=0&ul=en-us&_s=2&tag_exp=115938465~115938468~118897920~118897930~119896802&sid=1785527391&sct=1&seg=1&dl=https%3A%2F%2Fadmin-dev.mediplanner.mx%2FPacientes&dt=Mediplanner&en=scroll&epn.percent_scrolled=90&_et=2&tfd=5604 — net::ERR_ABORTED
📤 [API REQUEST    +90.95s] GET https://admin-dev.mediplanner.mx/api/profile/getProfile
📤 [API REQUEST    +90.95s] POST https://admin-dev.mediplanner.mx/api/appointments/getAppointmentTypes
📤 [API REQUEST    +90.95s] POST https://admin-dev.mediplanner.mx/api/consultations/getRecentVitalSigns
📤 [API REQUEST    +90.95s] POST https://admin-dev.mediplanner.mx/api/patients/getPatient
✅ [API RESPONSE   +91.64s] (681ms) 200 https://admin-dev.mediplanner.mx/api/consultations/getRecentVitalSigns → {"status":"OK","data":{"presion":"120","oxigenacion":"99","temperatura":"36.5","peso":"77","imc":"23.25","frecuencia_car
✅ [API RESPONSE   +91.76s] (805ms) 200 https://admin-dev.mediplanner.mx/api/appointments/getAppointmentTypes → {"status":"OK","data":[{"doctor_id":467,"relacion_id":1,"cita_nombre":"Consulta inicial","duracion":5,"producto_id":0,"u
✅ [API RESPONSE   +91.76s] (809ms) 200 https://admin-dev.mediplanner.mx/api/profile/getProfile → {"status":"OK","data":{"id":467,"sNombre":"Walter","sPaterno":"Hartwell","sMaterno":"White","sCorreo":"dpichardo@rym-sol
❌ [REQUEST FAILED +91.78s] https://mediplanner-atencion.zendesk.com/frontendevents/pv?client=1B752747-577B-429A-A0E0-83861AF69088 — net::ERR_ABORTED
✅ [API RESPONSE   +91.77s] (812ms) 200 https://admin-dev.mediplanner.mx/api/patients/getPatient → {"status":"OK","data":{"id":894,"iEstatusId":2,"sEstatus":"Aceptada","sImagen":"https://s3.amazonaws.com/s3.mediplanner.
📤 [API REQUEST    +91.81s] POST https://admin-dev.mediplanner.mx/api/catalogs/getCatalogs
📤 [API REQUEST    +91.81s] POST https://admin-dev.mediplanner.mx/api/patients/getPatient
✅ [API RESPONSE   +92.03s] (224ms) 200 https://admin-dev.mediplanner.mx/api/catalogs/getCatalogs → {"status":"OK","data":{"tipos_sexo":[{"id":1,"name":"Masculino"},{"id":2,"name":"Femenino"}],"tipos_estado_civil":[{"id"
✅ [API RESPONSE   +92.30s] (493ms) 200 https://admin-dev.mediplanner.mx/api/patients/getPatient → {"status":"OK","data":{"id":894,"iEstatusId":2,"sEstatus":"Aceptada","sImagen":"https://s3.amazonaws.com/s3.mediplanner.
📤 [API REQUEST    +93.55s] POST https://admin-dev.mediplanner.mx/api/vaccines/getVaccines
📤 [API REQUEST    +93.83s] POST https://admin-dev.mediplanner.mx/api/patients/getPatient
✅ [API RESPONSE   +93.82s] (275ms) 200 https://admin-dev.mediplanner.mx/api/vaccines/getVaccines → {"status":"OK","data":[{"tipo":"Básicas","tipo_id":1,"vacunas":[{"id":1,"nombre":"BCG","descripcion":"Protege contra la 
📤 [API REQUEST    +94.23s] POST https://admin-dev.mediplanner.mx/api/vaccines/getVaccinesUser
✅ [API RESPONSE   +94.23s] (403ms) 200 https://admin-dev.mediplanner.mx/api/patients/getPatient → {"status":"OK","data":{"id":894,"iEstatusId":2,"sEstatus":"Aceptada","sImagen":"https://s3.amazonaws.com/s3.mediplanner.
✅ [API RESPONSE   +94.54s] (303ms) 200 https://admin-dev.mediplanner.mx/api/vaccines/getVaccinesUser → {"status":"OK","data":[[{"id":5,"secuencia":52,"nombre":"HEXAVALENTE","descripcion":"Protege Difteria, Tétanos, Tos feri
❌ [REQUEST FAILED +97.03s] https://www.google-analytics.com/g/collect?v=2&tid=G-ZVKJ9CWYCW&gtm=45je67t1v9248896219za200zd9248896219&_p=1785527483496&gcd=13l3l3l3l1l1&npa=0&dma=0&_eu=AEAAAAQ&ae=a&are=1&cid=287815536.1785527391&frm=0&ngs=1&pscdl=noapi&rcb=3&sr=1536x960&uaa=x86&uab=64&uafvl=Chromium%3B145.0.7632.6%7CNot%253AA-Brand%3B99.0.0.0&uam=&uamb=0&uap=Windows&uapv=10.0&uaw=0&ul=en-us&_s=3&tag_exp=115938465~115938468~118897920~118897930~119896802&dl=https%3A%2F%2Fadmin-dev.mediplanner.mx%2FPacientes%2FDashboard&dr=https%3A%2F%2Fadmin-dev.mediplanner.mx%2FPacientes&sid=1785527391&sct=1&seg=1&dt=Mediplanner&en=page_view&_et=6119&tfd=11730 — net::ERR_ABORTED
✅ Post-borrado tras refrescar → dosis registradas: 32, filas otra-vacuna: 32
  x  2 [vacunacion-ciclo-completo] › tests\vacunacion.ciclo-completo.spec.ts:154:5 › Vacunación: ciclo completo borrar-todo → vacío → registrar-todo → verificar (1.7m)


  1) [vacunacion-ciclo-completo] › tests\vacunacion.ciclo-completo.spec.ts:154:5 › Vacunación: ciclo completo borrar-todo → vacío → registrar-todo → verificar › VERIFICAR vacío (tras refrescar) 

    Error: Tras borrar y refrescar no debe quedar ninguna dosis registrada

    [2mexpect([22m[31mreceived[39m[2m).[22mtoBe[2m([22m[32mexpected[39m[2m) // Object.is equality[22m

    Expected: [32m0[39m
    Received: [31m32[39m

      264 |     console.log(`✅ Post-borrado tras refrescar → dosis registradas: ${reg}, filas otra-vacuna: ${otras}`);
      265 |     await page.screenshot({ path: 'test-results/vac-ciclo-01-vacio.png', fullPage: true });
    > 266 |     expect(reg, 'Tras borrar y refrescar no debe quedar ninguna dosis registrada').toBe(0);
          |                                                                                    ^
      267 |     if (otras > 0) note(`Tras borrar y refrescar quedaron ${otras} fila(s) de "otra vacuna" (el borrado no persistió)`);
      268 |   });
      269 |
        at C:\Users\pandr\OneDrive\00_Pedro_Quijada\03_RYM-Solutions\Repositorios\MediplannerWebNuevo\tests\vacunacion.ciclo-completo.spec.ts:266:84
        at C:\Users\pandr\OneDrive\00_Pedro_Quijada\03_RYM-Solutions\Repositorios\MediplannerWebNuevo\tests\vacunacion.ciclo-completo.spec.ts:260:3

    attachment #1: screenshot (image/png) ──────────────────────────────────────────────────────────
    test-results\vacunacion.ciclo-completo--2355f--registrar-todo-→-verificar-vacunacion-ciclo-completo\test-failed-1.png
    ────────────────────────────────────────────────────────────────────────────────────────────────

    Error Context: test-results\vacunacion.ciclo-completo--2355f--registrar-todo-→-verificar-vacunacion-ciclo-completo\error-context.md

  1 failed
    [vacunacion-ciclo-completo] › tests\vacunacion.ciclo-completo.spec.ts:154:5 › Vacunación: ciclo completo borrar-todo → vacío → registrar-todo → verificar 
  1 passed (1.8m)
=== FIN PROYECTO vuelta=1 proyecto=vacunacion-ciclo-completo exit=1 13:51:37 ===
=== INICIO PROYECTO vuelta=1 proyecto=subir-estudios 13:51:37 ===
[dotenv@17.3.1] injecting env (4) from .env -- tip: 🔐 encrypt with Dotenvx: https://dotenvx.com

Running 1 test using 1 worker

[dotenv@17.3.1] injecting env (0) from .env -- tip: 🔐 encrypt with Dotenvx: https://dotenvx.com
[2026-07-31T19:51:40.656Z] ℹ️  Navegando al Dashboard...
  x  1 [subir-estudios] › tests\subir-estudios.spec.ts:7:7 › Subir Estudios › Acceder a estudios del paciente (31.6s)


  1) [subir-estudios] › tests\subir-estudios.spec.ts:7:7 › Subir Estudios › Acceder a estudios del paciente 

    TimeoutError: page.waitForLoadState: Timeout 30000ms exceeded.

      14 |     await page.goto('/Dashboard');
      15 |     await expect(page).toHaveURL(/Dashboard/);
    > 16 |     await page.waitForLoadState('networkidle');
         |                ^
      17 |     await page.waitForTimeout(2000);
      18 |
      19 |     // 2. Dar clic en "Pacientes" desde la barra lateral
        at C:\Users\pandr\OneDrive\00_Pedro_Quijada\03_RYM-Solutions\Repositorios\MediplannerWebNuevo\tests\subir-estudios.spec.ts:16:16

    attachment #1: screenshot (image/png) ──────────────────────────────────────────────────────────
    test-results\subir-estudios-Subir-Estud-99ee6-der-a-estudios-del-paciente-subir-estudios\test-failed-1.png
    ────────────────────────────────────────────────────────────────────────────────────────────────

    Error Context: test-results\subir-estudios-Subir-Estud-99ee6-der-a-estudios-del-paciente-subir-estudios\error-context.md

  1 failed
    [subir-estudios] › tests\subir-estudios.spec.ts:7:7 › Subir Estudios › Acceder a estudios del paciente 
=== FIN PROYECTO vuelta=1 proyecto=subir-estudios exit=1 13:52:12 ===
=== INICIO PROYECTO vuelta=1 proyecto=stress-diagnosticos 13:52:12 ===
[dotenv@17.3.1] injecting env (4) from .env -- tip: ⚙️  specify custom .env file path with { path: '/custom/path/.env' }

Running 2 tests using 1 worker

[dotenv@17.3.1] injecting env (0) from .env -- tip: ⚡️ secrets for agents: https://dotenvx.com/as2
🔐 Iniciando proceso de autenticación...
🌐 URL base: https://admin-dev.mediplanner.mx/
📧 Email: dr.***@gmail.com
✅ Navegación exitosa a la página principal
⏳ Esperando formulario de login...
✅ Formulario de login detectado
✅ Campo email llenado
✅ Campo contraseña llenado
✅ Botón de login clickeado
✅ Página principal cargada
✅ Autenticación exitosa - Redirigido fuera de login
✅ Sesión guardada en storageState.json
  ok 1 [setup] › tests\auth.setup.ts:7:6 › authenticate (5.2s)
[dotenv@17.3.1] injecting env (0) from .env -- tip: 🛡️ auth for agents: https://vestauth.com
🔍 [MONITOR] DevTools monitor activo


🚀 === STRESS TEST - DIAGNÓSTICOS DEL PACIENTE ===

📋 Navegando a /Pacientes...
❌ [REQUEST FAILED +0.86s] https://www.google-analytics.com/g/collect?v=2&tid=G-ZVKJ9CWYCW&gtm=45je67t1v9248896219za200zd9248896219&_p=1785527543151&gcd=13l3l3l3l1l1&npa=0&dma=0&_eu=AAAAAAQ&are=1&cid=456299221.1785527536&frm=0&ngs=1&pscdl=noapi&rcb=6&sr=1536x960&uaa=x86&uab=64&uafvl=Chromium%3B145.0.7632.6%7CNot%253AA-Brand%3B99.0.0.0&uam=&uamb=0&uap=Windows&uapv=10.0&uaw=0&ul=en-us&_s=1&tag_exp=115938466~115938469~118897920~118897930~119896803&sid=1785527536&sct=1&seg=1&dl=https%3A%2F%2Fadmin-dev.mediplanner.mx%2FPacientes&dt=Mediplanner&en=page_view&_ee=1&tfd=610 — net::ERR_ABORTED
❌ [REQUEST FAILED +2.15s] https://mediplanner-atencion.zendesk.com/frontendevents/pv?client=1B752747-577B-429A-A0E0-83861AF69088 — net::ERR_ABORTED
📋 Buscando paciente: Daniela Jiménez Durán...
📋 ⚠ Paciente no encontrado, seleccionando primero...
📤 [API REQUEST    +4.53s] POST https://admin-dev.mediplanner.mx/api/permissions/getPermissions
📤 [API REQUEST    +4.53s] GET https://admin-dev.mediplanner.mx/api/profile/getProfile
📤 [API REQUEST    +4.93s] POST https://admin-dev.mediplanner.mx/api/patients/getPatients
✅ [API RESPONSE   +4.97s] (441ms) 200 https://admin-dev.mediplanner.mx/api/profile/getProfile → {"status":"OK","data":{"id":467,"sNombre":"Walter","sPaterno":"Hartwell","sMaterno":"White","sCorreo":"dpichardo@rym-sol
✅ [API RESPONSE   +4.98s] (450ms) 200 https://admin-dev.mediplanner.mx/api/permissions/getPermissions → {"status":"OK","data":[{"id":1,"name":"Consultar","module":"Usuarios","module_id":1,"active":false},{"id":2,"name":"Crea
✅ [API RESPONSE   +5.67s] (738ms) 200 https://admin-dev.mediplanner.mx/api/patients/getPatients → {"status":"OK","data":{"patients":[{"id":903,"iUsuarioDrId":467,"sImagen":"","sNombre":"Percentil","sPaterno":"Prueba","
❌ [REQUEST FAILED +5.72s] https://www.google-analytics.com/g/collect?v=2&tid=G-ZVKJ9CWYCW&gtm=45je67t1v9248896219za200zd9248896219&_p=1785527543151&gcd=13l3l3l3l1l1&npa=0&dma=0&_eu=AEAAAAQ&ae=a&are=1&cid=456299221.1785527536&frm=0&ngs=1&pscdl=noapi&rcb=6&sr=1536x960&uaa=x86&uab=64&uafvl=Chromium%3B145.0.7632.6%7CNot%253AA-Brand%3B99.0.0.0&uam=&uamb=0&uap=Windows&uapv=10.0&uaw=0&ul=en-us&_s=2&tag_exp=115938466~115938469~118897920~118897930~119896803&sid=1785527536&sct=1&seg=1&dl=https%3A%2F%2Fadmin-dev.mediplanner.mx%2FPacientes&dt=Mediplanner&en=scroll&epn.percent_scrolled=90&_et=4&tfd=5624 — net::ERR_ABORTED
  x  2 [stress-diagnosticos] › tests\stress tests\diagnosticos.stress.test.ts:539:7 › Diagnósticos del Paciente - Stress Tests › Stress Test Diagnósticos (19.7s)


  1) [stress-diagnosticos] › tests\stress tests\diagnosticos.stress.test.ts:539:7 › Diagnósticos del Paciente - Stress Tests › Stress Test Diagnósticos 

    TimeoutError: locator.click: Timeout 15000ms exceeded.
    Call log:
    [2m  - waiting for locator('a.font-semibold, a[class*="patient"], tr td a, [class*="nombre"] a, a[href*="Paciente"]').first()[22m


      587 |     if (!selectedPatient) {
      588 |       console.log(`📋 ⚠ Paciente no encontrado, seleccionando primero...`);
    > 589 |       await patientLinks.first().click();
          |                                  ^
      590 |     }
      591 |
      592 |     await page.waitForTimeout(3000);
        at C:\Users\pandr\OneDrive\00_Pedro_Quijada\03_RYM-Solutions\Repositorios\MediplannerWebNuevo\tests\stress tests\diagnosticos.stress.test.ts:589:34

    attachment #1: screenshot (image/png) ──────────────────────────────────────────────────────────
    test-results\stress tests-diagnosticos.-f28f4-ts-Stress-Test-Diagnósticos-stress-diagnosticos\test-failed-1.png
    ────────────────────────────────────────────────────────────────────────────────────────────────

    Error Context: test-results\stress tests-diagnosticos.-f28f4-ts-Stress-Test-Diagnósticos-stress-diagnosticos\error-context.md

  1 failed
    [stress-diagnosticos] › tests\stress tests\diagnosticos.stress.test.ts:539:7 › Diagnósticos del Paciente - Stress Tests › Stress Test Diagnósticos 
  1 passed (28.9s)
=== FIN PROYECTO vuelta=1 proyecto=stress-diagnosticos exit=1 13:52:42 ===
=== INICIO PROYECTO vuelta=1 proyecto=doctor-consultation 13:52:42 ===
[dotenv@17.3.1] injecting env (4) from .env -- tip: ⚡️ secrets for agents: https://dotenvx.com/as2

Running 2 tests using 1 worker

[dotenv@17.3.1] injecting env (0) from .env -- tip: ⚡️ secrets for agents: https://dotenvx.com/as2
🔐 Iniciando proceso de autenticación...
🌐 URL base: https://admin-dev.mediplanner.mx/
📧 Email: dr.***@gmail.com
✅ Navegación exitosa a la página principal
⏳ Esperando formulario de login...
✅ Formulario de login detectado
✅ Campo email llenado
✅ Campo contraseña llenado
✅ Botón de login clickeado
✅ Página principal cargada
✅ Autenticación exitosa - Redirigido fuera de login
✅ Sesión guardada en storageState.json
  ok 1 [setup] › tests\auth.setup.ts:7:6 › authenticate (6.2s)
[dotenv@17.3.1] injecting env (0) from .env -- tip: 🔐 prevent building .env in docker: https://dotenvx.com/prebuild
🔍 [MONITOR] DevTools monitor activo — capturando consola y red...

🎯 Paciente objetivo: "Percentil Prueba Prueba" — set #1 (peso=13 talla=92 perímetro=48)
📅 Creando cita para "Percentil Prueba Prueba"...
[2026-07-31T19:52:57.497Z] ℹ️  Explorando próximos 5 días para registrar una cita...
[2026-07-31T19:52:57.498Z] ℹ️  Paciente objetivo de la cita: "Percentil"
❌ [REQUEST FAILED +1.03s] https://www.google-analytics.com/g/collect?v=2&tid=G-ZVKJ9CWYCW&gtm=45je67t1v9248896219za200zd9248896219&_p=1785527577964&gcd=13l3l3l3l1l1&npa=0&dma=0&_eu=AAAAAAQ&are=1&cid=871357634.1785527570&frm=0&ngs=1&pscdl=noapi&rcb=10&sr=1536x960&uaa=x86&uab=64&uafvl=Chromium%3B145.0.7632.6%7CNot%253AA-Brand%3B99.0.0.0&uam=&uamb=0&uap=Windows&uapv=10.0&uaw=0&ul=en-us&_s=1&tag_exp=115938465~115938469~118395335~118897920~118897930~119896802~120222307&sid=1785527570&sct=1&seg=1&dl=https%3A%2F%2Fadmin-dev.mediplanner.mx%2FCitas&dt=Mediplanner&en=page_view&_ee=1&tfd=828 — net::ERR_ABORTED
❌ [REQUEST FAILED +2.98s] https://mediplanner-atencion.zendesk.com/frontendevents/pv?client=1B752747-577B-429A-A0E0-83861AF69088 — net::ERR_ABORTED
❌ [REQUEST FAILED +5.92s] https://www.google-analytics.com/g/collect?v=2&tid=G-ZVKJ9CWYCW&gtm=45je67t1v9248896219za200zd9248896219&_p=1785527577964&gcd=13l3l3l3l1l1&npa=0&dma=0&_eu=AEAAAAQ&ae=a&are=1&cid=871357634.1785527570&frm=0&ngs=1&pscdl=noapi&rcb=10&sr=1536x960&uaa=x86&uab=64&uafvl=Chromium%3B145.0.7632.6%7CNot%253AA-Brand%3B99.0.0.0&uam=&uamb=0&uap=Windows&uapv=10.0&uaw=0&ul=en-us&_s=2&tag_exp=115938465~115938469~118395335~118897920~118897930~119896802~120222307&sid=1785527570&sct=1&seg=1&dl=https%3A%2F%2Fadmin-dev.mediplanner.mx%2FCitas&dt=Mediplanner&en=scroll&epn.percent_scrolled=90&_et=5&tfd=5832 — net::ERR_ABORTED
📤 [API REQUEST    +10.03s] POST https://admin-dev.mediplanner.mx/api/permissions/getPermissions
📤 [API REQUEST    +10.03s] GET https://admin-dev.mediplanner.mx/api/profile/getProfile
📤 [API REQUEST    +10.47s] POST https://admin-dev.mediplanner.mx/api/appointments/getFilteredAppointments
✅ [API RESPONSE   +10.49s] (456ms) 200 https://admin-dev.mediplanner.mx/api/permissions/getPermissions → {"status":"OK","data":[{"id":1,"name":"Consultar","module":"Usuarios","module_id":1,"active":false},{"id":2,"name":"Crea
✅ [API RESPONSE   +10.49s] (462ms) 200 https://admin-dev.mediplanner.mx/api/profile/getProfile → {"status":"OK","data":{"id":467,"sNombre":"Walter","sPaterno":"Hartwell","sMaterno":"White","sCorreo":"dpichardo@rym-sol
✅ [API RESPONSE   +11.64s] (1172ms) 200 https://admin-dev.mediplanner.mx/api/appointments/getFilteredAppointments → {"status":"OK","data":[{"title":"Consulta inicial","doctor_id":467,"doctor_name":"Dr.Walter Hartwell White","doctor_img"
[2026-07-31T19:53:11.698Z] ℹ️  Buscando botón "Agendar cita"...
❌ [REQUEST FAILED +14.51s] https://mediplanner-atencion.zendesk.com/frontendevents/pv?client=1B752747-577B-429A-A0E0-83861AF69088 — net::ERR_ABORTED
🔴 [DEVTOOLS ERROR +14.77s] data-stepper-next not found
📤 [API REQUEST    +14.77s] POST https://admin-dev.mediplanner.mx/api/patients/getPatients
📤 [API REQUEST    +14.77s] POST https://admin-dev.mediplanner.mx/api/appointments/getAppointmentTypes
[2026-07-31T19:53:12.271Z] ℹ️  Comboboxes en wizard: 1
✅ [API RESPONSE   +15.10s] (326ms) 200 https://admin-dev.mediplanner.mx/api/appointments/getAppointmentTypes → {"status":"OK","data":[{"doctor_id":467,"relacion_id":1,"cita_nombre":"Consulta inicial","duracion":5,"producto_id":0,"u
✅ [API RESPONSE   +15.43s] (658ms) 200 https://admin-dev.mediplanner.mx/api/patients/getPatients → {"status":"OK","data":{"patients":[{"id":903,"iUsuarioDrId":467,"sImagen":"","sNombre":"Percentil","sPaterno":"Prueba","
📤 [API REQUEST    +15.68s] POST https://admin-dev.mediplanner.mx/api/patients/getPatients
[2026-07-31T19:53:13.222Z] ℹ️  Buscando: "Percentil" (intento 1/5)...
✅ [API RESPONSE   +16.12s] (445ms) 200 https://admin-dev.mediplanner.mx/api/patients/getPatients → {"status":"OK","data":{"patients":[{"id":903,"iUsuarioDrId":467,"sImagen":"","sNombre":"Percentil","sPaterno":"Prueba","
[2026-07-31T19:53:15.251Z] ℹ️  Opciones encontradas: 1
[2026-07-31T19:53:15.392Z] ✅ Opción seleccionada (coincide "Percentil"): "Percentil Prueba Prueba"
❌ [REQUEST FAILED +20.43s] https://www.google-analytics.com/g/collect?v=2&tid=G-ZVKJ9CWYCW&gtm=45je67t1v9248896219za200zd9248896219&_p=1785527577964&gcd=13l3l3l3l1l1&npa=0&dma=0&_eu=AEAAAAQ&ae=a&are=1&cid=871357634.1785527570&frm=0&ngs=1&pscdl=noapi&rcb=10&sr=1536x960&uaa=x86&uab=64&uafvl=Chromium%3B145.0.7632.6%7CNot%253AA-Brand%3B99.0.0.0&uam=&uamb=0&uap=Windows&uapv=10.0&uaw=0&ul=en-us&_s=3&tag_exp=115938465~115938469~118395335~118897920~118897930~119896802~120222307&dl=https%3A%2F%2Fadmin-dev.mediplanner.mx%2FCitas%2FCrearCita&dr=https%3A%2F%2Fadmin-dev.mediplanner.mx%2FCitas&sid=1785527570&sct=1&seg=1&dt=Mediplanner&en=page_view&_et=14464&tfd=20312 — net::ERR_ABORTED
[2026-07-31T19:53:18.591Z] ℹ️  Selects en paso 2: 2
[2026-07-31T19:53:18.602Z] ℹ️  Opciones tipo consulta: 4
[2026-07-31T19:53:20.196Z] ℹ️  Opciones hospital: 6
[2026-07-31T19:53:21.393Z] ℹ️  Buscando input de fecha...
[2026-07-31T19:53:23.420Z] ✅ Input de fecha encontrado con selector: input[type="date"]
[2026-07-31T19:53:23.431Z] ℹ️  Intentando registrar cita en: 2026-07-31
📤 [API REQUEST    +25.97s] POST https://admin-dev.mediplanner.mx/api/appointments/getFreeSchedules
✅ [API RESPONSE   +26.75s] (774ms) 200 https://admin-dev.mediplanner.mx/api/appointments/getFreeSchedules → {"status":"OK","data":[]}
[2026-07-31T19:53:25.548Z] ⚠️  No hay horas disponibles en 2026-07-31
[2026-07-31T19:53:25.549Z] ℹ️  Intentando registrar cita en: 2026-08-01
📤 [API REQUEST    +28.09s] POST https://admin-dev.mediplanner.mx/api/appointments/getFreeSchedules
✅ [API RESPONSE   +28.54s] (447ms) 200 https://admin-dev.mediplanner.mx/api/appointments/getFreeSchedules → {"status":"OK","data":[]}
[2026-07-31T19:53:27.655Z] ⚠️  No hay horas disponibles en 2026-08-01
[2026-07-31T19:53:27.655Z] ℹ️  Intentando registrar cita en: 2026-08-02
📤 [API REQUEST    +30.20s] POST https://admin-dev.mediplanner.mx/api/appointments/getFreeSchedules
✅ [API RESPONSE   +30.58s] (386ms) 200 https://admin-dev.mediplanner.mx/api/appointments/getFreeSchedules → {"status":"OK","data":[]}
[2026-07-31T19:53:29.782Z] ⚠️  No hay horas disponibles en 2026-08-02
[2026-07-31T19:53:29.782Z] ℹ️  Intentando registrar cita en: 2026-08-03
📤 [API REQUEST    +32.32s] POST https://admin-dev.mediplanner.mx/api/appointments/getFreeSchedules
✅ [API RESPONSE   +33.15s] (827ms) 200 https://admin-dev.mediplanner.mx/api/appointments/getFreeSchedules → {"status":"OK","data":[{"hora_inicio":"09:40:00","hora_fin":"09:45:00"},{"hora_inicio":"09:45:00","hora_fin":"09:50:00"}
[2026-07-31T19:53:31.899Z] ✅ Horas disponibles en 2026-08-03: 200
[2026-07-31T19:53:31.925Z] ℹ️  Intentando seleccionar hora: 09:40
[2026-07-31T19:53:33.074Z] ✅ Hora seleccionada exitosamente
📤 [API REQUEST    +36.88s] POST https://admin-dev.mediplanner.mx/api/appointments/createAppointment
✅ [API RESPONSE   +39.30s] (2414ms) 200 https://admin-dev.mediplanner.mx/api/appointments/createAppointment → {"status":"OK","data":{"relacion_id":598,"message":"Cita creada correctamente"}}
[2026-07-31T19:53:37.380Z] ✅ Cita registrada exitosamente en 2026-08-03
🏠 Volviendo a Dashboard para iniciar SU cita...
❌ [REQUEST FAILED +40.04s] https://mediplanner-atencion.zendesk.com/frontendevents/dl?client=1B752747-577B-429A-A0E0-83861AF69088 — net::ERR_ABORTED
❌ [REQUEST FAILED +40.04s] https://www.google-analytics.com/g/collect?v=2&tid=G-ZVKJ9CWYCW&gtm=45je67t1v9248896219za200zd9248896219&_p=1785527577964&gcd=13l3l3l3l1l1&npa=0&dma=0&_eu=AAAAAAQ&are=1&cid=871357634.1785527570&frm=0&ngs=1&pscdl=noapi&rcb=10&sr=1536x960&uaa=x86&uab=64&uafvl=Chromium%3B145.0.7632.6%7CNot%253AA-Brand%3B99.0.0.0&uam=&uamb=0&uap=Windows&uapv=10.0&uaw=0&ul=en-us&_s=4&tag_exp=115938465~115938469~118395335~118897920~118897930~119896802~120222307&sid=1785527570&sct=1&seg=1&dl=https%3A%2F%2Fadmin-dev.mediplanner.mx%2FCitas%2FCrearCita&dr=https%3A%2F%2Fadmin-dev.mediplanner.mx%2FCitas&dt=Mediplanner&en=user_engagement&_et=24699&tfd=39999 — net::ERR_ABORTED
❌ [REQUEST FAILED +40.04s] https://p.clarity.ms/collect — net::ERR_ABORTED
❌ [REQUEST FAILED +40.42s] https://mediplanner-atencion.zendesk.com/frontendevents/pv?client=1B752747-577B-429A-A0E0-83861AF69088 — net::ERR_ABORTED
❌ [REQUEST FAILED +40.54s] https://www.google-analytics.com/g/collect?v=2&tid=G-ZVKJ9CWYCW&gtm=45je67t1v9248896219za200zd9248896219&_p=1785527617610&gcd=13l3l3l3l1l1&npa=0&dma=0&_eu=AAAAAAQ&are=1&cid=871357634.1785527570&frm=0&ngs=1&pscdl=noapi&rcb=14&sr=1536x960&uaa=x86&uab=64&uafvl=Chromium%3B145.0.7632.6%7CNot%253AA-Brand%3B99.0.0.0&uam=&uamb=0&uap=Windows&uapv=10.0&uaw=0&ul=en-us&_s=1&tag_exp=115616985~115938466~115938469~118395334~118897920~118897930~119896803~120222307&sid=1785527570&sct=1&seg=1&dl=https%3A%2F%2Fadmin-dev.mediplanner.mx%2FDashboard&dt=Mediplanner&en=page_view&_ee=1&tfd=511 — net::ERR_ABORTED
📤 [API REQUEST    +40.68s] POST https://admin-dev.mediplanner.mx/api/permissions/getPermissions
📤 [API REQUEST    +40.68s] GET https://admin-dev.mediplanner.mx/api/profile/getProfile
✅ [API RESPONSE   +41.03s] (347ms) 200 https://admin-dev.mediplanner.mx/api/permissions/getPermissions → {"status":"OK","data":[{"id":1,"name":"Consultar","module":"Usuarios","module_id":1,"active":false},{"id":2,"name":"Crea
📤 [API REQUEST    +41.08s] POST https://admin-dev.mediplanner.mx/api/appointments/getFilteredAppointments
📤 [API REQUEST    +41.08s] POST https://admin-dev.mediplanner.mx/api/dashboard/getDashboardData
📤 [API REQUEST    +41.09s] POST https://admin-dev.mediplanner.mx/api/procedures/getLastProceduresFilesByDoctorId
📤 [API REQUEST    +41.09s] POST https://admin-dev.mediplanner.mx/api/dashboard/getDashboardPayments
📤 [API REQUEST    +41.09s] POST https://admin-dev.mediplanner.mx/api/wizard/getActiveStep
📤 [API REQUEST    +41.11s] POST https://admin-dev.mediplanner.mx/api/appointments/getAppointmentCount
✅ [API RESPONSE   +41.15s] (465ms) 200 https://admin-dev.mediplanner.mx/api/profile/getProfile → {"status":"OK","data":{"id":467,"sNombre":"Walter","sPaterno":"Hartwell","sMaterno":"White","sCorreo":"dpichardo@rym-sol
✅ [API RESPONSE   +41.65s] (566ms) 200 https://admin-dev.mediplanner.mx/api/appointments/getFilteredAppointments → {"status":"OK","data":[]}
✅ [API RESPONSE   +41.66s] (579ms) 200 https://admin-dev.mediplanner.mx/api/wizard/getActiveStep → {"status":"OK","data":{"activeStep":5,"date":"2026-07-31 13:51:49"}}
✅ [API RESPONSE   +41.69s] (576ms) 200 https://admin-dev.mediplanner.mx/api/appointments/getAppointmentCount → {"status":"OK","data":[{"date":"2026-07-01","count":0},{"date":"2026-07-02","count":0},{"date":"2026-07-03","count":0},{
✅ [API RESPONSE   +41.69s] (606ms) 200 https://admin-dev.mediplanner.mx/api/procedures/getLastProceduresFilesByDoctorId → {"status":"OK","data":{"procedimientos":[{"paciente_id":894,"paciente_nombre":"Agustin Tapia Nievas","procedimiento_id":
✅ [API RESPONSE   +41.77s] (690ms) 200 https://admin-dev.mediplanner.mx/api/dashboard/getDashboardData → {"status":"OK","data":{"monthConsultations":{"count":66,"percentage":0},"recurring":{"count":15,"percentage":650},"patie
✅ [API RESPONSE   +42.06s] (971ms) 200 https://admin-dev.mediplanner.mx/api/dashboard/getDashboardPayments → {"status":"OK","data":{"grafica_actual":[{"etiqueta":"Viernes","total_pagos":0,"monto":0}],"grafica_anterior":[{"etiquet
❌ [REQUEST FAILED +42.42s] https://mediplanner-atencion.zendesk.com/frontendevents/pv?client=1B752747-577B-429A-A0E0-83861AF69088 — net::ERR_ABORTED
[2026-07-31T19:53:40.362Z] ℹ️  Buscando botón Iniciar para "Percentil" en los próximos 5 días...
❌ [REQUEST FAILED +43.01s] https://mediplanner-atencion.zendesk.com/embeddable/config — net::ERR_ABORTED
❌ [REQUEST FAILED +43.01s] https://www.google-analytics.com/g/collect?v=2&tid=G-ZVKJ9CWYCW&gtm=45je67t1v9248896219za200zd9248896219&_p=1785527617610&gcd=13l3l3l3l1l1&npa=0&dma=0&_eu=AEAAAAQ&ae=a&are=1&cid=871357634.1785527570&frm=0&ngs=1&pscdl=noapi&rcb=14&sr=1536x960&uaa=x86&uab=64&uafvl=Chromium%3B145.0.7632.6%7CNot%253AA-Brand%3B99.0.0.0&uam=&uamb=0&uap=Windows&uapv=10.0&uaw=0&ul=en-us&tag_exp=115616985~115938466~115938469~118395334~118897920~118897930~119896803~120222307&sid=1785527570&sct=1&seg=1&dl=https%3A%2F%2Fadmin-dev.mediplanner.mx%2FDashboard&dt=Mediplanner&_s=2&tfd=3083 — net::ERR_ABORTED
❌ [REQUEST FAILED +43.01s] https://admin-dev.mediplanner.mx/assets/index-DaRNjsiQ.js — net::ERR_ABORTED
❌ [REQUEST FAILED +43.01s] https://p.clarity.ms/collect — net::ERR_ABORTED
📤 [API REQUEST    +43.33s] POST https://admin-dev.mediplanner.mx/api/permissions/getPermissions
📤 [API REQUEST    +43.33s] GET https://admin-dev.mediplanner.mx/api/profile/getProfile
📤 [API REQUEST    +43.33s] POST https://admin-dev.mediplanner.mx/api/appointments/getFilteredAppointments
📤 [API REQUEST    +43.33s] POST https://admin-dev.mediplanner.mx/api/dashboard/getDashboardData
📤 [API REQUEST    +43.33s] POST https://admin-dev.mediplanner.mx/api/procedures/getLastProceduresFilesByDoctorId
📤 [API REQUEST    +43.33s] POST https://admin-dev.mediplanner.mx/api/dashboard/getDashboardPayments
📤 [API REQUEST    +43.34s] POST https://admin-dev.mediplanner.mx/api/appointments/getAppointmentCount
❌ [REQUEST FAILED +43.41s] https://mediplanner-atencion.zendesk.com/embeddable/config — net::ERR_ABORTED
❌ [REQUEST FAILED +43.41s] https://mediplanner-atencion.zendesk.com/frontendevents/pv?client=1B752747-577B-429A-A0E0-83861AF69088 — net::ERR_ABORTED
[2026-07-31T19:53:41.001Z] ⚠️  Calendario del Dashboard no renderizó (intento 1/3), recargando...
❌ [REQUEST FAILED +43.71s] https://p.clarity.ms/collect — net::ERR_ABORTED
❌ [REQUEST FAILED +43.71s] https://admin-dev.mediplanner.mx/api/appointments/getFilteredAppointments — net::ERR_ABORTED
❌ [REQUEST FAILED +43.71s] https://admin-dev.mediplanner.mx/api/dashboard/getDashboardPayments — net::ERR_ABORTED
❌ [REQUEST FAILED +43.71s] https://admin-dev.mediplanner.mx/api/dashboard/getDashboardData — net::ERR_ABORTED
❌ [REQUEST FAILED +43.71s] https://admin-dev.mediplanner.mx/api/profile/getProfile — net::ERR_ABORTED
❌ [REQUEST FAILED +43.72s] https://admin-dev.mediplanner.mx/api/procedures/getLastProceduresFilesByDoctorId — net::ERR_ABORTED
❌ [REQUEST FAILED +43.72s] https://www.google-analytics.com/g/collect?v=2&tid=G-ZVKJ9CWYCW&gtm=45je67t1v9248896219za200zd9248896219&_p=1785527620616&gcd=13l3l3l3l1l1&npa=0&dma=0&_eu=AAAAAAQ&are=1&cid=871357634.1785527570&frm=0&ngs=1&pscdl=noapi&rcb=10&sr=1536x960&uaa=x86&uab=64&uafvl=Chromium%3B145.0.7632.6%7CNot%253AA-Brand%3B99.0.0.0&uam=&uamb=0&uap=Windows&uapv=10.0&uaw=0&ul=en-us&_s=1&tag_exp=115938466~115938468~118897920~118897930~119896803&sid=1785527570&sct=1&seg=1&dl=https%3A%2F%2Fadmin-dev.mediplanner.mx%2FDashboard&dt=Mediplanner&en=page_view&_ee=1&tfd=811 — net::ERR_ABORTED
❌ [REQUEST FAILED +43.72s] https://admin-dev.mediplanner.mx/api/permissions/getPermissions — net::ERR_ABORTED
❌ [REQUEST FAILED +43.72s] https://admin-dev.mediplanner.mx/api/appointments/getAppointmentCount — net::ERR_ABORTED
❌ [REQUEST FAILED +44.22s] https://www.google-analytics.com/g/collect?v=2&tid=G-ZVKJ9CWYCW&gtm=45je67t1v9248896219za200zd9248896219&_p=1785527621541&gcd=13l3l3l3l1l1&npa=0&dma=0&_eu=AAAAAAQ&are=1&cid=871357634.1785527570&frm=0&ngs=1&pscdl=noapi&rcb=19&sr=1536x960&uaa=x86&uab=64&uafvl=Chromium%3B145.0.7632.6%7CNot%253AA-Brand%3B99.0.0.0&uam=&uamb=0&uap=Windows&uapv=10.0&uaw=0&ul=en-us&_s=1&tag_exp=115616986~115938465~115938469~118897920~118897930~119793972~119896802&sid=1785527570&sct=1&seg=1&dl=https%3A%2F%2Fadmin-dev.mediplanner.mx%2FDashboard&dt=Mediplanner&en=page_view&_ee=1&tfd=605 — net::ERR_ABORTED
📤 [API REQUEST    +44.35s] POST https://admin-dev.mediplanner.mx/api/permissions/getPermissions
📤 [API REQUEST    +44.35s] GET https://admin-dev.mediplanner.mx/api/profile/getProfile
📤 [API REQUEST    +44.35s] POST https://admin-dev.mediplanner.mx/api/appointments/getFilteredAppointments
📤 [API REQUEST    +44.35s] POST https://admin-dev.mediplanner.mx/api/dashboard/getDashboardData
📤 [API REQUEST    +44.35s] POST https://admin-dev.mediplanner.mx/api/procedures/getLastProceduresFilesByDoctorId
📤 [API REQUEST    +44.35s] POST https://admin-dev.mediplanner.mx/api/dashboard/getDashboardPayments
❌ [REQUEST FAILED +44.37s] https://mediplanner-atencion.zendesk.com/frontendevents/pv?client=1B752747-577B-429A-A0E0-83861AF69088 — net::ERR_ABORTED
📤 [API REQUEST    +44.37s] POST https://admin-dev.mediplanner.mx/api/appointments/getAppointmentCount
✅ [API RESPONSE   +44.73s] (383ms) 200 https://admin-dev.mediplanner.mx/api/permissions/getPermissions → {"status":"OK","data":[{"id":1,"name":"Consultar","module":"Usuarios","module_id":1,"active":false},{"id":2,"name":"Crea
✅ [API RESPONSE   +44.83s] (478ms) 200 https://admin-dev.mediplanner.mx/api/profile/getProfile → {"status":"OK","data":{"id":467,"sNombre":"Walter","sPaterno":"Hartwell","sMaterno":"White","sCorreo":"dpichardo@rym-sol
✅ [API RESPONSE   +45.09s] (729ms) 200 https://admin-dev.mediplanner.mx/api/appointments/getAppointmentCount → {"status":"OK","data":[{"date":"2026-07-01","count":0},{"date":"2026-07-02","count":0},{"date":"2026-07-03","count":0},{
✅ [API RESPONSE   +45.10s] (753ms) 200 https://admin-dev.mediplanner.mx/api/procedures/getLastProceduresFilesByDoctorId → {"status":"OK","data":{"procedimientos":[{"paciente_id":894,"paciente_nombre":"Agustin Tapia Nievas","procedimiento_id":
✅ [API RESPONSE   +45.23s] (884ms) 200 https://admin-dev.mediplanner.mx/api/dashboard/getDashboardData → {"status":"OK","data":{"monthConsultations":{"count":66,"percentage":0},"recurring":{"count":15,"percentage":650},"patie
✅ [API RESPONSE   +45.36s] (1015ms) 200 https://admin-dev.mediplanner.mx/api/dashboard/getDashboardPayments → {"status":"OK","data":{"grafica_actual":[{"etiqueta":"Viernes","total_pagos":0,"monto":0}],"grafica_anterior":[{"etiquet
✅ [API RESPONSE   +45.38s] (1029ms) 200 https://admin-dev.mediplanner.mx/api/appointments/getFilteredAppointments → {"status":"OK","data":[]}
[2026-07-31T19:53:43.301Z] ⚠️  Calendario del Dashboard no renderizó (intento 2/3), recargando...
❌ [REQUEST FAILED +45.99s] https://p.clarity.ms/collect — net::ERR_ABORTED
❌ [REQUEST FAILED +45.99s] https://www.google-analytics.com/g/collect?v=2&tid=G-ZVKJ9CWYCW&gtm=45je67t1v9248896219za200zd9248896219&_p=1785527621541&gcd=13l3l3l3l1l1&npa=0&dma=0&_eu=AEAAAAQ&ae=a&are=1&cid=871357634.1785527570&frm=0&ngs=1&pscdl=noapi&rcb=19&sr=1536x960&uaa=x86&uab=64&uafvl=Chromium%3B145.0.7632.6%7CNot%253AA-Brand%3B99.0.0.0&uam=&uamb=0&uap=Windows&uapv=10.0&uaw=0&ul=en-us&_s=2&tag_exp=115616986~115938465~115938469~118897920~118897930~119793972~119896802&sid=1785527570&sct=1&seg=1&dl=https%3A%2F%2Fadmin-dev.mediplanner.mx%2FDashboard&dt=Mediplanner&en=scroll&epn.percent_scrolled=90&_et=17&tfd=2432 — net::ERR_ABORTED
❌ [REQUEST FAILED +45.99s] https://www.google-analytics.com/g/collect?v=2&tid=G-ZVKJ9CWYCW&gtm=45je67t1v9248896219za200zd9248896219&_p=1785527621541&gcd=13l3l3l3l1l1&npa=0&dma=0&_eu=AAAAAAQ&are=1&cid=871357634.1785527570&frm=0&ngs=1&pscdl=noapi&rcb=19&sr=1536x960&uaa=x86&uab=64&uafvl=Chromium%3B145.0.7632.6%7CNot%253AA-Brand%3B99.0.0.0&uam=&uamb=0&uap=Windows&uapv=10.0&uaw=0&ul=en-us&_s=3&tag_exp=115616986~115938465~115938469~118897920~118897930~119793972~119896802&sid=1785527570&sct=1&seg=1&dl=https%3A%2F%2Fadmin-dev.mediplanner.mx%2FDashboard&dt=Mediplanner&en=user_engagement&_et=1823&tfd=2432 — net::ERR_ABORTED
❌ [REQUEST FAILED +46.32s] https://www.google-analytics.com/g/collect?v=2&tid=G-ZVKJ9CWYCW&gtm=45je67t1v9248896219za200zd9248896219&_p=1785527623581&gcd=13l3l3l3l1l1&npa=0&dma=0&_eu=AAAAAAQ&are=1&cid=871357634.1785527570&frm=0&ngs=1&pscdl=noapi&rcb=12&sr=1536x960&uaa=x86&uab=64&uafvl=Chromium%3B145.0.7632.6%7CNot%253AA-Brand%3B99.0.0.0&uam=&uamb=0&uap=Windows&uapv=10.0&uaw=0&ul=en-us&_s=1&tag_exp=115616985~115938466~115938468~118897920~118897930~119896802&sid=1785527570&sct=1&seg=1&dl=https%3A%2F%2Fadmin-dev.mediplanner.mx%2FDashboard&dt=Mediplanner&en=page_view&_ee=1&tfd=335 — net::ERR_ABORTED
📤 [API REQUEST    +46.37s] POST https://admin-dev.mediplanner.mx/api/permissions/getPermissions
📤 [API REQUEST    +46.37s] GET https://admin-dev.mediplanner.mx/api/profile/getProfile
📤 [API REQUEST    +46.37s] POST https://admin-dev.mediplanner.mx/api/appointments/getFilteredAppointments
📤 [API REQUEST    +46.37s] POST https://admin-dev.mediplanner.mx/api/dashboard/getDashboardData
📤 [API REQUEST    +46.37s] POST https://admin-dev.mediplanner.mx/api/procedures/getLastProceduresFilesByDoctorId
📤 [API REQUEST    +46.37s] POST https://admin-dev.mediplanner.mx/api/dashboard/getDashboardPayments
📤 [API REQUEST    +46.39s] POST https://admin-dev.mediplanner.mx/api/appointments/getAppointmentCount
❌ [REQUEST FAILED +46.44s] https://mediplanner-atencion.zendesk.com/frontendevents/pv?client=1B752747-577B-429A-A0E0-83861AF69088 — net::ERR_ABORTED
✅ [API RESPONSE   +47.09s] (715ms) 200 https://admin-dev.mediplanner.mx/api/procedures/getLastProceduresFilesByDoctorId → {"status":"OK","data":{"procedimientos":[{"paciente_id":894,"paciente_nombre":"Agustin Tapia Nievas","procedimiento_id":
✅ [API RESPONSE   +47.09s] (721ms) 200 https://admin-dev.mediplanner.mx/api/appointments/getFilteredAppointments → {"status":"OK","data":[]}
✅ [API RESPONSE   +47.14s] (770ms) 200 https://admin-dev.mediplanner.mx/api/permissions/getPermissions → {"status":"OK","data":[{"id":1,"name":"Consultar","module":"Usuarios","module_id":1,"active":false},{"id":2,"name":"Crea
✅ [API RESPONSE   +47.14s] (771ms) 200 https://admin-dev.mediplanner.mx/api/dashboard/getDashboardData → {"status":"OK","data":{"monthConsultations":{"count":66,"percentage":0},"recurring":{"count":15,"percentage":650},"patie
✅ [API RESPONSE   +47.20s] (828ms) 200 https://admin-dev.mediplanner.mx/api/profile/getProfile → {"status":"OK","data":{"id":467,"sNombre":"Walter","sPaterno":"Hartwell","sMaterno":"White","sCorreo":"dpichardo@rym-sol
✅ [API RESPONSE   +47.27s] (896ms) 200 https://admin-dev.mediplanner.mx/api/dashboard/getDashboardPayments → {"status":"OK","data":{"grafica_actual":[{"etiqueta":"Viernes","total_pagos":0,"monto":0}],"grafica_anterior":[{"etiquet
✅ [API RESPONSE   +47.29s] (898ms) 200 https://admin-dev.mediplanner.mx/api/appointments/getAppointmentCount → {"status":"OK","data":[{"date":"2026-07-01","count":0},{"date":"2026-07-02","count":0},{"date":"2026-07-03","count":0},{
[2026-07-31T19:53:45.390Z] ⚠️  Calendario del Dashboard no renderizó (intento 3/3), recargando...
❌ [REQUEST FAILED +48.15s] https://www.google-analytics.com/g/collect?v=2&tid=G-ZVKJ9CWYCW&gtm=45je67t1v9248896219za200zd9248896219&_p=1785527623581&gcd=13l3l3l3l1l1&npa=0&dma=0&_eu=AEAAAAQ&ae=a&are=1&cid=871357634.1785527570&frm=0&ngs=1&pscdl=noapi&rcb=12&sr=1536x960&uaa=x86&uab=64&uafvl=Chromium%3B145.0.7632.6%7CNot%253AA-Brand%3B99.0.0.0&uam=&uamb=0&uap=Windows&uapv=10.0&uaw=0&ul=en-us&_s=2&tag_exp=115616985~115938466~115938468~118897920~118897930~119896802&sid=1785527570&sct=1&seg=1&dl=https%3A%2F%2Fadmin-dev.mediplanner.mx%2FDashboard&dt=Mediplanner&en=scroll&epn.percent_scrolled=90&_et=16&tfd=2312 — net::ERR_ABORTED
❌ [REQUEST FAILED +48.15s] https://www.google-analytics.com/g/collect?v=2&tid=G-ZVKJ9CWYCW&gtm=45je67t1v9248896219za200zd9248896219&_p=1785527623581&gcd=13l3l3l3l1l1&npa=0&dma=0&_eu=AAAAAAQ&are=1&cid=871357634.1785527570&frm=0&ngs=1&pscdl=noapi&rcb=12&sr=1536x960&uaa=x86&uab=64&uafvl=Chromium%3B145.0.7632.6%7CNot%253AA-Brand%3B99.0.0.0&uam=&uamb=0&uap=Windows&uapv=10.0&uaw=0&ul=en-us&_s=3&tag_exp=115616985~115938466~115938468~118897920~118897930~119896802&sid=1785527570&sct=1&seg=1&dl=https%3A%2F%2Fadmin-dev.mediplanner.mx%2FDashboard&dt=Mediplanner&en=user_engagement&_et=1974&tfd=2312 — net::ERR_ABORTED
❌ [REQUEST FAILED +48.15s] https://p.clarity.ms/collect — net::ERR_ABORTED
❌ [REQUEST FAILED +48.15s] https://p.clarity.ms/collect — net::ERR_ABORTED
❌ [REQUEST FAILED +48.47s] https://www.google-analytics.com/g/collect?v=2&tid=G-ZVKJ9CWYCW&gtm=45je67t1v9248896219za200zd9248896219&_p=1785527625766&gcd=13l3l3l3l1l1&npa=0&dma=0&_eu=AAAAAAQ&are=1&cid=871357634.1785527570&frm=0&ngs=1&pscdl=noapi&rcb=16&sr=1536x960&uaa=x86&uab=64&uafvl=Chromium%3B145.0.7632.6%7CNot%253AA-Brand%3B99.0.0.0&uam=&uamb=0&uap=Windows&uapv=10.0&uaw=0&ul=en-us&_s=1&tag_exp=115938466~115938468~118897920~118897930~119259606~119896802~120222307&sid=1785527570&sct=1&seg=1&dl=https%3A%2F%2Fadmin-dev.mediplanner.mx%2FDashboard&dt=Mediplanner&en=page_view&_ee=1&tfd=445 — net::ERR_ABORTED
📤 [API REQUEST    +48.52s] POST https://admin-dev.mediplanner.mx/api/permissions/getPermissions
📤 [API REQUEST    +48.52s] GET https://admin-dev.mediplanner.mx/api/profile/getProfile
📤 [API REQUEST    +48.52s] POST https://admin-dev.mediplanner.mx/api/appointments/getFilteredAppointments
📤 [API REQUEST    +48.52s] POST https://admin-dev.mediplanner.mx/api/dashboard/getDashboardData
📤 [API REQUEST    +48.52s] POST https://admin-dev.mediplanner.mx/api/procedures/getLastProceduresFilesByDoctorId
📤 [API REQUEST    +48.52s] POST https://admin-dev.mediplanner.mx/api/dashboard/getDashboardPayments
📤 [API REQUEST    +48.54s] POST https://admin-dev.mediplanner.mx/api/appointments/getAppointmentCount
❌ [REQUEST FAILED +48.58s] https://mediplanner-atencion.zendesk.com/frontendevents/pv?client=1B752747-577B-429A-A0E0-83861AF69088 — net::ERR_ABORTED
✅ [API RESPONSE   +49.14s] (621ms) 200 https://admin-dev.mediplanner.mx/api/procedures/getLastProceduresFilesByDoctorId → {"status":"OK","data":{"procedimientos":[{"paciente_id":894,"paciente_nombre":"Agustin Tapia Nievas","procedimiento_id":
✅ [API RESPONSE   +49.34s] (817ms) 200 https://admin-dev.mediplanner.mx/api/permissions/getPermissions → {"status":"OK","data":[{"id":1,"name":"Consultar","module":"Usuarios","module_id":1,"active":false},{"id":2,"name":"Crea
✅ [API RESPONSE   +49.40s] (865ms) 200 https://admin-dev.mediplanner.mx/api/appointments/getAppointmentCount → {"status":"OK","data":[{"date":"2026-07-01","count":0},{"date":"2026-07-02","count":0},{"date":"2026-07-03","count":0},{
✅ [API RESPONSE   +49.41s] (889ms) 200 https://admin-dev.mediplanner.mx/api/profile/getProfile → {"status":"OK","data":{"id":467,"sNombre":"Walter","sPaterno":"Hartwell","sMaterno":"White","sCorreo":"dpichardo@rym-sol
✅ [API RESPONSE   +49.43s] (911ms) 200 https://admin-dev.mediplanner.mx/api/dashboard/getDashboardData → {"status":"OK","data":{"monthConsultations":{"count":66,"percentage":0},"recurring":{"count":15,"percentage":650},"patie
✅ [API RESPONSE   +49.50s] (982ms) 200 https://admin-dev.mediplanner.mx/api/appointments/getFilteredAppointments → {"status":"OK","data":[]}
✅ [API RESPONSE   +49.84s] (1324ms) 200 https://admin-dev.mediplanner.mx/api/dashboard/getDashboardPayments → {"status":"OK","data":{"grafica_actual":[{"etiqueta":"Viernes","total_pagos":0,"monto":0}],"grafica_anterior":[{"etiquet
[2026-07-31T19:53:47.512Z] ⚠️  El calendario del Dashboard no llegó a renderizar (td[data-day])
📤 [API REQUEST    +50.12s] POST https://admin-dev.mediplanner.mx/api/appointments/getAppointmentCount
✅ [API RESPONSE   +50.47s] (345ms) 200 https://admin-dev.mediplanner.mx/api/appointments/getAppointmentCount → {"status":"OK","data":[{"date":"2026-08-01","count":1},{"date":"2026-08-02","count":0},{"date":"2026-08-03","count":9},{
📤 [API REQUEST    +50.79s] POST https://admin-dev.mediplanner.mx/api/appointments/getFilteredAppointments
✅ [API RESPONSE   +51.35s] (561ms) 200 https://admin-dev.mediplanner.mx/api/appointments/getFilteredAppointments → {"status":"OK","data":[{"title":"Consulta seguimiento.","doctor_id":467,"doctor_name":"Dr.Walter Hartwell White","doctor
📤 [API REQUEST    +52.46s] POST https://admin-dev.mediplanner.mx/api/appointments/getFilteredAppointments
✅ [API RESPONSE   +52.92s] (461ms) 200 https://admin-dev.mediplanner.mx/api/appointments/getFilteredAppointments → {"status":"OK","data":[]}
❌ [REQUEST FAILED +53.45s] https://www.google-analytics.com/g/collect?v=2&tid=G-ZVKJ9CWYCW&gtm=45je67t1v9248896219za200zd9248896219&_p=1785527625766&gcd=13l3l3l3l1l1&npa=0&dma=0&_eu=AEAAAAQ&ae=a&are=1&cid=871357634.1785527570&frm=0&ngs=1&pscdl=noapi&rcb=16&sr=1536x960&uaa=x86&uab=64&uafvl=Chromium%3B145.0.7632.6%7CNot%253AA-Brand%3B99.0.0.0&uam=&uamb=0&uap=Windows&uapv=10.0&uaw=0&ul=en-us&_s=2&tag_exp=115938466~115938468~118897920~118897930~119259606~119896802~120222307&sid=1785527570&sct=1&seg=1&dl=https%3A%2F%2Fadmin-dev.mediplanner.mx%2FDashboard&dt=Mediplanner&en=scroll&epn.percent_scrolled=90&_et=24&tfd=5454 — net::ERR_ABORTED
📤 [API REQUEST    +54.01s] POST https://admin-dev.mediplanner.mx/api/appointments/getFilteredAppointments
✅ [API RESPONSE   +54.55s] (539ms) 200 https://admin-dev.mediplanner.mx/api/appointments/getFilteredAppointments → {"status":"OK","data":[{"title":"Consulta inicial","doctor_id":467,"doctor_name":"Dr.Walter Hartwell White","doctor_img"
[2026-07-31T19:53:53.080Z] ✅ Botón Iniciar de "Percentil" encontrado en 2026-08-03
▶️ Iniciando consulta de "Percentil Prueba Prueba" (set #1)...
📤 [API REQUEST    +55.82s] POST https://admin-dev.mediplanner.mx/api/appointments/getFilteredAppointments
📤 [API REQUEST    +55.82s] POST https://admin-dev.mediplanner.mx/api/patients/getPatient
💉 Llenando signos vitales...
✅ [API RESPONSE   +56.39s] (577ms) 200 https://admin-dev.mediplanner.mx/api/appointments/getFilteredAppointments → {"status":"OK","data":[{"title":"Consulta inicial","doctor_id":467,"doctor_name":"Dr.Walter Hartwell White","doctor_img"
💉 Signos vitales [set #1]: peso=13 talla=92 perímetro=48 PA=120/080 temp=36.3 FC=80 sat=97 FR=20 glucosa=90
📤 [API REQUEST    +56.94s] POST https://admin-dev.mediplanner.mx/api/patients/getPatient
📤 [API REQUEST    +57.05s] POST https://admin-dev.mediplanner.mx/api/patients/getPatient
✅ [API RESPONSE   +57.07s] (1251ms) 200 https://admin-dev.mediplanner.mx/api/patients/getPatient → {"status":"OK","data":{"id":903,"iEstatusId":2,"sEstatus":"Aceptada","sImagen":"","sNombre":"Percentil","sPaterno":"Prue
ℹ️ No se encontró campo de perímetro cefálico en signos vitales (puede no aplicar).
📤 [API REQUEST    +57.19s] POST https://admin-dev.mediplanner.mx/api/patients/getPatient
📤 [API REQUEST    +57.28s] POST https://admin-dev.mediplanner.mx/api/patients/getPatient
📤 [API REQUEST    +57.37s] POST https://admin-dev.mediplanner.mx/api/patients/getPatient
✅ [API RESPONSE   +57.39s] (444ms) 200 https://admin-dev.mediplanner.mx/api/patients/getPatient → {"status":"OK","data":{"id":903,"iEstatusId":2,"sEstatus":"Aceptada","sImagen":"","sNombre":"Percentil","sPaterno":"Prue
✅ [API RESPONSE   +57.45s] (397ms) 200 https://admin-dev.mediplanner.mx/api/patients/getPatient → {"status":"OK","data":{"id":903,"iEstatusId":2,"sEstatus":"Aceptada","sImagen":"","sNombre":"Percentil","sPaterno":"Prue
📤 [API REQUEST    +57.48s] POST https://admin-dev.mediplanner.mx/api/patients/getPatient
📤 [API REQUEST    +57.56s] POST https://admin-dev.mediplanner.mx/api/patients/getPatient
✅ [API RESPONSE   +57.73s] (544ms) 200 https://admin-dev.mediplanner.mx/api/patients/getPatient → {"status":"OK","data":{"id":903,"iEstatusId":2,"sEstatus":"Aceptada","sImagen":"","sNombre":"Percentil","sPaterno":"Prue
✅ [API RESPONSE   +57.82s] (545ms) 200 https://admin-dev.mediplanner.mx/api/patients/getPatient → {"status":"OK","data":{"id":903,"iEstatusId":2,"sEstatus":"Aceptada","sImagen":"","sNombre":"Percentil","sPaterno":"Prue
✅ [API RESPONSE   +57.87s] (497ms) 200 https://admin-dev.mediplanner.mx/api/patients/getPatient → {"status":"OK","data":{"id":903,"iEstatusId":2,"sEstatus":"Aceptada","sImagen":"","sNombre":"Percentil","sPaterno":"Prue
✅ [API RESPONSE   +58.03s] (553ms) 200 https://admin-dev.mediplanner.mx/api/patients/getPatient → {"status":"OK","data":{"id":903,"iEstatusId":2,"sEstatus":"Aceptada","sImagen":"","sNombre":"Percentil","sPaterno":"Prue
✅ [API RESPONSE   +58.09s] (533ms) 200 https://admin-dev.mediplanner.mx/api/patients/getPatient → {"status":"OK","data":{"id":903,"iEstatusId":2,"sEstatus":"Aceptada","sImagen":"","sNombre":"Percentil","sPaterno":"Prue
📤 [API REQUEST    +59.23s] POST https://admin-dev.mediplanner.mx/api/consultations/registerVitalSigns
✅ Signos vitales guardados
📤 [API REQUEST    +59.67s] POST https://admin-dev.mediplanner.mx/api/appointments/updateAppointmentStatus
✅ [API RESPONSE   +59.66s] (429ms) 200 https://admin-dev.mediplanner.mx/api/consultations/registerVitalSigns → {"status":"OK","data":{"message":"Signos vitales registrados correctamente","consulta_id":40}}
✅ [API RESPONSE   +59.97s] (300ms) 200 https://admin-dev.mediplanner.mx/api/appointments/updateAppointmentStatus → {"status":"OK","data":{"relacion_id":589,"message":"Estado de la cita actualizado correctamente"}}
📤 [API REQUEST    +61.58s] POST https://admin-dev.mediplanner.mx/api/treatments/getActiveTemplates
📤 [API REQUEST    +61.58s] POST https://admin-dev.mediplanner.mx/api/catalogs/getCatalogs
📤 [API REQUEST    +61.58s] POST https://admin-dev.mediplanner.mx/api/consultations/getTreatments
📤 [API REQUEST    +61.58s] POST https://admin-dev.mediplanner.mx/api/treatments/getUserTemplate
📤 [API REQUEST    +61.58s] POST https://admin-dev.mediplanner.mx/api/appointments/getAppointmentTypes
📤 [API REQUEST    +61.58s] POST https://admin-dev.mediplanner.mx/api/consultations/getConsultation
📤 [API REQUEST    +61.58s] POST https://admin-dev.mediplanner.mx/api/catalogs/getConfigurations
📤 [API REQUEST    +61.58s] POST https://admin-dev.mediplanner.mx/api/patients/getHistoryForms
📤 [API REQUEST    +61.58s] POST https://admin-dev.mediplanner.mx/api/patients/getPatient
🔄 Esperando redirección...
✅ Redirigido a página de consulta
⏳ Esperando carga completa de la consulta...
❌ [REQUEST FAILED +61.89s] https://www.google-analytics.com/g/collect?v=2&tid=G-ZVKJ9CWYCW&gtm=45je67t1v9248896219za200zd9248896219&_p=1785527625766&gcd=13l3l3l3l1l1&npa=0&dma=0&_eu=AEEAAAQ&ae=a&are=1&cid=871357634.1785527570&frm=0&ngs=1&pscdl=noapi&rcb=16&sr=1536x960&uaa=x86&uab=64&uafvl=Chromium%3B145.0.7632.6%7CNot%253AA-Brand%3B99.0.0.0&uam=&uamb=0&uap=Windows&uapv=10.0&uaw=0&ul=en-us&_s=3&tag_exp=115938466~115938468~118897920~118897930~119259606~119896802~120222307&sid=1785527570&sct=1&seg=1&dl=https%3A%2F%2Fadmin-dev.mediplanner.mx%2FDashboard&dt=Mediplanner&en=form_start&ep.form_id=&ep.form_destination=https%3A%2F%2Fadmin-dev.mediplanner.mx%2FDashboard&epn.form_length=9&ep.first_field_id=&ep.first_field_name=peso&ep.first_field_type=text&epn.first_field_position=7&_et=8668&tfd=13852 — net::ERR_ABORTED
✅ [API RESPONSE   +62.13s] (553ms) 200 https://admin-dev.mediplanner.mx/api/catalogs/getCatalogs → {"status":"OK","data":{"medicamentos_tiempo":[{"id":1,"name":"Día","pluralName":"Días"},{"id":2,"name":"Semana","pluralN
✅ [API RESPONSE   +62.14s] (560ms) 200 https://admin-dev.mediplanner.mx/api/treatments/getActiveTemplates → {"status":"OK","data":{"plantillas_personalizadas":[{"id":1,"nombre":"","hospital_id":0,"hospital_nombre":"","ultima_act
📤 [API REQUEST    +62.25s] POST https://admin-dev.mediplanner.mx/api/forms/getFormsByCategory
📤 [API REQUEST    +62.25s] POST https://admin-dev.mediplanner.mx/api/consultations/getVitalSigns
📤 [API REQUEST    +62.25s] POST https://admin-dev.mediplanner.mx/api/patients/getPatient
📤 [API REQUEST    +62.25s] POST https://admin-dev.mediplanner.mx/api/consultations/getConsultations
📤 [API REQUEST    +62.25s] POST https://admin-dev.mediplanner.mx/api/procedures/getConsultationProcedures
📤 [API REQUEST    +62.25s] POST https://admin-dev.mediplanner.mx/api/patients/getHistoryForms
📤 [API REQUEST    +62.25s] POST https://admin-dev.mediplanner.mx/api/consultations/getForms
📤 [API REQUEST    +62.25s] POST https://admin-dev.mediplanner.mx/api/catalogs/getCatalogs
📤 [API REQUEST    +62.26s] GET https://admin-dev.mediplanner.mx/api/hospitals/getDrHospitals
📤 [API REQUEST    +62.26s] POST https://admin-dev.mediplanner.mx/api/consultations/getNotes
📤 [API REQUEST    +62.26s] POST https://admin-dev.mediplanner.mx/api/patients/getAllergiesByPatientId
✅ [API RESPONSE   +62.24s] (658ms) 200 https://admin-dev.mediplanner.mx/api/consultations/getTreatments → {"status":"OK","data":[]}
✅ [API RESPONSE   +62.23s] (653ms) 200 https://admin-dev.mediplanner.mx/api/consultations/getConsultation → {"status":"OK","data":{"id":40,"doctor_id":467,"doctor_titulo":"Dr.","doctor_nombre":"Walter Hartwell White","doctor_img
✅ [API RESPONSE   +62.34s] (756ms) 200 https://admin-dev.mediplanner.mx/api/treatments/getUserTemplate → {"status":"OK","data":{"plantilla_id":1,"tipo_plantilla_id":2,"ancho_encabezado":800,"ancho_pie_pagina":800,"elemento1_i
✅ [API RESPONSE   +62.34s] (761ms) 200 https://admin-dev.mediplanner.mx/api/appointments/getAppointmentTypes → {"status":"OK","data":[{"doctor_id":467,"relacion_id":1,"cita_nombre":"Consulta inicial","duracion":5,"producto_id":0,"u
✅ [API RESPONSE   +62.35s] (773ms) 200 https://admin-dev.mediplanner.mx/api/catalogs/getConfigurations → {"status":"OK","data":{"configurations":[{"type":1,"value":"30","name":"time_save","description":"Tiempo de guardado","i
❌ [REQUEST FAILED +62.57s] https://mediplanner-atencion.zendesk.com/frontendevents/pv?client=1B752747-577B-429A-A0E0-83861AF69088 — net::ERR_ABORTED
✅ [API RESPONSE   +62.63s] (1050ms) 200 https://admin-dev.mediplanner.mx/api/patients/getHistoryForms → {"status":"OK","data":[{"relacion_id":1,"nombre":"Antecedentes","fecha_creacion":"26/05/2026","fecha_actualizacion":"26/
📤 [API REQUEST    +62.65s] POST https://admin-dev.mediplanner.mx/api/patients/getFilledForm
📤 [API REQUEST    +62.65s] POST https://admin-dev.mediplanner.mx/api/patients/getFilledForm
📤 [API REQUEST    +62.65s] POST https://admin-dev.mediplanner.mx/api/patients/getFilledForm
📤 [API REQUEST    +62.65s] POST https://admin-dev.mediplanner.mx/api/patients/getFilledForm
📤 [API REQUEST    +62.65s] POST https://admin-dev.mediplanner.mx/api/patients/getFilledForm
✅ [API RESPONSE   +63.05s] (797ms) 200 https://admin-dev.mediplanner.mx/api/consultations/getVitalSigns → {"status":"OK","data":{"presion":"120/080","oxigenacion":"97","temperatura":"36.3","peso":"13","imc":"15.36","frecuencia
✅ [API RESPONSE   +63.05s] (1473ms) 200 https://admin-dev.mediplanner.mx/api/patients/getPatient → {"status":"OK","data":{"id":903,"iEstatusId":2,"sEstatus":"Aceptada","sImagen":"","sNombre":"Percentil","sPaterno":"Prue
✅ [API RESPONSE   +63.06s] (802ms) 200 https://admin-dev.mediplanner.mx/api/procedures/getConsultationProcedures → {"status":"OK","data":[]}
✅ [API RESPONSE   +63.15s] (901ms) 200 https://admin-dev.mediplanner.mx/api/patients/getPatient → {"status":"OK","data":{"id":903,"iEstatusId":2,"sEstatus":"Aceptada","sImagen":"","sNombre":"Percentil","sPaterno":"Prue
✅ [API RESPONSE   +63.47s] (1220ms) 200 https://admin-dev.mediplanner.mx/api/catalogs/getCatalogs → {"status":"OK","data":{"tipos_consulta":[{"id":1,"name":"Consulta General"},{"id":2,"name":"Seguimiento"}]}}
📤 [API REQUEST    +63.54s] POST https://admin-dev.mediplanner.mx/api/patients/getFilledForm
✅ [API RESPONSE   +63.54s] (1282ms) 200 https://admin-dev.mediplanner.mx/api/patients/getHistoryForms → {"status":"OK","data":[{"relacion_id":3,"nombre":"ANTECEDENTES HEREDOFAMILIARES (2025)","fecha_creacion":"05/11/2025","f
✅ [API RESPONSE   +63.65s] (1397ms) 200 https://admin-dev.mediplanner.mx/api/consultations/getForms → {"status":"OK","data":[{"formulario_padre":115,"relacion_id":202,"nombre":"Tratamiento","fecha_creacion":"31/07/2026","f
📤 [API REQUEST    +63.66s] POST https://admin-dev.mediplanner.mx/api/patients/getFilledForm
📤 [API REQUEST    +63.66s] POST https://admin-dev.mediplanner.mx/api/patients/getFilledForm
✅ [API RESPONSE   +64.18s] (1923ms) 200 https://admin-dev.mediplanner.mx/api/hospitals/getDrHospitals → {"status":"OK","data":[{"hospital_id":15,"relacion_id":2,"nombre":"Consultorio Personal","lugar":"","consultorio":"Gener
📤 [API REQUEST    +64.19s] POST https://admin-dev.mediplanner.mx/api/services/getServices
✅ [API RESPONSE   +64.71s] (2451ms) 200 https://admin-dev.mediplanner.mx/api/patients/getAllergiesByPatientId → {"status":"OK","data":[]}
✅ [API RESPONSE   +64.71s] (2456ms) 200 https://admin-dev.mediplanner.mx/api/consultations/getNotes → {"status":"OK","data":[]}
📋 Llenando sección General...
✅ Motivo de la consulta llenado
✅ Padecimiento actual llenado
✅ Notas de evolución llenadas
✅ Nombre referido llenado
✅ Sección General completada
👤 Llenando Apariencia general...
✅ Apariencia general llenada
🔍 Llenando Exploración segmentaria...
📤 [API REQUEST    +66.66s] POST https://admin-dev.mediplanner.mx/api/procedures/searchProcedures
✅ [API RESPONSE   +66.65s] (4402ms) 200 https://admin-dev.mediplanner.mx/api/forms/getFormsByCategory → {"status":"OK","data":[{"id":115,"sNombre":"Tratamiento","sVersion":"1.0","bActivo":false,"sEmoji":"","sDescripcion":"Tr
✅ [API RESPONSE   +66.66s] (4010ms) 200 https://admin-dev.mediplanner.mx/api/patients/getFilledForm → {"status":"OK","data":{"id":124,"sNombre":"ANTECEDENTES PERSONALES NO PATOLÓGICOS (2025)","sVersion":"1.0","bActivo":tru
✅ [API RESPONSE   +66.66s] (4013ms) 200 https://admin-dev.mediplanner.mx/api/patients/getFilledForm → {"status":"OK","data":{"id":189,"sNombre":"Perinatales","sVersion":"1.0","bActivo":true,"sEmoji":"","sDescripcion":"","d
✅ [API RESPONSE   +66.67s] (4015ms) 200 https://admin-dev.mediplanner.mx/api/patients/getFilledForm → {"status":"OK","data":{"id":90,"sNombre":"Antecedentes","sVersion":"1.0","bActivo":true,"sEmoji":"","sDescripcion":"Desc
✅ [API RESPONSE   +66.67s] (4018ms) 200 https://admin-dev.mediplanner.mx/api/patients/getFilledForm → {"status":"OK","data":{"id":126,"sNombre":"ANTECEDENTES HEREDOFAMILIARES (2025)","sVersion":"1.0","bActivo":true,"sEmoji
❌ [REQUEST FAILED +66.87s] https://www.google-analytics.com/g/collect?v=2&tid=G-ZVKJ9CWYCW&gtm=45je67t1v9248896219za200zd9248896219&_p=1785527625766&gcd=13l3l3l3l1l1&npa=0&dma=0&_eu=AEAAAAQ&ae=a&are=1&cid=871357634.1785527570&frm=0&ngs=1&pscdl=noapi&rcb=16&sr=1536x960&uaa=x86&uab=64&uafvl=Chromium%3B145.0.7632.6%7CNot%253AA-Brand%3B99.0.0.0&uam=&uamb=0&uap=Windows&uapv=10.0&uaw=0&ul=en-us&_s=4&tag_exp=115938466~115938468~118897920~118897930~119259606~119896802~120222307&dl=https%3A%2F%2Fadmin-dev.mediplanner.mx%2FConsulta%2FConsultaGeneral&dr=https%3A%2F%2Fadmin-dev.mediplanner.mx%2FDashboard&sid=1785527570&sct=1&seg=1&dt=Mediplanner&en=page_view&_et=4726&tfd=18859 — net::ERR_ABORTED
✅ [API RESPONSE   +67.24s] (3055ms) 200 https://admin-dev.mediplanner.mx/api/services/getServices → {"status":"OK","data":[{"servicio_id":1,"nombre":"Certificado Médico","duracion":15,"producto_id":239,"unidad_id":2,"obj
✅ [API RESPONSE   +67.51s] (5257ms) 200 https://admin-dev.mediplanner.mx/api/consultations/getConsultations → {"status":"OK","data":[{"id":39,"doctor_id":467,"doctor_titulo":"Dr.","doctor_nombre":"Walter Hartwell White","doctor_im
📤 [API REQUEST    +67.78s] POST https://admin-dev.mediplanner.mx/api/procedures/getProceduresList
✅ [API RESPONSE   +67.76s] (4220ms) 200 https://admin-dev.mediplanner.mx/api/patients/getFilledForm → {"status":"OK","data":{"id":126,"sNombre":"ANTECEDENTES HEREDOFAMILIARES (2025)","sVersion":"1.0","bActivo":true,"sEmoji
✅ [API RESPONSE   +67.76s] (5112ms) 200 https://admin-dev.mediplanner.mx/api/patients/getFilledForm → {"status":"OK","data":{"id":125,"sNombre":"ANTECEDENTES PERSONALES PATOLÓGICOS (2025)","sVersion":"1.0","bActivo":true,"
✅ [API RESPONSE   +67.77s] (4109ms) 200 https://admin-dev.mediplanner.mx/api/patients/getFilledForm → {"status":"OK","data":{"id":4,"iUsuarioId":467,"sNombre":"Aparatos y sistemas","sVersion":"","bActivo":true,"sEmoji":"",
✅ [API RESPONSE   +67.78s] (4117ms) 200 https://admin-dev.mediplanner.mx/api/patients/getFilledForm → {"status":"OK","data":{"id":5,"iUsuarioId":467,"sNombre":"Exploracion segmentaria","sVersion":"","bActivo":true,"sEmoji"
📤 [API REQUEST    +67.82s] POST https://admin-dev.mediplanner.mx/api/consultations/getDiagnosis
☑️ Exploración segmentaria: 8 checkboxes encontrados
✅ [API RESPONSE   +68.05s] (234ms) 200 https://admin-dev.mediplanner.mx/api/consultations/getDiagnosis → {"status":"OK","data":[]}
✅ [API RESPONSE   +68.13s] (1476ms) 200 https://admin-dev.mediplanner.mx/api/procedures/searchProcedures → {"status":"OK","data":{"procedures":[{"procedimiento_id":5628,"nombre":"'OTRA RECONSTRUCCIÓN TOTAL DE MAMA","tipo_id":2,
✅ [API RESPONSE   +68.14s] (351ms) 200 https://admin-dev.mediplanner.mx/api/procedures/getProceduresList → {"status":"OK","data":{"procedures":[{"fecha_procedimiento":"2026-07-30 12:07:08","diagnosticos":[{"nombre":"CERVICALGIA
✅ Exploración segmentaria: 8/8 checkbox(es) marcados → [Cabeza, Cuello, Tórax, Abdomen, Columna vertebral, Miembros superiores, Genitales, Miembros inferiores]
Exploración segmentaria: 16 botones Normal/Anormal (esperados 16) | 8 campos de Observaciones (esperados 8)
✅ Exploración segmentaria: Normal/Anormal y Observaciones resueltos para los 8 ítems → [Cabeza, Cuello, Tórax, Abdomen, Columna vertebral, Miembros superiores, Genitales, Miembros inferiores]
📤 [API REQUEST    +76.06s] POST https://admin-dev.mediplanner.mx/api/patients/registerAnswers
✅ [API RESPONSE   +76.56s] (506ms) 200 https://admin-dev.mediplanner.mx/api/patients/registerAnswers → {"status":"OK","data":[]}
💾 Exploración segmentaria: "Guardar Respuestas" clickeado
🔍 Llenando Aparatos y sistemas...
☑️ Aparatos y sistemas: 15 checkboxes encontrados
✅ Aparatos y sistemas: 15/15 checkbox(es) marcados → [Articulado, Cardiovascular, Circulatorio, Digestivo, Endocrino, Esqueletico, Excretor, Inmunitario, Integumentario, Linfatico, Locomotor, Muscular, Nervioso, Reproductor, Respiratorio]
Aparatos y sistemas: 30 botones Normal/Anormal (esperados 30) | 15 campos de Observaciones (esperados 15)
✅ Aparatos y sistemas: Normal/Anormal y Observaciones resueltos para los 15 ítems → [Articulado, Cardiovascular, Circulatorio, Digestivo, Endocrino, Esqueletico, Excretor, Inmunitario, Integumentario, Linfatico, Locomotor, Muscular, Nervioso, Reproductor, Respiratorio]
📤 [API REQUEST    +91.18s] POST https://admin-dev.mediplanner.mx/api/patients/registerAnswers
✅ [API RESPONSE   +91.94s] (756ms) 200 https://admin-dev.mediplanner.mx/api/patients/registerAnswers → {"status":"OK","data":[]}
📤 [API REQUEST    +92.37s] POST https://admin-dev.mediplanner.mx/api/consultations/editConsultation
✅ [API RESPONSE   +92.61s] (239ms) 200 https://admin-dev.mediplanner.mx/api/consultations/editConsultation → {"status":"OK","data":{"consulta_id":40,"message":"Consulta actualizada exitosamente"}}
💾 Aparatos y sistemas: "Guardar Respuestas" clickeado
🩺 Llenando sección de Diagnóstico...
📤 [API REQUEST    +94.05s] POST https://admin-dev.mediplanner.mx/api/consultations/searchDiagnoses
✅ [API RESPONSE   +94.99s] (939ms) 200 https://admin-dev.mediplanner.mx/api/consultations/searchDiagnoses → {"status":"OK","data":{"diagnosticos":[{"id":5727,"letra":null,"nombre":"CERVICALGIA","codigo":"M542","capitulo":null,"g
✅ Diagnóstico CIE-10 seleccionado: "M542 - CERVICALGIA..."
✅ Impresión diagnóstica llenada
📤 [API REQUEST    +97.01s] POST https://admin-dev.mediplanner.mx/api/consultations/searchDiagnoses
✅ Observaciones del diagnóstico llenadas
✅ Sección de Diagnóstico completada
💊 Llenando sección de Tratamiento...
✅ [API RESPONSE   +97.45s] (434ms) 200 https://admin-dev.mediplanner.mx/api/consultations/searchDiagnoses → {"status":"OK","data":{"diagnosticos":[],"current_page":1,"from":0,"last_page":1,"per_page":20,"to":0,"total":0}}
✅ Indicaciones generales de tratamiento llenadas
📤 [API REQUEST    +98.48s] POST https://admin-dev.mediplanner.mx/api/medications/searchMedications
✅ [API RESPONSE   +101.65s] (3165ms) 200 https://admin-dev.mediplanner.mx/api/medications/searchMedications → {"status":"OK","data":{"medications":[{"id":9355,"nombre":"TAMEX Tabletas","presentacion":"1 Caja, 10 Tabletas,","activo
✅ Medicamento seleccionado: "TAMEX TabletasBETAMETASONA, LORATADINAADVAITA" (buscado: "Loratadina")
✅ Formulario del medicamento llenado
✅ "Otros medicamentos" llenado: "Dieta blanda"
✅ Sección de Tratamiento completada (se guarda con el botón global "Guardar cambios")
🔬 Llenando Laboratorios y Procedimientos...
✅ Indicaciones de laboratorio llenadas
📤 [API REQUEST    +107.19s] POST https://admin-dev.mediplanner.mx/api/procedures/searchProcedures
✅ [API RESPONSE   +108.10s] (911ms) 200 https://admin-dev.mediplanner.mx/api/procedures/searchProcedures → {"status":"OK","data":{"procedures":[{"procedimiento_id":2,"nombre":"BIOMETRÍA HEMÁTICA","tipo_id":1,"tipo_nombre":"Labo
✅ Laboratorio seleccionado: "BIOMETRÍA HEMÁTICA" (buscado: "Biometría")
✅ Procedimiento llenado
✅ Laboratorios y Procedimientos completado (se guarda con el botón global "Guardar cambios")
📋 Llenando Notas del Médico...
✅ Notas del médico llenadas
🏥 Llenando sección de Servicios...
📋 2 opciones de servicio disponibles
✅ Servicio seleccionado: "Certificado Médico $15"
✅ Sección de Servicios completada (se guarda con el botón global "Guardar cambios")
💾 Clickeando "Guardar cambios" (global)...
📤 [API REQUEST    +112.50s] POST https://admin-dev.mediplanner.mx/api/consultations/addDiagnosis
📤 [API REQUEST    +112.72s] POST https://admin-dev.mediplanner.mx/api/consultations/setTreatments
✅ [API RESPONSE   +112.72s] (226ms) 200 https://admin-dev.mediplanner.mx/api/consultations/addDiagnosis → {"status":"OK","data":{"message":"Diagnósticos de consulta actualizados exitosamente"}}
📤 [API REQUEST    +113.14s] POST https://admin-dev.mediplanner.mx/api/consultations/setFreeTreatmentsConsultation
✅ [API RESPONSE   +113.13s] (410ms) 200 https://admin-dev.mediplanner.mx/api/consultations/setTreatments → {"status":"OK","data":{"message":"Tratamientos de consulta actualizados exitosamente"}}
📤 [API REQUEST    +114.15s] POST https://admin-dev.mediplanner.mx/api/procedures/setProceduresConsultation
✅ [API RESPONSE   +114.15s] (1012ms) 200 https://admin-dev.mediplanner.mx/api/consultations/setFreeTreatmentsConsultation → {"status":"OK","data":"Tratamientos de consulta registrados exitosamente"}
📤 [API REQUEST    +114.42s] POST https://admin-dev.mediplanner.mx/api/consultations/addServices
✅ [API RESPONSE   +114.42s] (265ms) 200 https://admin-dev.mediplanner.mx/api/procedures/setProceduresConsultation → {"status":"OK","data":{"message":"Procedimientos de consulta actualizados exitosamente","nuevos":[{"relacion_id":1,"nomb
📤 [API REQUEST    +114.79s] POST https://admin-dev.mediplanner.mx/api/consultations/addNote
✅ [API RESPONSE   +114.79s] (367ms) 200 https://admin-dev.mediplanner.mx/api/consultations/addServices → {"status":"OK","data":"Servicios de consulta actualizados exitosamente"}
📤 [API REQUEST    +115.01s] POST https://admin-dev.mediplanner.mx/api/consultations/getNotes
✅ [API RESPONSE   +115.01s] (216ms) 200 https://admin-dev.mediplanner.mx/api/consultations/addNote → {"status":"OK","data":{"nota_id":1,"message":"Notas de consulta actualizadas exitosamente"}}
✅ [API RESPONSE   +115.38s] (370ms) 200 https://admin-dev.mediplanner.mx/api/consultations/getNotes → {"status":"OK","data":[{"nota_id":1,"texto":"<p>Notas del médico: Seguimiento de evolución clínica favorable. Paciente r
💾 Llamadas de guardado disparadas por "Guardar cambios": 6
   200 consultations/addDiagnosis
   200 consultations/setTreatments
   200 consultations/setFreeTreatmentsConsultation
   200 procedures/setProceduresConsultation
   200 consultations/addServices
   200 consultations/addNote

🏁 === INICIANDO FINALIZACIÓN DE CONSULTA ===
🏁 Esperando botón de finalizar consulta...
✅ Botón de finalizar encontrado y habilitado
📤 [API REQUEST    +117.71s] POST https://admin-dev.mediplanner.mx/api/consultations/finishConsultation
ℹ️ finishConsultation body → consulta_id=40 paciente_id=903
✅ Consulta finalizada
✅ [API RESPONSE   +118.03s] (322ms) 200 https://admin-dev.mediplanner.mx/api/consultations/finishConsultation → {"status":"OK","data":{"message":"Consulta finalizada exitosamente"}}
✅ Confirmación clickeada

🔎 === VERIFICANDO QUE LO LLENADO SIGUE GUARDADO Y ES CORRECTO ===
📤 [API REQUEST    +119.34s] POST https://admin-dev.mediplanner.mx/api/patients/getFilledForm
📤 [API REQUEST    +119.34s] POST https://admin-dev.mediplanner.mx/api/patients/getFilledForm
📤 [API REQUEST    +119.34s] POST https://admin-dev.mediplanner.mx/api/treatments/getActiveTemplates
📤 [API REQUEST    +119.35s] POST https://admin-dev.mediplanner.mx/api/catalogs/getCatalogs
📤 [API REQUEST    +119.35s] POST https://admin-dev.mediplanner.mx/api/consultations/getTreatments
📤 [API REQUEST    +119.35s] POST https://admin-dev.mediplanner.mx/api/treatments/getUserTemplate
📤 [API REQUEST    +119.35s] POST https://admin-dev.mediplanner.mx/api/forms/getFormsByCategory
📤 [API REQUEST    +119.36s] POST https://admin-dev.mediplanner.mx/api/appointments/getAppointmentTypes
📤 [API REQUEST    +119.36s] POST https://admin-dev.mediplanner.mx/api/consultations/getVitalSigns
📤 [API REQUEST    +119.36s] POST https://admin-dev.mediplanner.mx/api/patients/getPatient
📤 [API REQUEST    +119.36s] POST https://admin-dev.mediplanner.mx/api/consultations/getConsultation
📤 [API REQUEST    +119.36s] POST https://admin-dev.mediplanner.mx/api/consultations/getConsultations
📤 [API REQUEST    +119.36s] POST https://admin-dev.mediplanner.mx/api/consultations/getDiagnosis
📤 [API REQUEST    +119.36s] POST https://admin-dev.mediplanner.mx/api/procedures/getConsultationProcedures
📤 [API REQUEST    +119.36s] POST https://admin-dev.mediplanner.mx/api/patients/getHistoryForms
📤 [API REQUEST    +119.36s] POST https://admin-dev.mediplanner.mx/api/consultations/getNotes
📤 [API REQUEST    +119.36s] POST https://admin-dev.mediplanner.mx/api/patients/getAllergiesByPatientId
📤 [API REQUEST    +119.36s] POST https://admin-dev.mediplanner.mx/api/catalogs/getCatalogs
📤 [API REQUEST    +119.36s] POST https://admin-dev.mediplanner.mx/api/treatments/getActiveTemplates
📤 [API REQUEST    +119.36s] POST https://admin-dev.mediplanner.mx/api/patients/getHistoryForms
📤 [API REQUEST    +119.36s] POST https://admin-dev.mediplanner.mx/api/patients/getPatient
✅ [API RESPONSE   +119.88s] (531ms) 200 https://admin-dev.mediplanner.mx/api/catalogs/getCatalogs → {"status":"OK","data":{"medicamentos_tiempo":[{"id":1,"name":"Día","pluralName":"Días"},{"id":2,"name":"Semana","pluralN
✅ [API RESPONSE   +119.98s] (631ms) 200 https://admin-dev.mediplanner.mx/api/treatments/getActiveTemplates → {"status":"OK","data":{"plantillas_personalizadas":[{"id":1,"nombre":"","hospital_id":0,"hospital_nombre":"","ultima_act
🔴 [DEVTOOLS ERROR +120.09s] Failed to load resource: the server responded with a status of 404 (Not Found)
🔴 [DEVTOOLS ERROR +120.10s] Error fetching formularios paciente: undefined
🔴 [DEVTOOLS ERROR +120.10s] Failed to load resource: the server responded with a status of 404 (Not Found)
🔴 [DEVTOOLS ERROR +120.10s] Error fetching formularios paciente: undefined
✅ [API RESPONSE   +120.07s] (719ms) 200 https://admin-dev.mediplanner.mx/api/consultations/getTreatments → {"status":"OK","data":[{"tratamiento_id":1,"medicamento_id":9355,"medicamento_nombre":"TAMEX Tabletas","indicaciones":"I
🟠 [API RESPONSE   +120.09s] (746ms) 404 https://admin-dev.mediplanner.mx/api/patients/getFilledForm → {"status":"ERROR","message":"No se encontró el formulario asignado al paciente"}
🟠 [API RESPONSE   +120.10s] (756ms) 404 https://admin-dev.mediplanner.mx/api/patients/getFilledForm → {"status":"ERROR","message":"No se encontró el formulario asignado al paciente"}
✅ [API RESPONSE   +120.29s] (932ms) 200 https://admin-dev.mediplanner.mx/api/treatments/getUserTemplate → {"status":"OK","data":{"plantilla_id":1,"tipo_plantilla_id":2,"ancho_encabezado":800,"ancho_pie_pagina":800,"elemento1_i
❌ [REQUEST FAILED +120.57s] https://mediplanner-atencion.zendesk.com/frontendevents/pv?client=1B752747-577B-429A-A0E0-83861AF69088 — net::ERR_ABORTED
✅ [API RESPONSE   +120.56s] (1208ms) 200 https://admin-dev.mediplanner.mx/api/consultations/getVitalSigns → {"status":"OK","data":{"presion":"120/080","oxigenacion":"97","temperatura":"36.3","peso":"13","imc":"15.36","frecuencia
✅ [API RESPONSE   +120.70s] (1341ms) 200 https://admin-dev.mediplanner.mx/api/consultations/getConsultation → {"status":"OK","data":{"id":40,"doctor_id":467,"doctor_titulo":"Dr.","doctor_nombre":"Walter Hartwell White","doctor_img
✅ [API RESPONSE   +120.90s] (1544ms) 200 https://admin-dev.mediplanner.mx/api/consultations/getDiagnosis → {"status":"OK","data":[{"diagnostico_id":5727,"nombre":"CERVICALGIA","codigo":"M542","fecha_creacion":"31/07/2026","fech
✅ [API RESPONSE   +120.92s] (1557ms) 200 https://admin-dev.mediplanner.mx/api/procedures/getConsultationProcedures → {"status":"OK","data":[{"procedimiento_id":2,"relacion_id":1,"nombre":"BIOMETRÍA HEMÁTICA","indicaciones":"Biometría hem
📤 [API REQUEST    +121.18s] POST https://admin-dev.mediplanner.mx/api/patients/getFilledForm
✅ [API RESPONSE   +121.17s] (1812ms) 200 https://admin-dev.mediplanner.mx/api/consultations/getNotes → {"status":"OK","data":[{"nota_id":1,"texto":"<p>Notas del médico: Seguimiento de evolución clínica favorable. Paciente r
✅ [API RESPONSE   +121.17s] (1817ms) 200 https://admin-dev.mediplanner.mx/api/patients/getHistoryForms → {"status":"OK","data":[{"relacion_id":3,"nombre":"ANTECEDENTES HEREDOFAMILIARES (2025)","fecha_creacion":"05/11/2025","f
✅ [API RESPONSE   +121.31s] (1955ms) 200 https://admin-dev.mediplanner.mx/api/patients/getPatient → {"status":"OK","data":{"id":903,"iEstatusId":2,"sEstatus":"Aceptada","sImagen":"","sNombre":"Percentil","sPaterno":"Prue
✅ [API RESPONSE   +121.31s] (1960ms) 200 https://admin-dev.mediplanner.mx/api/appointments/getAppointmentTypes → {"status":"OK","data":[{"doctor_id":467,"relacion_id":1,"cita_nombre":"Consulta inicial","duracion":5,"producto_id":0,"u
✅ [API RESPONSE   +121.41s] (2050ms) 200 https://admin-dev.mediplanner.mx/api/catalogs/getCatalogs → {"status":"OK","data":{"tipos_consulta":[{"id":1,"name":"Consulta General"},{"id":2,"name":"Seguimiento"}]}}
✅ [API RESPONSE   +121.52s] (2159ms) 200 https://admin-dev.mediplanner.mx/api/patients/getAllergiesByPatientId → {"status":"OK","data":[]}
✅ [API RESPONSE   +121.72s] (2357ms) 200 https://admin-dev.mediplanner.mx/api/patients/getHistoryForms → {"status":"OK","data":[{"relacion_id":1,"nombre":"Antecedentes","fecha_creacion":"26/05/2026","fecha_actualizacion":"26/
✅ [API RESPONSE   +121.72s] (2361ms) 200 https://admin-dev.mediplanner.mx/api/treatments/getActiveTemplates → {"status":"OK","data":{"plantillas_personalizadas":[{"id":1,"nombre":"","hospital_id":0,"hospital_nombre":"","ultima_act
📤 [API REQUEST    +121.74s] POST https://admin-dev.mediplanner.mx/api/patients/getFilledForm
📤 [API REQUEST    +121.74s] POST https://admin-dev.mediplanner.mx/api/patients/getFilledForm
📤 [API REQUEST    +121.74s] POST https://admin-dev.mediplanner.mx/api/patients/getFilledForm
📤 [API REQUEST    +121.74s] POST https://admin-dev.mediplanner.mx/api/patients/getFilledForm
📤 [API REQUEST    +121.74s] POST https://admin-dev.mediplanner.mx/api/patients/getFilledForm
✅ [API RESPONSE   +122.02s] (2662ms) 200 https://admin-dev.mediplanner.mx/api/patients/getPatient → {"status":"OK","data":{"id":903,"iEstatusId":2,"sEstatus":"Aceptada","sImagen":"","sNombre":"Percentil","sPaterno":"Prue
✅ [API RESPONSE   +122.85s] (1111ms) 200 https://admin-dev.mediplanner.mx/api/patients/getFilledForm → {"status":"OK","data":{"id":189,"sNombre":"Perinatales","sVersion":"1.0","bActivo":true,"sEmoji":"","sDescripcion":"","d
✅ [API RESPONSE   +122.85s] (1114ms) 200 https://admin-dev.mediplanner.mx/api/patients/getFilledForm → {"status":"OK","data":{"id":90,"sNombre":"Antecedentes","sVersion":"1.0","bActivo":true,"sEmoji":"","sDescripcion":"Desc
✅ [API RESPONSE   +122.85s] (1676ms) 200 https://admin-dev.mediplanner.mx/api/patients/getFilledForm → {"status":"OK","data":{"id":126,"sNombre":"ANTECEDENTES HEREDOFAMILIARES (2025)","sVersion":"1.0","bActivo":true,"sEmoji
✅ [API RESPONSE   +122.85s] (1116ms) 200 https://admin-dev.mediplanner.mx/api/patients/getFilledForm → {"status":"OK","data":{"id":126,"sNombre":"ANTECEDENTES HEREDOFAMILIARES (2025)","sVersion":"1.0","bActivo":true,"sEmoji
✅ [API RESPONSE   +123.36s] (1625ms) 200 https://admin-dev.mediplanner.mx/api/patients/getFilledForm → {"status":"OK","data":{"id":124,"sNombre":"ANTECEDENTES PERSONALES NO PATOLÓGICOS (2025)","sVersion":"1.0","bActivo":tru
✅ [API RESPONSE   +123.37s] (1628ms) 200 https://admin-dev.mediplanner.mx/api/patients/getFilledForm → {"status":"OK","data":{"id":125,"sNombre":"ANTECEDENTES PERSONALES PATOLÓGICOS (2025)","sVersion":"1.0","bActivo":true,"
📤 [API REQUEST    +124.29s] POST https://admin-dev.mediplanner.mx/api/consultations/searchDiagnoses
📤 [API REQUEST    +124.29s] POST https://admin-dev.mediplanner.mx/api/procedures/searchProcedures
📤 [API REQUEST    +124.29s] POST https://admin-dev.mediplanner.mx/api/consultations/getForms
✅ [API RESPONSE   +124.28s] (4926ms) 200 https://admin-dev.mediplanner.mx/api/consultations/getConsultations → {"status":"OK","data":[{"id":40,"doctor_id":467,"doctor_titulo":"Dr.","doctor_nombre":"Walter Hartwell White","doctor_im
✅ [API RESPONSE   +124.29s] (4934ms) 200 https://admin-dev.mediplanner.mx/api/forms/getFormsByCategory → {"status":"OK","data":[{"id":115,"sNombre":"Tratamiento","sVersion":"1.0","bActivo":false,"sEmoji":"","sDescripcion":"Tr
✅ [API RESPONSE   +125.00s] (706ms) 200 https://admin-dev.mediplanner.mx/api/consultations/getForms → {"status":"OK","data":[{"formulario_padre":115,"relacion_id":202,"nombre":"Tratamiento","fecha_creacion":"31/07/2026","f
📤 [API REQUEST    +125.01s] POST https://admin-dev.mediplanner.mx/api/patients/getFilledForm
📤 [API REQUEST    +125.01s] POST https://admin-dev.mediplanner.mx/api/patients/getFilledForm
❌ [REQUEST FAILED +125.23s] https://www.google-analytics.com/g/collect?v=2&tid=G-ZVKJ9CWYCW&gtm=45je67t1v9248896219za200zd9248896219&_p=1785527625766&gcd=13l3l3l3l1l1&npa=0&dma=0&_eu=AEAAAAQ&ae=a&are=1&cid=871357634.1785527570&frm=0&ngs=1&pscdl=noapi&rcb=16&sr=1536x960&uaa=x86&uab=64&uafvl=Chromium%3B145.0.7632.6%7CNot%253AA-Brand%3B99.0.0.0&uam=&uamb=0&uap=Windows&uapv=10.0&uaw=0&ul=en-us&_s=5&tag_exp=115938466~115938468~118897920~118897930~119259606~119896802~120222307&dl=https%3A%2F%2Fadmin-dev.mediplanner.mx%2FConsulta%2FConsultaDetalles&dr=https%3A%2F%2Fadmin-dev.mediplanner.mx%2FConsulta%2FConsultaGeneral&sid=1785527570&sct=1&seg=1&dt=Mediplanner&en=page_view&_et=58334&tfd=77205 — net::ERR_ABORTED
✅ [API RESPONSE   +125.51s] (1224ms) 200 https://admin-dev.mediplanner.mx/api/procedures/searchProcedures → {"status":"OK","data":{"procedures":[{"procedimiento_id":5628,"nombre":"'OTRA RECONSTRUCCIÓN TOTAL DE MAMA","tipo_id":2,
✅ [API RESPONSE   +125.62s] (610ms) 200 https://admin-dev.mediplanner.mx/api/patients/getFilledForm → {"status":"OK","data":{"id":5,"iUsuarioId":467,"sNombre":"Exploracion segmentaria","sVersion":"","bActivo":true,"sEmoji"
✅ [API RESPONSE   +125.63s] (1340ms) 200 https://admin-dev.mediplanner.mx/api/consultations/searchDiagnoses → {"status":"OK","data":{"diagnosticos":[{"id":167,"letra":null,"nombre":"YERSINIOSIS EXTRAINTESTINAL","codigo":"A282","ca
✅ [API RESPONSE   +125.81s] (804ms) 200 https://admin-dev.mediplanner.mx/api/patients/getFilledForm → {"status":"OK","data":{"id":4,"iUsuarioId":467,"sNombre":"Aparatos y sistemas","sVersion":"","bActivo":true,"sEmoji":"",
Estatus de la consulta reabierta: "Terminada"
  ✅ motivo: "Paciente acude a consulta por cefalea persistente de 3 días "
  ✅ padecimiento: "Inicia padecimiento actual hace 3 días con cefalea frontal d"
  ✅ notas_evolucion: "Evolución favorable sin complicaciones"
  ✅ nombre_referido: "Dr. Alejandro Torres (Medicina General)"
  ✅ apariencia: "Paciente bien nutrido, hidratado, consciente, orientado, sin"
  ✅ impresion_diagnostico: "Impresión diagnóstica: Condición médica a evaluar. Se solici"
  ✅ indicaciones_general: "<p>Dieta blanda, evitar irritantes, seguimiento en 48-72 hor"
  ✅ indicaciones_procedimiento: "<p>Solicitar estudios de laboratorio de rutina</p>"
  ✅ diagnosticos: 1 elemento(s)
  ✅ servicios: 1 elemento(s)
  ✅ medicamentos guardados: 2
  ⏳ Exploración segmentaria: getFilledForm en blanco, esperando 10000ms antes de reintentar (intento 1/6)...
  ⏳ Exploración segmentaria: getFilledForm en blanco, esperando 15000ms antes de reintentar (intento 2/6)...
  ⏳ Exploración segmentaria: getFilledForm en blanco, esperando 20000ms antes de reintentar (intento 3/6)...
  ⏳ Exploración segmentaria: getFilledForm en blanco, esperando 25000ms antes de reintentar (intento 4/6)...
  ⏳ Exploración segmentaria: getFilledForm en blanco, esperando 30000ms antes de reintentar (intento 5/6)...
  ⏳ Exploración segmentaria: getFilledForm en blanco, esperando 30000ms antes de reintentar (intento 6/6)...
❌ Exploración segmentaria: getFilledForm siguió devolviendo el formulario en blanco tras 130000ms de reintentos — no se pudo confirmar que el retraso sea transitorio en esta corrida.
  ⏳ Aparatos y sistemas: getFilledForm en blanco, esperando 10000ms antes de reintentar (intento 1/6)...
  ⏳ Aparatos y sistemas: getFilledForm en blanco, esperando 15000ms antes de reintentar (intento 2/6)...
  ⏳ Aparatos y sistemas: getFilledForm en blanco, esperando 20000ms antes de reintentar (intento 3/6)...
  ⏳ Aparatos y sistemas: getFilledForm en blanco, esperando 25000ms antes de reintentar (intento 4/6)...
  ⏳ Aparatos y sistemas: getFilledForm en blanco, esperando 30000ms antes de reintentar (intento 5/6)...
  ⏳ Aparatos y sistemas: getFilledForm en blanco, esperando 30000ms antes de reintentar (intento 6/6)...
❌ Aparatos y sistemas: getFilledForm siguió devolviendo el formulario en blanco tras 130000ms de reintentos — no se pudo confirmar que el retraso sea transitorio en esta corrida.

🐛 2 inconsistencia(s) encontradas tras Finalizar:
   - Exploración segmentaria: getFilledForm siguió devolviendo el formulario en blanco tras 130000ms de reintentos — no se pudo confirmar que el retraso sea transitorio en esta corrida.
   - Aparatos y sistemas: getFilledForm siguió devolviendo el formulario en blanco tras 130000ms de reintentos — no se pudo confirmar que el retraso sea transitorio en esta corrida.

🎉 === CONSULTA COMPLETADA EXITOSAMENTE ===

══════════════════════════════════════════════════════════════════════
📊  RESUMEN DEVTOOLS MONITOR
══════════════════════════════════════════════════════════════════════
⏱️  Duración total:         397.7s
📤  API Requests enviados:  141
✅  Responses exitosas:     132
🟠  Responses con error:    2
🔴  Errores de JS/consola:  50
🟡  Warnings de consola:    0

── Errores detectados ──────────────────────────────────────────────
  [1] +1.03s → net::ERR_ABORTED
  [2] +2.98s → net::ERR_ABORTED
  [3] +5.92s → net::ERR_ABORTED
  [4] +14.51s → net::ERR_ABORTED
  [5] +14.77s → data-stepper-next not found
  [6] +20.43s → net::ERR_ABORTED
  [7] +40.04s → net::ERR_ABORTED
  [8] +40.04s → net::ERR_ABORTED
  [9] +40.04s → net::ERR_ABORTED
  [10] +40.42s → net::ERR_ABORTED
  [11] +40.54s → net::ERR_ABORTED
  [12] +42.42s → net::ERR_ABORTED
  [13] +43.01s → net::ERR_ABORTED
  [14] +43.01s → net::ERR_ABORTED
  [15] +43.01s → net::ERR_ABORTED
  [16] +43.01s → net::ERR_ABORTED
  [17] +43.41s → net::ERR_ABORTED
  [18] +43.41s → net::ERR_ABORTED
  [19] +43.71s → net::ERR_ABORTED
  [20] +43.71s → net::ERR_ABORTED
  [21] +43.71s → net::ERR_ABORTED
  [22] +43.71s → net::ERR_ABORTED
  [23] +43.71s → net::ERR_ABORTED
  [24] +43.72s → net::ERR_ABORTED
  [25] +43.72s → net::ERR_ABORTED
  [26] +43.72s → net::ERR_ABORTED
  [27] +43.72s → net::ERR_ABORTED
  [28] +44.22s → net::ERR_ABORTED
  [29] +44.37s → net::ERR_ABORTED
  [30] +45.99s → net::ERR_ABORTED
  [31] +45.99s → net::ERR_ABORTED
  [32] +45.99s → net::ERR_ABORTED
  [33] +46.32s → net::ERR_ABORTED
  [34] +46.44s → net::ERR_ABORTED
  [35] +48.15s → net::ERR_ABORTED
  [36] +48.15s → net::ERR_ABORTED
  [37] +48.15s → net::ERR_ABORTED
  [38] +48.15s → net::ERR_ABORTED
  [39] +48.47s → net::ERR_ABORTED
  [40] +48.58s → net::ERR_ABORTED
  [41] +53.45s → net::ERR_ABORTED
  [42] +61.89s → net::ERR_ABORTED
  [43] +62.57s → net::ERR_ABORTED
  [44] +66.87s → net::ERR_ABORTED
  [45] +120.09s → Failed to load resource: the server responded with a status of 404 (Not Found)
  [46] +120.10s → Error fetching formularios paciente: undefined
  [47] +120.10s → Failed to load resource: the server responded with a status of 404 (Not Found)
  [48] +120.10s → Error fetching formularios paciente: undefined
  [49] +120.57s → net::ERR_ABORTED
  [50] +125.23s → net::ERR_ABORTED

── API calls fallidas ──────────────────────────────────────────────
  [1] +120.09s → 404 https://admin-dev.mediplanner.mx/api/patients/getFilledForm
       Body: {"status":"ERROR","message":"No se encontró el formulario asignado al paciente"}
  [2] +120.10s → 404 https://admin-dev.mediplanner.mx/api/patients/getFilledForm
       Body: {"status":"ERROR","message":"No se encontró el formulario asignado al paciente"}
══════════════════════════════════════════════════════════════════════

⚠️ El test terminó con 50 error(es) y 2 API call(s) fallida(s).
  x  2 [doctor-consultation] › tests\consultation.full-flow.spec.js:661:1 › Start a scheduled consultation from Inicio (6.6m)


  1) [doctor-consultation] › tests\consultation.full-flow.spec.js:661:1 › Start a scheduled consultation from Inicio 

    Error: No debe haber responses con error de API: [{"direction":"RESPONSE","method":"POST","status":404,"url":"https://admin-dev.mediplanner.mx/api/patients/getFilledForm","bodyPreview":"{\"status\":\"ERROR\",\"message\":\"No se encontró el formulario asignado al paciente\"}","timestamp":"120.09","latencyMs":746},{"direction":"RESPONSE","method":"POST","status":404,"url":"https://admin-dev.mediplanner.mx/api/patients/getFilledForm","bodyPreview":"{\"status\":\"ERROR\",\"message\":\"No se encontró el formulario asignado al paciente\"}","timestamp":"120.10","latencyMs":756}]

    [2mexpect([22m[31mreceived[39m[2m).[22mtoBe[2m([22m[32mexpected[39m[2m) // Object.is equality[22m

    Expected: [32m0[39m
    Received: [31m2[39m

       999 |
      1000 |   expect(serviciosSinOpciones, '🐛 BUG: dropdown "Agregar servicios" sin opciones ("No se encontraron elementos")').toBe(false);
    > 1001 |   expect(result.failedApiCalls.length, `No debe haber responses con error de API: ${JSON.stringify(result.failedApiCalls)}`).toBe(0);
           |                                                                                                                              ^
      1002 |   expect(inconsistencias, `Datos inconsistentes tras Finalizar:\n${inconsistencias.join('\n')}`).toEqual([]);
      1003 | });
      1004 |
        at C:\Users\pandr\OneDrive\00_Pedro_Quijada\03_RYM-Solutions\Repositorios\MediplannerWebNuevo\tests\consultation.full-flow.spec.js:1001:126

    attachment #1: screenshot (image/png) ──────────────────────────────────────────────────────────
    test-results\consultation.full-flow-Sta-327b2-ed-consultation-from-Inicio-doctor-consultation\test-failed-1.png
    ────────────────────────────────────────────────────────────────────────────────────────────────

    Error Context: test-results\consultation.full-flow-Sta-327b2-ed-consultation-from-Inicio-doctor-consultation\error-context.md

  Slow test file: [doctor-consultation] › tests\consultation.full-flow.spec.js (6.6m)
  Consider running tests from slow files in parallel. See: https://playwright.dev/docs/test-parallel
  1 failed
    [doctor-consultation] › tests\consultation.full-flow.spec.js:661:1 › Start a scheduled consultation from Inicio 
  1 passed (6.8m)
=== FIN PROYECTO vuelta=1 proyecto=doctor-consultation exit=1 13:59:36 ===
=== INICIO PROYECTO vuelta=1 proyecto=consultation-inputs-validation 13:59:36 ===
[dotenv@17.3.1] injecting env (4) from .env -- tip: ⚙️  write to custom object with { processEnv: myObject }

Running 2 tests using 1 worker

[dotenv@17.3.1] injecting env (0) from .env -- tip: ⚙️  load multiple .env files with { path: ['.env.local', '.env'] }
🔐 Iniciando proceso de autenticación...
🌐 URL base: https://admin-dev.mediplanner.mx/
📧 Email: dr.***@gmail.com
✅ Navegación exitosa a la página principal
⏳ Esperando formulario de login...
✅ Formulario de login detectado
✅ Campo email llenado
✅ Campo contraseña llenado
✅ Botón de login clickeado
✅ Página principal cargada
✅ Autenticación exitosa - Redirigido fuera de login
✅ Sesión guardada en storageState.json
  ok 1 [setup] › tests\auth.setup.ts:7:6 › authenticate (6.0s)
[dotenv@17.3.1] injecting env (0) from .env -- tip: 🔐 prevent committing .env to code: https://dotenvx.com/precommit
🏠 Navegando a Dashboard (Inicio)...
⚠️ No hay citas con botón Iniciar hoy
🔍 Revisando próximos 5 días...
[2026-07-31T19:59:51.744Z] ℹ️  Buscando botón Iniciar en los próximos 5 días...
[2026-07-31T19:59:51.791Z] ⚠️  Calendario del Dashboard no renderizó (intento 1/3), recargando...
[2026-07-31T19:59:53.821Z] ⚠️  Calendario del Dashboard no renderizó (intento 2/3), recargando...
[2026-07-31T19:59:56.266Z] ⚠️  Calendario del Dashboard no renderizó (intento 3/3), recargando...
[2026-07-31T19:59:58.242Z] ⚠️  El calendario del Dashboard no llegó a renderizar (td[data-day])
[2026-07-31T19:59:58.243Z] ℹ️  Revisando fecha: 2026-07-31
[2026-07-31T19:59:58.263Z] ℹ️  Revisando fecha: 2026-08-01
[2026-07-31T19:59:58.283Z] ⚠️  No se encontró la celda del calendario para 2026-08-01
[2026-07-31T19:59:58.284Z] ℹ️  Revisando fecha: 2026-08-02
[2026-07-31T19:59:58.302Z] ⚠️  No se encontró la celda del calendario para 2026-08-02
[2026-07-31T19:59:58.302Z] ℹ️  Revisando fecha: 2026-08-03
[2026-07-31T19:59:58.321Z] ⚠️  No se encontró la celda del calendario para 2026-08-03
[2026-07-31T19:59:58.321Z] ℹ️  Revisando fecha: 2026-08-04
[2026-07-31T19:59:58.345Z] ⚠️  No se encontró la celda del calendario para 2026-08-04
[2026-07-31T19:59:58.345Z] ℹ️  Revisando fecha: 2026-08-05
[2026-07-31T19:59:58.362Z] ⚠️  No se encontró la celda del calendario para 2026-08-05
📅 No se encontraron citas en 5 días, creando una cita...
📅 Creando nueva cita usando utils...
[2026-07-31T19:59:58.366Z] ℹ️  Explorando próximos 5 días para registrar una cita...
[2026-07-31T20:00:04.970Z] ℹ️  Buscando botón "Agendar cita"...
[2026-07-31T20:00:05.534Z] ℹ️  Comboboxes en wizard: 1
[2026-07-31T20:00:06.272Z] ℹ️  Esperando 2s a que carguen opciones...
[2026-07-31T20:00:08.306Z] ℹ️  Opciones encontradas: 10
[2026-07-31T20:00:08.423Z] ✅ Opción seleccionada
[2026-07-31T20:00:11.596Z] ℹ️  Selects en paso 2: 2
[2026-07-31T20:00:11.603Z] ℹ️  Opciones tipo consulta: 4
[2026-07-31T20:00:13.197Z] ℹ️  Opciones hospital: 6
[2026-07-31T20:00:14.390Z] ℹ️  Buscando input de fecha...
[2026-07-31T20:00:16.421Z] ✅ Input de fecha encontrado con selector: input[type="date"]
[2026-07-31T20:00:16.433Z] ℹ️  Intentando registrar cita en: 2026-07-31
[2026-07-31T20:00:18.580Z] ⚠️  No hay horas disponibles en 2026-07-31
[2026-07-31T20:00:18.580Z] ℹ️  Intentando registrar cita en: 2026-08-01
[2026-07-31T20:00:20.682Z] ⚠️  No hay horas disponibles en 2026-08-01
[2026-07-31T20:00:20.682Z] ℹ️  Intentando registrar cita en: 2026-08-02
[2026-07-31T20:00:22.793Z] ⚠️  No hay horas disponibles en 2026-08-02
[2026-07-31T20:00:22.793Z] ℹ️  Intentando registrar cita en: 2026-08-03
[2026-07-31T20:00:24.908Z] ✅ Horas disponibles en 2026-08-03: 198
[2026-07-31T20:00:24.929Z] ℹ️  Intentando seleccionar hora: 09:45
[2026-07-31T20:00:26.086Z] ✅ Hora seleccionada exitosamente
[2026-07-31T20:00:30.364Z] ✅ Cita registrada exitosamente en 2026-08-03
✅ Cita creada exitosamente
🔙 Volviendo a Dashboard...
[2026-07-31T20:00:34.066Z] ℹ️  Buscando botón Iniciar en los próximos 5 días...
[2026-07-31T20:00:34.723Z] ⚠️  Calendario del Dashboard no renderizó (intento 1/3), recargando...
[2026-07-31T20:00:37.042Z] ⚠️  Calendario del Dashboard no renderizó (intento 2/3), recargando...
[2026-07-31T20:00:39.187Z] ⚠️  Calendario del Dashboard no renderizó (intento 3/3), recargando...
[2026-07-31T20:00:41.474Z] ⚠️  El calendario del Dashboard no llegó a renderizar (td[data-day])
[2026-07-31T20:00:41.474Z] ℹ️  Revisando fecha: 2026-07-31
[2026-07-31T20:00:41.499Z] ℹ️  Revisando fecha: 2026-08-01
[2026-07-31T20:00:43.681Z] ✅ Encontrados 1 botones Iniciar visibles en 2026-08-01
▶️ Iniciando consulta...

🧪 === PRUEBA DE VALIDACIÓN DE SIGNOS VITALES ===

📋 Probando valores INVÁLIDOS (letras, valores extremos):

  Peso: "abc123" -> "123" | BLOQUEÓ ✅
  Peso (extremo): "99999" -> "99999" | ACEPTÓ ❌
  Talla: "tres" -> "" | BLOQUEÓ ✅
  Talla (extremo): "999" -> "999" | ACEPTÓ ❌
  Presión Arterial: "abc/def" -> "/" | BLOQUEÓ ✅
  Presión (extremo): "999/999" -> "999/999" | ACEPTÓ ❌
  Temperatura: "treinta" -> "" | BLOQUEÓ ✅
  Temperatura (extremo): "150" -> "15" | BLOQUEÓ ✅
  Frecuencia Cardiaca: "corazon" -> "" | BLOQUEÓ ✅
  FC (extremo): "999" -> "999" | ACEPTÓ ❌
  Oxigenación: "aire" -> "" | BLOQUEÓ ✅
  Oxigenación (extremo): "500" -> "500" | ACEPTÓ ❌
  Frecuencia Respiratoria: "respirar" -> "" | BLOQUEÓ ✅
  FR (extremo): "200" -> "200" | ACEPTÓ ❌

📊 === REPORTE DE VALIDACIÓN ===
════════════════════════════════════════════════════════════════════════════════

🔹 Peso:
   Valor probado: "abc123"
   Resultado: ✅ BLOQUEÓ (CORRECTO)
   Nota: ✅ BLOQUEADO: Aceptó solo números "123"

🔹 Peso (extremo):
   Valor probado: "99999"
   Resultado: ❌ ACEPTÓ (INCORRECTO)
   Nota: ❌ VULNERABLE: Aceptó valor inválido completo

🔹 Talla:
   Valor probado: "tres"
   Resultado: ✅ BLOQUEÓ (CORRECTO)
   Nota: ✅ BLOQUEADO: Valor vacío o 0

🔹 Talla (extremo):
   Valor probado: "999"
   Resultado: ❌ ACEPTÓ (INCORRECTO)
   Nota: ❌ VULNERABLE: Aceptó valor inválido completo

🔹 Presión Arterial:
   Valor probado: "abc/def"
   Resultado: ✅ BLOQUEÓ (CORRECTO)
   Nota: ✅ BLOQUEADO: Aceptó solo números "/"

🔹 Presión (extremo):
   Valor probado: "999/999"
   Resultado: ❌ ACEPTÓ (INCORRECTO)
   Nota: ❌ VULNERABLE: Aceptó valor inválido completo

🔹 Temperatura:
   Valor probado: "treinta"
   Resultado: ✅ BLOQUEÓ (CORRECTO)
   Nota: ✅ BLOQUEADO: Valor vacío o 0

🔹 Temperatura (extremo):
   Valor probado: "150"
   Resultado: ✅ BLOQUEÓ (CORRECTO)
   Nota: ✅ BLOQUEADO: Aceptó solo números "15"

🔹 Frecuencia Cardiaca:
   Valor probado: "corazon"
   Resultado: ✅ BLOQUEÓ (CORRECTO)
   Nota: ✅ BLOQUEADO: Valor vacío o 0

🔹 FC (extremo):
   Valor probado: "999"
   Resultado: ❌ ACEPTÓ (INCORRECTO)
   Nota: ❌ VULNERABLE: Aceptó valor inválido completo

🔹 Oxigenación:
   Valor probado: "aire"
   Resultado: ✅ BLOQUEÓ (CORRECTO)
   Nota: ✅ BLOQUEADO: Valor vacío o 0

🔹 Oxigenación (extremo):
   Valor probado: "500"
   Resultado: ❌ ACEPTÓ (INCORRECTO)
   Nota: ❌ VULNERABLE: Aceptó valor inválido completo

🔹 Frecuencia Respiratoria:
   Valor probado: "respirar"
   Resultado: ✅ BLOQUEÓ (CORRECTO)
   Nota: ✅ BLOQUEADO: Valor vacío o 0

🔹 FR (extremo):
   Valor probado: "200"
   Resultado: ❌ ACEPTÓ (INCORRECTO)
   Nota: ❌ VULNERABLE: Aceptó valor inválido completo

════════════════════════════════════════════════════════════════════════════════
📈 RESUMEN: 8 campos protegidos ✅ | 6 campos vulnerables ❌
════════════════════════════════════════════════════════════════════════════════

⚠️  CAMPOS VULNERABLES A INPUT INVÁLIDO: Peso (extremo), Talla (extremo), Presión (extremo), FC (extremo), Oxigenación (extremo), FR (extremo)

💉 Ahora llenando con valores válidos...
💓 Presión arterial: 120/80
🔄 Esperando redirección...
✅ Redirigido a página de consulta
⏳ Esperando carga completa de la consulta...
✅ Página de consulta cargada

🔍 Buscando pestaña: General
🎯 Llenando campos específicos para General
🔍 Buscando campo específico: hospital
⚠️ No se pudo encontrar o llenar el campo específico: hospital
🔍 Buscando campo específico: tipo de consulta
⚠️ No se pudo encontrar o llenar el campo específico: tipo de consulta
🔍 Buscando campo específico: motivo de la consulta
⚠️ No se pudo encontrar o llenar el campo específico: motivo de la consulta
🔍 Buscando campo específico: padecimiento actual
✅ Campo "padecimiento actual" llenado con: "Inicia padecimiento actual hace 3 días con cefalea frontal de tipo opresiva."
🔍 Buscando campo específico: notas de evolución
✅ Campo "notas de evolución" llenado con: "Evolución favorable sin complicaciones"
🔍 Buscando campo específico: nombre de referido
⚠️ No se pudo encontrar o llenar el campo específico: nombre de referido
📋 Sección General: Completando información correcta sin tests...
📝 Llenando campos de la pestaña: General
✅ Textarea 1 llenado
✅ Textarea 4 llenado
✅ Textarea 28 llenado
✅ Textarea 29 llenado
✅ Textarea 30 llenado
✅ Textarea 35 llenado
✅ Input 1 llenado
✅ Input 8 llenado
💾 Buscando botón guardar/continuar en General...
✅ Click en guardar/continuar

🔍 Buscando pestaña: Exploración
  x  2 [consultation-inputs-validation] › tests\consultation.inputs-validation.spec.ts:1547:5 › Start a scheduled consultation - Stress Test (2.5m)


  1) [consultation-inputs-validation] › tests\consultation.inputs-validation.spec.ts:1547:5 › Start a scheduled consultation - Stress Test 

    TimeoutError: page.waitForLoadState: Timeout 30000ms exceeded.

      1872 |     
      1873 |     await tabElement.click();
    > 1874 |     await page.waitForLoadState('networkidle');
           |                ^
      1875 |     await page.waitForTimeout(2000);
      1876 |     
      1877 |     if (requiredFields.length > 0) {
        at C:\Users\pandr\OneDrive\00_Pedro_Quijada\03_RYM-Solutions\Repositorios\MediplannerWebNuevo\tests\consultation.inputs-validation.spec.ts:1874:16

    attachment #1: screenshot (image/png) ──────────────────────────────────────────────────────────
    test-results\consultation.inputs-valida-6ac2d--consultation---Stress-Test-consultation-inputs-validation\test-failed-1.png
    ────────────────────────────────────────────────────────────────────────────────────────────────

    Error Context: test-results\consultation.inputs-valida-6ac2d--consultation---Stress-Test-consultation-inputs-validation\error-context.md

  1 failed
    [consultation-inputs-validation] › tests\consultation.inputs-validation.spec.ts:1547:5 › Start a scheduled consultation - Stress Test 
  1 passed (2.7m)
=== FIN PROYECTO vuelta=1 proyecto=consultation-inputs-validation exit=1 14:02:17 ===
=== INICIO PROYECTO vuelta=1 proyecto=consultation-user-errors 14:02:17 ===
[dotenv@17.3.1] injecting env (4) from .env -- tip: ⚙️  suppress all logs with { quiet: true }

Running 7 tests using 1 worker

[dotenv@17.3.1] injecting env (0) from .env -- tip: ⚙️  enable debug logging with { debug: true }
🔐 Iniciando proceso de autenticación...
🌐 URL base: https://admin-dev.mediplanner.mx/
📧 Email: dr.***@gmail.com
✅ Navegación exitosa a la página principal
⏳ Esperando formulario de login...
✅ Formulario de login detectado
✅ Campo email llenado
✅ Campo contraseña llenado
✅ Botón de login clickeado
✅ Página principal cargada
✅ Autenticación exitosa - Redirigido fuera de login
✅ Sesión guardada en storageState.json
  ok 1 [setup] › tests\auth.setup.ts:7:6 › authenticate (6.2s)
[dotenv@17.3.1] injecting env (0) from .env -- tip: ⚙️  override existing env vars with { override: true }
[2026-07-31T20:02:28.512Z] ℹ️  Explorando próximos 5 días para registrar una cita...
[2026-07-31T20:02:28.513Z] ℹ️  Paciente objetivo de la cita: "Daniela Jiménez"
❌ [REQUEST FAILED +1.18s] https://www.google-analytics.com/g/collect?v=2&tid=G-ZVKJ9CWYCW&gtm=45je67t1v9248896219za200zd9248896219&_p=1785528148854&gcd=13l3l3l3l1l1&npa=0&dma=0&_eu=AAAAAAQ&are=1&cid=1840091255.1785528142&frm=0&ngs=1&pscdl=noapi&rcb=0&sr=1536x960&uaa=x86&uab=64&uafvl=Chromium%3B145.0.7632.6%7CNot%253AA-Brand%3B99.0.0.0&uam=&uamb=0&uap=Windows&uapv=10.0&uaw=0&ul=en-us&_s=1&tag_exp=115938466~115938468~118897920~118897930~119527019~119896802&sid=1785528141&sct=1&seg=1&dl=https%3A%2F%2Fadmin-dev.mediplanner.mx%2FCitas&dt=Mediplanner&en=page_view&_ee=1&tfd=912 — net::ERR_ABORTED
❌ [REQUEST FAILED +5.28s] https://mediplanner-atencion.zendesk.com/frontendevents/pv?client=1B752747-577B-429A-A0E0-83861AF69088 — net::ERR_ABORTED
❌ [REQUEST FAILED +6.10s] https://www.google-analytics.com/g/collect?v=2&tid=G-ZVKJ9CWYCW&gtm=45je67t1v9248896219za200zd9248896219&_p=1785528148854&gcd=13l3l3l3l1l1&npa=0&dma=0&_eu=AEAAAAQ&ae=a&are=1&cid=1840091255.1785528142&frm=0&ngs=1&pscdl=noapi&rcb=0&sr=1536x960&uaa=x86&uab=64&uafvl=Chromium%3B145.0.7632.6%7CNot%253AA-Brand%3B99.0.0.0&uam=&uamb=0&uap=Windows&uapv=10.0&uaw=0&ul=en-us&_s=2&tag_exp=115938466~115938468~118897920~118897930~119527019~119896802&sid=1785528141&sct=1&seg=1&dl=https%3A%2F%2Fadmin-dev.mediplanner.mx%2FCitas&dt=Mediplanner&en=scroll&epn.percent_scrolled=90&_et=4&tfd=5915 — net::ERR_ABORTED
📤 [API REQUEST    +15.11s] POST https://admin-dev.mediplanner.mx/api/permissions/getPermissions
📤 [API REQUEST    +15.11s] GET https://admin-dev.mediplanner.mx/api/profile/getProfile
📤 [API REQUEST    +15.56s] POST https://admin-dev.mediplanner.mx/api/appointments/getFilteredAppointments
✅ [API RESPONSE   +16.18s] (1069ms) 200 https://admin-dev.mediplanner.mx/api/permissions/getPermissions → {"status":"OK","data":[{"id":1,"name":"Consultar","module":"Usuarios","module_id":1,"active":false},{"id":2,"name":"Crea
✅ [API RESPONSE   +16.19s] (1078ms) 200 https://admin-dev.mediplanner.mx/api/profile/getProfile → {"status":"OK","data":{"id":467,"sNombre":"Walter","sPaterno":"Hartwell","sMaterno":"White","sCorreo":"dpichardo@rym-sol
✅ [API RESPONSE   +17.74s] (2183ms) 200 https://admin-dev.mediplanner.mx/api/appointments/getFilteredAppointments → {"status":"OK","data":[{"title":"Consulta inicial","doctor_id":467,"doctor_name":"Dr.Walter Hartwell White","doctor_img"
[2026-07-31T20:02:49.257Z] ℹ️  Buscando botón "Agendar cita"...
🔴 [DEVTOOLS ERROR +21.35s] data-stepper-next not found
📤 [API REQUEST    +21.36s] POST https://admin-dev.mediplanner.mx/api/patients/getPatients
📤 [API REQUEST    +21.36s] POST https://admin-dev.mediplanner.mx/api/appointments/getAppointmentTypes
[2026-07-31T20:02:49.854Z] ℹ️  Comboboxes en wizard: 1
✅ [API RESPONSE   +22.07s] (713ms) 200 https://admin-dev.mediplanner.mx/api/appointments/getAppointmentTypes → {"status":"OK","data":[{"doctor_id":467,"relacion_id":1,"cita_nombre":"Consulta inicial","duracion":5,"producto_id":0,"u
📤 [API REQUEST    +22.23s] POST https://admin-dev.mediplanner.mx/api/patients/getPatients
[2026-07-31T20:02:50.786Z] ℹ️  Buscando: "Daniela Jiménez" (intento 1/5)...
❌ [REQUEST FAILED +22.64s] https://mediplanner-atencion.zendesk.com/frontendevents/pv?client=1B752747-577B-429A-A0E0-83861AF69088 — net::ERR_ABORTED
✅ [API RESPONSE   +23.68s] (1459ms) 200 https://admin-dev.mediplanner.mx/api/patients/getPatients → {"status":"OK","data":{"patients":[{"id":474,"iUsuarioDrId":467,"sImagen":"","sNombre":"Daniela","sPaterno":"Jiménez","s
✅ [API RESPONSE   +23.69s] (2333ms) 200 https://admin-dev.mediplanner.mx/api/patients/getPatients → {"status":"OK","data":{"patients":[{"id":527,"iUsuarioDrId":467,"sImagen":"https://s3.amazonaws.com/s3.mediplanner.mx/us
[2026-07-31T20:02:52.815Z] ℹ️  Opciones encontradas: 10
[2026-07-31T20:02:52.969Z] ✅ Opción seleccionada (coincide "Daniela Jiménez"): "Daniela Jiménez Durán"
❌ [REQUEST FAILED +26.97s] https://www.google-analytics.com/g/collect?v=2&tid=G-ZVKJ9CWYCW&gtm=45je67t1v9248896219za200zd9248896219&_p=1785528148854&gcd=13l3l3l3l1l1&npa=0&dma=0&_eu=AEAAAAQ&ae=a&are=1&cid=1840091255.1785528142&frm=0&ngs=1&pscdl=noapi&rcb=0&sr=1536x960&uaa=x86&uab=64&uafvl=Chromium%3B145.0.7632.6%7CNot%253AA-Brand%3B99.0.0.0&uam=&uamb=0&uap=Windows&uapv=10.0&uaw=0&ul=en-us&_s=3&tag_exp=115938466~115938468~118897920~118897930~119527019~119896802&dl=https%3A%2F%2Fadmin-dev.mediplanner.mx%2FCitas%2FCrearCita&dr=https%3A%2F%2Fadmin-dev.mediplanner.mx%2FCitas&sid=1785528141&sct=1&seg=1&dt=Mediplanner&en=page_view&_et=20927&tfd=26859 — net::ERR_ABORTED
[2026-07-31T20:02:56.147Z] ℹ️  Selects en paso 2: 2
[2026-07-31T20:02:56.154Z] ℹ️  Opciones tipo consulta: 4
[2026-07-31T20:02:57.749Z] ℹ️  Opciones hospital: 6
[2026-07-31T20:02:58.955Z] ℹ️  Buscando input de fecha...
[2026-07-31T20:03:00.977Z] ✅ Input de fecha encontrado con selector: input[type="date"]
[2026-07-31T20:03:00.993Z] ℹ️  Intentando registrar cita en: 2026-07-31
📤 [API REQUEST    +32.52s] POST https://admin-dev.mediplanner.mx/api/appointments/getFreeSchedules
✅ [API RESPONSE   +33.41s] (888ms) 200 https://admin-dev.mediplanner.mx/api/appointments/getFreeSchedules → {"status":"OK","data":[]}
[2026-07-31T20:03:03.119Z] ⚠️  No hay horas disponibles en 2026-07-31
[2026-07-31T20:03:03.119Z] ℹ️  Intentando registrar cita en: 2026-08-01
📤 [API REQUEST    +34.65s] POST https://admin-dev.mediplanner.mx/api/appointments/getFreeSchedules
✅ [API RESPONSE   +35.05s] (402ms) 200 https://admin-dev.mediplanner.mx/api/appointments/getFreeSchedules → {"status":"OK","data":[]}
[2026-07-31T20:03:05.234Z] ⚠️  No hay horas disponibles en 2026-08-01
[2026-07-31T20:03:05.234Z] ℹ️  Intentando registrar cita en: 2026-08-02
📤 [API REQUEST    +36.77s] POST https://admin-dev.mediplanner.mx/api/appointments/getFreeSchedules
✅ [API RESPONSE   +37.18s] (405ms) 200 https://admin-dev.mediplanner.mx/api/appointments/getFreeSchedules → {"status":"OK","data":[]}
[2026-07-31T20:03:07.356Z] ⚠️  No hay horas disponibles en 2026-08-02
[2026-07-31T20:03:07.356Z] ℹ️  Intentando registrar cita en: 2026-08-03
📤 [API REQUEST    +38.88s] POST https://admin-dev.mediplanner.mx/api/appointments/getFreeSchedules
✅ [API RESPONSE   +39.48s] (591ms) 200 https://admin-dev.mediplanner.mx/api/appointments/getFreeSchedules → {"status":"OK","data":[{"hora_inicio":"09:50:00","hora_fin":"09:55:00"},{"hora_inicio":"09:55:00","hora_fin":"10:00:00"}
[2026-07-31T20:03:09.472Z] ✅ Horas disponibles en 2026-08-03: 196
[2026-07-31T20:03:09.486Z] ℹ️  Intentando seleccionar hora: 09:50
[2026-07-31T20:03:10.631Z] ✅ Hora seleccionada exitosamente
📤 [API REQUEST    +43.43s] POST https://admin-dev.mediplanner.mx/api/appointments/createAppointment
✅ [API RESPONSE   +45.96s] (2527ms) 200 https://admin-dev.mediplanner.mx/api/appointments/createAppointment → {"status":"OK","data":{"relacion_id":600,"message":"Cita creada correctamente"}}
[2026-07-31T20:03:14.914Z] ✅ Cita registrada exitosamente en 2026-08-03
❌ [REQUEST FAILED +46.62s] https://p.clarity.ms/collect — net::ERR_ABORTED
❌ [REQUEST FAILED +46.62s] https://www.google-analytics.com/g/collect?v=2&tid=G-ZVKJ9CWYCW&gtm=45je67t1v9248896219za200zd9248896219&_p=1785528148854&gcd=13l3l3l3l1l1&npa=0&dma=0&_eu=AAAAAAQ&are=1&cid=1840091255.1785528142&frm=0&ngs=1&pscdl=noapi&rcb=0&sr=1536x960&uaa=x86&uab=64&uafvl=Chromium%3B145.0.7632.6%7CNot%253AA-Brand%3B99.0.0.0&uam=&uamb=0&uap=Windows&uapv=10.0&uaw=0&ul=en-us&_s=4&tag_exp=115938466~115938468~118897920~118897930~119527019~119896802&sid=1785528141&sct=1&seg=1&dl=https%3A%2F%2Fadmin-dev.mediplanner.mx%2FCitas%2FCrearCita&dr=https%3A%2F%2Fadmin-dev.mediplanner.mx%2FCitas&dt=Mediplanner&en=user_engagement&_et=24723&tfd=46575 — net::ERR_ABORTED
❌ [REQUEST FAILED +47.01s] https://mediplanner-atencion.zendesk.com/frontendevents/pv?client=1B752747-577B-429A-A0E0-83861AF69088 — net::ERR_ABORTED
❌ [REQUEST FAILED +47.13s] https://www.google-analytics.com/g/collect?v=2&tid=G-ZVKJ9CWYCW&gtm=45je67t1v9248896219za200zd9248896219&_p=1785528195205&gcd=13l3l3l3l1l1&npa=0&dma=0&_eu=AAAAAAQ&are=1&cid=1840091255.1785528142&frm=0&ngs=1&pscdl=noapi&rcb=12&sr=1536x960&uaa=x86&uab=64&uafvl=Chromium%3B145.0.7632.6%7CNot%253AA-Brand%3B99.0.0.0&uam=&uamb=0&uap=Windows&uapv=10.0&uaw=0&ul=en-us&_s=1&tag_exp=115938465~115938469~118395333~118897920~118897930~119896802&sid=1785528141&sct=1&seg=1&dl=https%3A%2F%2Fadmin-dev.mediplanner.mx%2FDashboard&dt=Mediplanner&en=page_view&_ee=1&tfd=500 — net::ERR_ABORTED
📤 [API REQUEST    +47.25s] POST https://admin-dev.mediplanner.mx/api/permissions/getPermissions
📤 [API REQUEST    +47.25s] GET https://admin-dev.mediplanner.mx/api/profile/getProfile
📤 [API REQUEST    +47.67s] POST https://admin-dev.mediplanner.mx/api/appointments/getFilteredAppointments
📤 [API REQUEST    +47.67s] POST https://admin-dev.mediplanner.mx/api/dashboard/getDashboardData
📤 [API REQUEST    +47.67s] POST https://admin-dev.mediplanner.mx/api/procedures/getLastProceduresFilesByDoctorId
📤 [API REQUEST    +47.67s] POST https://admin-dev.mediplanner.mx/api/dashboard/getDashboardPayments
📤 [API REQUEST    +47.67s] POST https://admin-dev.mediplanner.mx/api/wizard/getActiveStep
📤 [API REQUEST    +47.70s] POST https://admin-dev.mediplanner.mx/api/appointments/getAppointmentCount
✅ [API RESPONSE   +47.80s] (549ms) 200 https://admin-dev.mediplanner.mx/api/permissions/getPermissions → {"status":"OK","data":[{"id":1,"name":"Consultar","module":"Usuarios","module_id":1,"active":false},{"id":2,"name":"Crea
✅ [API RESPONSE   +47.95s] (705ms) 200 https://admin-dev.mediplanner.mx/api/profile/getProfile → {"status":"OK","data":{"id":467,"sNombre":"Walter","sPaterno":"Hartwell","sMaterno":"White","sCorreo":"dpichardo@rym-sol
✅ [API RESPONSE   +48.27s] (599ms) 200 https://admin-dev.mediplanner.mx/api/wizard/getActiveStep → {"status":"OK","data":{"activeStep":5,"date":"2026-07-31 14:00:34"}}
✅ [API RESPONSE   +48.39s] (725ms) 200 https://admin-dev.mediplanner.mx/api/procedures/getLastProceduresFilesByDoctorId → {"status":"OK","data":{"procedimientos":[{"paciente_id":894,"paciente_nombre":"Agustin Tapia Nievas","procedimiento_id":
✅ [API RESPONSE   +48.55s] (885ms) 200 https://admin-dev.mediplanner.mx/api/dashboard/getDashboardData → {"status":"OK","data":{"monthConsultations":{"count":68,"percentage":0},"recurring":{"count":15,"percentage":650},"patie
✅ [API RESPONSE   +48.56s] (862ms) 200 https://admin-dev.mediplanner.mx/api/appointments/getAppointmentCount → {"status":"OK","data":[{"date":"2026-07-01","count":0},{"date":"2026-07-02","count":0},{"date":"2026-07-03","count":0},{
✅ [API RESPONSE   +48.73s] (1057ms) 200 https://admin-dev.mediplanner.mx/api/dashboard/getDashboardPayments → {"status":"OK","data":{"grafica_actual":[{"etiqueta":"Viernes","total_pagos":0,"monto":0}],"grafica_anterior":[{"etiquet
✅ [API RESPONSE   +48.88s] (1215ms) 200 https://admin-dev.mediplanner.mx/api/appointments/getFilteredAppointments → {"status":"OK","data":[]}
❌ [REQUEST FAILED +49.04s] https://mediplanner-atencion.zendesk.com/frontendevents/pv?client=1B752747-577B-429A-A0E0-83861AF69088 — net::ERR_ABORTED
📤 [API REQUEST    +50.47s] POST https://admin-dev.mediplanner.mx/api/wizard/getActiveStep
[2026-07-31T20:03:19.024Z] ℹ️  Buscando botón Iniciar para "Daniela" en los próximos 5 días...
❌ [REQUEST FAILED +50.75s] https://www.google-analytics.com/g/collect?v=2&tid=G-ZVKJ9CWYCW&gtm=45je67t1v9248896219za200zd9248896219&_p=1785528195205&gcd=13l3l3l3l1l1&npa=0&dma=0&_eu=AEAAAAQ&ae=a&are=1&cid=1840091255.1785528142&frm=0&ngs=1&pscdl=noapi&rcb=12&sr=1536x960&uaa=x86&uab=64&uafvl=Chromium%3B145.0.7632.6%7CNot%253AA-Brand%3B99.0.0.0&uam=&uamb=0&uap=Windows&uapv=10.0&uaw=0&ul=en-us&tag_exp=115938465~115938469~118395333~118897920~118897930~119896802&sid=1785528141&sct=1&seg=1&dl=https%3A%2F%2Fadmin-dev.mediplanner.mx%2FDashboard&dt=Mediplanner&_s=2&tfd=4295 — net::ERR_ABORTED
❌ [REQUEST FAILED +50.75s] https://www.google-analytics.com/g/collect?v=2&tid=G-ZVKJ9CWYCW&gtm=45je67t1v9248896219za200zd9248896219&_p=1785528195205&gcd=13l3l3l3l1l1&npa=0&dma=0&_eu=AAAAAAQ&are=1&cid=1840091255.1785528142&frm=0&ngs=1&pscdl=noapi&rcb=12&sr=1536x960&uaa=x86&uab=64&uafvl=Chromium%3B145.0.7632.6%7CNot%253AA-Brand%3B99.0.0.0&uam=&uamb=0&uap=Windows&uapv=10.0&uaw=0&ul=en-us&_s=3&tag_exp=115938465~115938469~118395333~118897920~118897930~119896802&sid=1785528141&sct=1&seg=1&dl=https%3A%2F%2Fadmin-dev.mediplanner.mx%2Fwizard%2Fonboarding&dr=https%3A%2F%2Fadmin-dev.mediplanner.mx%2FDashboard&dt=Mediplanner&en=user_engagement&_et=1454&tfd=4296 — net::ERR_ABORTED
❌ [REQUEST FAILED +50.75s] https://p.clarity.ms/collect — net::ERR_ABORTED
✅ [API RESPONSE   +50.72s] (246ms) 200 https://admin-dev.mediplanner.mx/api/wizard/getActiveStep
📤 [API REQUEST    +51.08s] POST https://admin-dev.mediplanner.mx/api/permissions/getPermissions
📤 [API REQUEST    +51.08s] GET https://admin-dev.mediplanner.mx/api/profile/getProfile
📤 [API REQUEST    +51.08s] POST https://admin-dev.mediplanner.mx/api/appointments/getFilteredAppointments
📤 [API REQUEST    +51.08s] POST https://admin-dev.mediplanner.mx/api/dashboard/getDashboardData
📤 [API REQUEST    +51.09s] POST https://admin-dev.mediplanner.mx/api/procedures/getLastProceduresFilesByDoctorId
📤 [API REQUEST    +51.09s] POST https://admin-dev.mediplanner.mx/api/dashboard/getDashboardPayments
❌ [REQUEST FAILED +51.09s] https://mediplanner-atencion.zendesk.com/frontendevents/pv?client=1B752747-577B-429A-A0E0-83861AF69088 — net::ERR_ABORTED
❌ [REQUEST FAILED +51.09s] https://www.google-analytics.com/g/collect?v=2&tid=G-ZVKJ9CWYCW&gtm=45je67t1v9248896219za200zd9248896219&_p=1785528199370&gcd=13l3l3l3l1l1&npa=0&dma=0&_eu=AAAAAAQ&are=1&cid=1840091255.1785528142&frm=0&ngs=1&pscdl=noapi&rcb=9&sr=1536x960&uaa=x86&uab=64&uafvl=Chromium%3B145.0.7632.6%7CNot%253AA-Brand%3B99.0.0.0&uam=&uamb=0&uap=Windows&uapv=10.0&uaw=0&ul=en-us&_s=1&tag_exp=115616985~115938465~115938469~118395335~118897920~118897930~119896803~120222307&sid=1785528141&sct=1&seg=1&dl=https%3A%2F%2Fadmin-dev.mediplanner.mx%2FDashboard&dt=Mediplanner&en=page_view&_ee=1&tfd=486 — net::ERR_ABORTED
📤 [API REQUEST    +51.10s] POST https://admin-dev.mediplanner.mx/api/appointments/getAppointmentCount
[2026-07-31T20:03:19.767Z] ⚠️  Calendario del Dashboard no renderizó (intento 1/3), recargando...
❌ [REQUEST FAILED +51.98s] https://admin-dev.mediplanner.mx/api/appointments/getAppointmentCount — net::ERR_ABORTED
❌ [REQUEST FAILED +51.98s] https://p.clarity.ms/collect — net::ERR_ABORTED
❌ [REQUEST FAILED +51.98s] https://www.google-analytics.com/g/collect?v=2&tid=G-ZVKJ9CWYCW&gtm=45je67t1v9248896219za200zd9248896219&_p=1785528199370&gcd=13l3l3l3l1l1&npa=0&dma=0&_eu=AEAAAAQ&ae=a&are=1&cid=1840091255.1785528142&frm=0&ngs=1&pscdl=noapi&rcb=9&sr=1536x960&uaa=x86&uab=64&uafvl=Chromium%3B145.0.7632.6%7CNot%253AA-Brand%3B99.0.0.0&uam=&uamb=0&uap=Windows&uapv=10.0&uaw=0&ul=en-us&_s=2&tag_exp=115616985~115938465~115938469~118395335~118897920~118897930~119896803~120222307&sid=1785528141&sct=1&seg=1&dl=https%3A%2F%2Fadmin-dev.mediplanner.mx%2FDashboard&dt=Mediplanner&en=scroll&epn.percent_scrolled=90&_et=3&tfd=1424 — net::ERR_ABORTED
✅ [API RESPONSE   +51.75s] (665ms) 200 https://admin-dev.mediplanner.mx/api/appointments/getFilteredAppointments
✅ [API RESPONSE   +51.75s] (667ms) 200 https://admin-dev.mediplanner.mx/api/procedures/getLastProceduresFilesByDoctorId
✅ [API RESPONSE   +51.85s] (765ms) 200 https://admin-dev.mediplanner.mx/api/permissions/getPermissions
✅ [API RESPONSE   +51.85s] (770ms) 200 https://admin-dev.mediplanner.mx/api/dashboard/getDashboardData
✅ [API RESPONSE   +51.86s] (773ms) 200 https://admin-dev.mediplanner.mx/api/profile/getProfile
✅ [API RESPONSE   +51.96s] (875ms) 200 https://admin-dev.mediplanner.mx/api/dashboard/getDashboardPayments
❌ [REQUEST FAILED +52.26s] https://www.google-analytics.com/g/collect?v=2&tid=G-ZVKJ9CWYCW&gtm=45je67t1v9248896219za200zd9248896219&_p=1785528200570&gcd=13l3l3l3l1l1&npa=0&dma=0&_eu=AAAAAAQ&are=1&cid=1840091255.1785528142&frm=0&ngs=1&pscdl=noapi&rcb=16&sr=1536x960&uaa=x86&uab=64&uafvl=Chromium%3B145.0.7632.6%7CNot%253AA-Brand%3B99.0.0.0&uam=&uamb=0&uap=Windows&uapv=10.0&uaw=0&ul=en-us&_s=1&tag_exp=115616985~115938465~115938468~118897920~118897930~119896803~120222309&sid=1785528141&sct=1&seg=1&dl=https%3A%2F%2Fadmin-dev.mediplanner.mx%2FDashboard&dt=Mediplanner&en=page_view&_ee=1&tfd=879 — net::ERR_ABORTED
📤 [API REQUEST    +52.37s] POST https://admin-dev.mediplanner.mx/api/permissions/getPermissions
📤 [API REQUEST    +52.37s] GET https://admin-dev.mediplanner.mx/api/profile/getProfile
📤 [API REQUEST    +52.37s] POST https://admin-dev.mediplanner.mx/api/appointments/getFilteredAppointments
📤 [API REQUEST    +52.37s] POST https://admin-dev.mediplanner.mx/api/dashboard/getDashboardData
📤 [API REQUEST    +52.37s] POST https://admin-dev.mediplanner.mx/api/procedures/getLastProceduresFilesByDoctorId
📤 [API REQUEST    +52.37s] POST https://admin-dev.mediplanner.mx/api/dashboard/getDashboardPayments
❌ [REQUEST FAILED +52.38s] https://mediplanner-atencion.zendesk.com/frontendevents/pv?client=1B752747-577B-429A-A0E0-83861AF69088 — net::ERR_ABORTED
📤 [API REQUEST    +52.38s] POST https://admin-dev.mediplanner.mx/api/appointments/getAppointmentCount
✅ [API RESPONSE   +52.97s] (602ms) 200 https://admin-dev.mediplanner.mx/api/procedures/getLastProceduresFilesByDoctorId → {"status":"OK","data":{"procedimientos":[{"paciente_id":894,"paciente_nombre":"Agustin Tapia Nievas","procedimiento_id":
✅ [API RESPONSE   +53.07s] (704ms) 200 https://admin-dev.mediplanner.mx/api/dashboard/getDashboardData → {"status":"OK","data":{"monthConsultations":{"count":68,"percentage":0},"recurring":{"count":15,"percentage":650},"patie
✅ [API RESPONSE   +53.08s] (710ms) 200 https://admin-dev.mediplanner.mx/api/permissions/getPermissions → {"status":"OK","data":[{"id":1,"name":"Consultar","module":"Usuarios","module_id":1,"active":false},{"id":2,"name":"Crea
✅ [API RESPONSE   +53.10s] (736ms) 200 https://admin-dev.mediplanner.mx/api/profile/getProfile → {"status":"OK","data":{"id":467,"sNombre":"Walter","sPaterno":"Hartwell","sMaterno":"White","sCorreo":"dpichardo@rym-sol
✅ [API RESPONSE   +53.18s] (794ms) 200 https://admin-dev.mediplanner.mx/api/appointments/getAppointmentCount → {"status":"OK","data":[{"date":"2026-07-01","count":0},{"date":"2026-07-02","count":0},{"date":"2026-07-03","count":0},{
✅ [API RESPONSE   +53.24s] (871ms) 200 https://admin-dev.mediplanner.mx/api/appointments/getFilteredAppointments → {"status":"OK","data":[]}
✅ [API RESPONSE   +53.25s] (885ms) 200 https://admin-dev.mediplanner.mx/api/dashboard/getDashboardPayments → {"status":"OK","data":{"grafica_actual":[{"etiqueta":"Viernes","total_pagos":0,"monto":0}],"grafica_anterior":[{"etiquet
[2026-07-31T20:03:22.344Z] ⚠️  Calendario del Dashboard no renderizó (intento 2/3), recargando...
❌ [REQUEST FAILED +54.01s] https://mediplanner-atencion.zendesk.com/frontendevents/dl?client=1B752747-577B-429A-A0E0-83861AF69088 — net::ERR_ABORTED
❌ [REQUEST FAILED +54.01s] https://www.google-analytics.com/g/collect?v=2&tid=G-ZVKJ9CWYCW&gtm=45je67t1v9248896219za200zd9248896219&_p=1785528200570&gcd=13l3l3l3l1l1&npa=0&dma=0&_eu=AAAAAAQ&are=1&cid=1840091255.1785528142&frm=0&ngs=1&pscdl=noapi&rcb=16&sr=1536x960&uaa=x86&uab=64&uafvl=Chromium%3B145.0.7632.6%7CNot%253AA-Brand%3B99.0.0.0&uam=&uamb=0&uap=Windows&uapv=10.0&uaw=0&ul=en-us&_s=3&tag_exp=115616985~115938465~115938468~118897920~118897930~119896803~120222309&sid=1785528141&sct=1&seg=1&dl=https%3A%2F%2Fadmin-dev.mediplanner.mx%2FDashboard&dt=Mediplanner&en=user_engagement&_et=1833&tfd=2715 — net::ERR_ABORTED
❌ [REQUEST FAILED +54.01s] https://p.clarity.ms/collect — net::ERR_ABORTED
❌ [REQUEST FAILED +54.01s] https://www.google-analytics.com/g/collect?v=2&tid=G-ZVKJ9CWYCW&gtm=45je67t1v9248896219za200zd9248896219&_p=1785528200570&gcd=13l3l3l3l1l1&npa=0&dma=0&_eu=AEAAAAQ&ae=a&are=1&cid=1840091255.1785528142&frm=0&ngs=1&pscdl=noapi&rcb=16&sr=1536x960&uaa=x86&uab=64&uafvl=Chromium%3B145.0.7632.6%7CNot%253AA-Brand%3B99.0.0.0&uam=&uamb=0&uap=Windows&uapv=10.0&uaw=0&ul=en-us&_s=2&tag_exp=115616985~115938465~115938468~118897920~118897930~119896803~120222309&sid=1785528141&sct=1&seg=1&dl=https%3A%2F%2Fadmin-dev.mediplanner.mx%2FDashboard&dt=Mediplanner&en=scroll&epn.percent_scrolled=90&_et=16&tfd=2715 — net::ERR_ABORTED
❌ [REQUEST FAILED +54.34s] https://www.google-analytics.com/g/collect?v=2&tid=G-ZVKJ9CWYCW&gtm=45je67t1v9248896219za200zd9248896219&_p=1785528202605&gcd=13l3l3l3l1l1&npa=0&dma=0&_eu=AAAAAAQ&are=1&cid=1840091255.1785528142&frm=0&ngs=1&pscdl=noapi&rcb=5&sr=1536x960&uaa=x86&uab=64&uafvl=Chromium%3B145.0.7632.6%7CNot%253AA-Brand%3B99.0.0.0&uam=&uamb=0&uap=Windows&uapv=10.0&uaw=0&ul=en-us&_s=1&tag_exp=115616985~115938466~115938468~118897920~118897930~119527020~119896803&sid=1785528141&sct=1&seg=1&dl=https%3A%2F%2Fadmin-dev.mediplanner.mx%2FDashboard&dt=Mediplanner&en=page_view&_ee=1&tfd=325 — net::ERR_ABORTED
📤 [API REQUEST    +54.38s] POST https://admin-dev.mediplanner.mx/api/permissions/getPermissions
📤 [API REQUEST    +54.38s] GET https://admin-dev.mediplanner.mx/api/profile/getProfile
📤 [API REQUEST    +54.38s] POST https://admin-dev.mediplanner.mx/api/appointments/getFilteredAppointments
📤 [API REQUEST    +54.38s] POST https://admin-dev.mediplanner.mx/api/dashboard/getDashboardData
📤 [API REQUEST    +54.38s] POST https://admin-dev.mediplanner.mx/api/procedures/getLastProceduresFilesByDoctorId
📤 [API REQUEST    +54.38s] POST https://admin-dev.mediplanner.mx/api/dashboard/getDashboardPayments
📤 [API REQUEST    +54.40s] POST https://admin-dev.mediplanner.mx/api/appointments/getAppointmentCount
❌ [REQUEST FAILED +54.45s] https://mediplanner-atencion.zendesk.com/frontendevents/pv?client=1B752747-577B-429A-A0E0-83861AF69088 — net::ERR_ABORTED
✅ [API RESPONSE   +55.02s] (633ms) 200 https://admin-dev.mediplanner.mx/api/procedures/getLastProceduresFilesByDoctorId → {"status":"OK","data":{"procedimientos":[{"paciente_id":894,"paciente_nombre":"Agustin Tapia Nievas","procedimiento_id":
✅ [API RESPONSE   +55.22s] (839ms) 200 https://admin-dev.mediplanner.mx/api/appointments/getFilteredAppointments → {"status":"OK","data":[]}
✅ [API RESPONSE   +55.22s] (842ms) 200 https://admin-dev.mediplanner.mx/api/permissions/getPermissions → {"status":"OK","data":[{"id":1,"name":"Consultar","module":"Usuarios","module_id":1,"active":false},{"id":2,"name":"Crea
✅ [API RESPONSE   +55.23s] (843ms) 200 https://admin-dev.mediplanner.mx/api/dashboard/getDashboardData → {"status":"OK","data":{"monthConsultations":{"count":68,"percentage":0},"recurring":{"count":15,"percentage":650},"patie
✅ [API RESPONSE   +55.23s] (826ms) 200 https://admin-dev.mediplanner.mx/api/appointments/getAppointmentCount → {"status":"OK","data":[{"date":"2026-07-01","count":0},{"date":"2026-07-02","count":0},{"date":"2026-07-03","count":0},{
✅ [API RESPONSE   +55.23s] (848ms) 200 https://admin-dev.mediplanner.mx/api/profile/getProfile → {"status":"OK","data":{"id":467,"sNombre":"Walter","sPaterno":"Hartwell","sMaterno":"White","sCorreo":"dpichardo@rym-sol
✅ [API RESPONSE   +55.26s] (875ms) 200 https://admin-dev.mediplanner.mx/api/dashboard/getDashboardPayments → {"status":"OK","data":{"grafica_actual":[{"etiqueta":"Viernes","total_pagos":0,"monto":0}],"grafica_anterior":[{"etiquet
[2026-07-31T20:03:24.419Z] ⚠️  Calendario del Dashboard no renderizó (intento 3/3), recargando...
❌ [REQUEST FAILED +56.07s] https://mediplanner-atencion.zendesk.com/frontendevents/dl?client=1B752747-577B-429A-A0E0-83861AF69088 — net::ERR_ABORTED
❌ [REQUEST FAILED +56.07s] https://www.google-analytics.com/g/collect?v=2&tid=G-ZVKJ9CWYCW&gtm=45je67t1v9248896219za200zd9248896219&_p=1785528202605&gcd=13l3l3l3l1l1&npa=0&dma=0&_eu=AEAAAAQ&ae=a&are=1&cid=1840091255.1785528142&frm=0&ngs=1&pscdl=noapi&rcb=5&sr=1536x960&uaa=x86&uab=64&uafvl=Chromium%3B145.0.7632.6%7CNot%253AA-Brand%3B99.0.0.0&uam=&uamb=0&uap=Windows&uapv=10.0&uaw=0&ul=en-us&_s=2&tag_exp=115616985~115938466~115938468~118897920~118897930~119527020~119896803&sid=1785528141&sct=1&seg=1&dl=https%3A%2F%2Fadmin-dev.mediplanner.mx%2FDashboard&dt=Mediplanner&en=scroll&epn.percent_scrolled=90&_et=15&tfd=2198 — net::ERR_ABORTED
❌ [REQUEST FAILED +56.07s] https://p.clarity.ms/collect — net::ERR_ABORTED
❌ [REQUEST FAILED +56.07s] https://www.google-analytics.com/g/collect?v=2&tid=G-ZVKJ9CWYCW&gtm=45je67t1v9248896219za200zd9248896219&_p=1785528202605&gcd=13l3l3l3l1l1&npa=0&dma=0&_eu=AAAAAAQ&are=1&cid=1840091255.1785528142&frm=0&ngs=1&pscdl=noapi&rcb=5&sr=1536x960&uaa=x86&uab=64&uafvl=Chromium%3B145.0.7632.6%7CNot%253AA-Brand%3B99.0.0.0&uam=&uamb=0&uap=Windows&uapv=10.0&uaw=0&ul=en-us&_s=3&tag_exp=115616985~115938466~115938468~118897920~118897930~119527020~119896803&sid=1785528141&sct=1&seg=1&dl=https%3A%2F%2Fadmin-dev.mediplanner.mx%2FDashboard&dt=Mediplanner&en=user_engagement&_et=1868&tfd=2199 — net::ERR_ABORTED
❌ [REQUEST FAILED +56.07s] https://p.clarity.ms/collect — net::ERR_ABORTED
❌ [REQUEST FAILED +56.36s] https://www.google-analytics.com/g/collect?v=2&tid=G-ZVKJ9CWYCW&gtm=45je67t1v9248896219za200zd9248896219&_p=1785528204673&gcd=13l3l3l3l1l1&npa=0&dma=0&_eu=AAAAAAQ&are=1&cid=1840091255.1785528142&frm=0&ngs=1&pscdl=noapi&rcb=7&sr=1536x960&uaa=x86&uab=64&uafvl=Chromium%3B145.0.7632.6%7CNot%253AA-Brand%3B99.0.0.0&uam=&uamb=0&uap=Windows&uapv=10.0&uaw=0&ul=en-us&_s=1&tag_exp=115616986~115938465~115938469~118897920~118897930~119896802&sid=1785528141&sct=1&seg=1&dl=https%3A%2F%2Fadmin-dev.mediplanner.mx%2FDashboard&dt=Mediplanner&en=page_view&_ee=1&tfd=323 — net::ERR_ABORTED
📤 [API REQUEST    +56.40s] POST https://admin-dev.mediplanner.mx/api/permissions/getPermissions
📤 [API REQUEST    +56.40s] GET https://admin-dev.mediplanner.mx/api/profile/getProfile
📤 [API REQUEST    +56.40s] POST https://admin-dev.mediplanner.mx/api/appointments/getFilteredAppointments
📤 [API REQUEST    +56.40s] POST https://admin-dev.mediplanner.mx/api/dashboard/getDashboardData
📤 [API REQUEST    +56.40s] POST https://admin-dev.mediplanner.mx/api/procedures/getLastProceduresFilesByDoctorId
📤 [API REQUEST    +56.40s] POST https://admin-dev.mediplanner.mx/api/dashboard/getDashboardPayments
📤 [API REQUEST    +56.42s] POST https://admin-dev.mediplanner.mx/api/appointments/getAppointmentCount
❌ [REQUEST FAILED +56.44s] https://mediplanner-atencion.zendesk.com/frontendevents/pv?client=1B752747-577B-429A-A0E0-83861AF69088 — net::ERR_ABORTED
❌ [REQUEST FAILED +56.46s] https://mediplanner-atencion.zendesk.com/embeddable/config — net::ERR_ABORTED
✅ [API RESPONSE   +57.07s] (664ms) 200 https://admin-dev.mediplanner.mx/api/procedures/getLastProceduresFilesByDoctorId → {"status":"OK","data":{"procedimientos":[{"paciente_id":894,"paciente_nombre":"Agustin Tapia Nievas","procedimiento_id":
✅ [API RESPONSE   +57.27s] (872ms) 200 https://admin-dev.mediplanner.mx/api/permissions/getPermissions → {"status":"OK","data":[{"id":1,"name":"Consultar","module":"Usuarios","module_id":1,"active":false},{"id":2,"name":"Crea
✅ [API RESPONSE   +57.28s] (877ms) 200 https://admin-dev.mediplanner.mx/api/dashboard/getDashboardData → {"status":"OK","data":{"monthConsultations":{"count":68,"percentage":0},"recurring":{"count":15,"percentage":650},"patie
✅ [API RESPONSE   +57.28s] (881ms) 200 https://admin-dev.mediplanner.mx/api/profile/getProfile → {"status":"OK","data":{"id":467,"sNombre":"Walter","sPaterno":"Hartwell","sMaterno":"White","sCorreo":"dpichardo@rym-sol
✅ [API RESPONSE   +57.29s] (869ms) 200 https://admin-dev.mediplanner.mx/api/appointments/getAppointmentCount → {"status":"OK","data":[{"date":"2026-07-01","count":0},{"date":"2026-07-02","count":0},{"date":"2026-07-03","count":0},{
✅ [API RESPONSE   +57.30s] (892ms) 200 https://admin-dev.mediplanner.mx/api/appointments/getFilteredAppointments → {"status":"OK","data":[]}
✅ [API RESPONSE   +57.33s] (921ms) 200 https://admin-dev.mediplanner.mx/api/dashboard/getDashboardPayments → {"status":"OK","data":{"grafica_actual":[{"etiqueta":"Viernes","total_pagos":0,"monto":0}],"grafica_anterior":[{"etiquet
[2026-07-31T20:03:26.412Z] ⚠️  El calendario del Dashboard no llegó a renderizar (td[data-day])
📤 [API REQUEST    +58.01s] POST https://admin-dev.mediplanner.mx/api/appointments/getAppointmentCount
✅ [API RESPONSE   +58.30s] (282ms) 200 https://admin-dev.mediplanner.mx/api/appointments/getAppointmentCount → {"status":"OK","data":[{"date":"2026-08-01","count":1},{"date":"2026-08-02","count":0},{"date":"2026-08-03","count":11},
📤 [API REQUEST    +58.69s] POST https://admin-dev.mediplanner.mx/api/appointments/getFilteredAppointments
✅ [API RESPONSE   +59.13s] (442ms) 200 https://admin-dev.mediplanner.mx/api/appointments/getFilteredAppointments → {"status":"OK","data":[]}
📤 [API REQUEST    +60.26s] POST https://admin-dev.mediplanner.mx/api/appointments/getFilteredAppointments
✅ [API RESPONSE   +60.66s] (397ms) 200 https://admin-dev.mediplanner.mx/api/appointments/getFilteredAppointments → {"status":"OK","data":[]}
❌ [REQUEST FAILED +61.38s] https://www.google-analytics.com/g/collect?v=2&tid=G-ZVKJ9CWYCW&gtm=45je67t1v9248896219za200zd9248896219&_p=1785528204673&gcd=13l3l3l3l1l1&npa=0&dma=0&_eu=AEAAAAQ&ae=a&are=1&cid=1840091255.1785528142&frm=0&ngs=1&pscdl=noapi&rcb=7&sr=1536x960&uaa=x86&uab=64&uafvl=Chromium%3B145.0.7632.6%7CNot%253AA-Brand%3B99.0.0.0&uam=&uamb=0&uap=Windows&uapv=10.0&uaw=0&ul=en-us&_s=2&tag_exp=115616986~115938465~115938469~118897920~118897930~119896802&sid=1785528141&sct=1&seg=1&dl=https%3A%2F%2Fadmin-dev.mediplanner.mx%2FDashboard&dt=Mediplanner&en=scroll&epn.percent_scrolled=90&_et=16&tfd=5332 — net::ERR_ABORTED
📤 [API REQUEST    +61.76s] POST https://admin-dev.mediplanner.mx/api/appointments/getFilteredAppointments
✅ [API RESPONSE   +62.24s] (485ms) 200 https://admin-dev.mediplanner.mx/api/appointments/getFilteredAppointments → {"status":"OK","data":[{"title":"Consulta inicial","doctor_id":467,"doctor_name":"Dr.Walter Hartwell White","doctor_img"
[2026-07-31T20:03:31.819Z] ✅ Botón Iniciar de "Daniela" encontrado en 2026-08-03
📤 [API REQUEST    +63.51s] POST https://admin-dev.mediplanner.mx/api/appointments/getFilteredAppointments
📤 [API REQUEST    +63.52s] POST https://admin-dev.mediplanner.mx/api/patients/getPatient
✅ [API RESPONSE   +64.14s] (624ms) 200 https://admin-dev.mediplanner.mx/api/appointments/getFilteredAppointments → {"status":"OK","data":[{"title":"Consulta inicial","doctor_id":467,"doctor_name":"Dr.Walter Hartwell White","doctor_img"
✅ [API RESPONSE   +64.54s] (1022ms) 200 https://admin-dev.mediplanner.mx/api/patients/getPatient → {"status":"OK","data":{"id":474,"iEstatusId":2,"sEstatus":"Aceptada","sImagen":"","sNombre":"Daniela","sPaterno":"Jiméne
📤 [API REQUEST    +64.62s] POST https://admin-dev.mediplanner.mx/api/patients/getPatient
📤 [API REQUEST    +64.73s] POST https://admin-dev.mediplanner.mx/api/patients/getPatient
✅ [API RESPONSE   +65.06s] (440ms) 200 https://admin-dev.mediplanner.mx/api/patients/getPatient → {"status":"OK","data":{"id":474,"iEstatusId":2,"sEstatus":"Aceptada","sImagen":"","sNombre":"Daniela","sPaterno":"Jiméne
✅ [API RESPONSE   +65.13s] (401ms) 200 https://admin-dev.mediplanner.mx/api/patients/getPatient → {"status":"OK","data":{"id":474,"iEstatusId":2,"sEstatus":"Aceptada","sImagen":"","sNombre":"Daniela","sPaterno":"Jiméne
❌ [REQUEST FAILED +69.79s] https://www.google-analytics.com/g/collect?v=2&tid=G-ZVKJ9CWYCW&gtm=45je67t1v9248896219za200zd9248896219&_p=1785528204673&gcd=13l3l3l3l1l1&npa=0&dma=0&_eu=AEEAAAQ&ae=a&are=1&cid=1840091255.1785528142&frm=0&ngs=1&pscdl=noapi&rcb=7&sr=1536x960&uaa=x86&uab=64&uafvl=Chromium%3B145.0.7632.6%7CNot%253AA-Brand%3B99.0.0.0&uam=&uamb=0&uap=Windows&uapv=10.0&uaw=0&ul=en-us&_s=3&tag_exp=115616986~115938465~115938469~118897920~118897930~119896802&sid=1785528141&sct=1&seg=1&dl=https%3A%2F%2Fadmin-dev.mediplanner.mx%2FDashboard&dt=Mediplanner&en=form_start&ep.form_id=&ep.form_destination=https%3A%2F%2Fadmin-dev.mediplanner.mx%2FDashboard&epn.form_length=10&ep.first_field_id=&ep.first_field_name=peso&ep.first_field_type=text&epn.first_field_position=7&_et=8459&tfd=13792 — net::ERR_ABORTED
  x  2 [consultation-user-errors] › tests\consultation.user-errors.spec.js:100:3 › Consulta — errores humanos reales (error guessing) › 1. Cambiar de pestaña justo tras seleccionar un diagnóstico no debe perder el dato (1.6m)
[dotenv@17.3.1] injecting env (0) from .env -- tip: 🔐 prevent committing .env to code: https://dotenvx.com/precommit
[2026-07-31T20:04:05.926Z] ℹ️  Explorando próximos 5 días para registrar una cita...
[2026-07-31T20:04:05.927Z] ℹ️  Paciente objetivo de la cita: "Daniela Jiménez"
❌ [REQUEST FAILED +1.00s] https://www.google-analytics.com/g/collect?v=2&tid=G-ZVKJ9CWYCW&gtm=45je67u0h2v9248896219za200zd9248896219&_p=1785528246520&gcd=13l3l3l3l1l1&npa=0&dma=0&_eu=AAAAAAQ&are=1&cid=1840091255.1785528142&frm=0&ngs=1&pscdl=noapi&rcb=1&sr=1536x960&uaa=x86&uab=64&uafvl=Chromium%3B145.0.7632.6%7CNot%253AA-Brand%3B99.0.0.0&uam=&uamb=0&uap=Windows&uapv=10.0&uaw=0&ul=en-us&_s=1&tag_exp=115938466~115938468~118897920~118897930~119896802&sid=1785528141&sct=1&seg=1&dl=https%3A%2F%2Fadmin-dev.mediplanner.mx%2FCitas&dt=Mediplanner&en=page_view&_ee=1&tfd=852 — net::ERR_ABORTED
❌ [REQUEST FAILED +2.56s] https://mediplanner-atencion.zendesk.com/frontendevents/pv?client=1B752747-577B-429A-A0E0-83861AF69088 — net::ERR_ABORTED
📤 [API REQUEST    +5.28s] POST https://admin-dev.mediplanner.mx/api/permissions/getPermissions
📤 [API REQUEST    +5.28s] GET https://admin-dev.mediplanner.mx/api/profile/getProfile
✅ [API RESPONSE   +5.62s] (343ms) 200 https://admin-dev.mediplanner.mx/api/permissions/getPermissions → {"status":"OK","data":[{"id":1,"name":"Consultar","module":"Usuarios","module_id":1,"active":false},{"id":2,"name":"Crea
📤 [API REQUEST    +5.69s] POST https://admin-dev.mediplanner.mx/api/appointments/getFilteredAppointments
✅ [API RESPONSE   +5.65s] (367ms) 200 https://admin-dev.mediplanner.mx/api/profile/getProfile → {"status":"OK","data":{"id":467,"sNombre":"Walter","sPaterno":"Hartwell","sMaterno":"White","sCorreo":"dpichardo@rym-sol
❌ [REQUEST FAILED +5.95s] https://www.google-analytics.com/g/collect?v=2&tid=G-ZVKJ9CWYCW&gtm=45je67u0h2v9248896219za200zd9248896219&_p=1785528246520&gcd=13l3l3l3l1l1&npa=0&dma=0&_eu=AEAAAAQ&ae=a&are=1&cid=1840091255.1785528142&frm=0&ngs=1&pscdl=noapi&rcb=1&sr=1536x960&uaa=x86&uab=64&uafvl=Chromium%3B145.0.7632.6%7CNot%253AA-Brand%3B99.0.0.0&uam=&uamb=0&uap=Windows&uapv=10.0&uaw=0&ul=en-us&_s=2&tag_exp=115938466~115938468~118897920~118897930~119896802&sid=1785528141&sct=1&seg=1&dl=https%3A%2F%2Fadmin-dev.mediplanner.mx%2FCitas&dt=Mediplanner&en=scroll&epn.percent_scrolled=90&_et=3&tfd=5856 — net::ERR_ABORTED
✅ [API RESPONSE   +6.75s] (1054ms) 200 https://admin-dev.mediplanner.mx/api/appointments/getFilteredAppointments → {"status":"OK","data":[{"title":"Consulta inicial","doctor_id":467,"doctor_name":"Dr.Walter Hartwell White","doctor_img"
[2026-07-31T20:04:15.243Z] ℹ️  Buscando botón "Agendar cita"...
🔴 [DEVTOOLS ERROR +9.86s] data-stepper-next not found
📤 [API REQUEST    +9.87s] POST https://admin-dev.mediplanner.mx/api/patients/getPatients
📤 [API REQUEST    +9.87s] POST https://admin-dev.mediplanner.mx/api/appointments/getAppointmentTypes
[2026-07-31T20:04:15.818Z] ℹ️  Comboboxes en wizard: 1
❌ [REQUEST FAILED +10.23s] https://mediplanner-atencion.zendesk.com/frontendevents/pv?client=1B752747-577B-429A-A0E0-83861AF69088 — net::ERR_ABORTED
✅ [API RESPONSE   +10.63s] (766ms) 200 https://admin-dev.mediplanner.mx/api/appointments/getAppointmentTypes → {"status":"OK","data":[{"doctor_id":467,"relacion_id":1,"cita_nombre":"Consulta inicial","duracion":5,"producto_id":0,"u
📤 [API REQUEST    +10.74s] POST https://admin-dev.mediplanner.mx/api/patients/getPatients
[2026-07-31T20:04:16.703Z] ℹ️  Buscando: "Daniela Jiménez" (intento 1/5)...
✅ [API RESPONSE   +11.66s] (1797ms) 200 https://admin-dev.mediplanner.mx/api/patients/getPatients → {"status":"OK","data":{"patients":[{"id":527,"iUsuarioDrId":467,"sImagen":"https://s3.amazonaws.com/s3.mediplanner.mx/us
✅ [API RESPONSE   +11.87s] (1128ms) 200 https://admin-dev.mediplanner.mx/api/patients/getPatients → {"status":"OK","data":{"patients":[{"id":474,"iUsuarioDrId":467,"sImagen":"","sNombre":"Daniela","sPaterno":"Jiménez","s
[2026-07-31T20:04:18.731Z] ℹ️  Opciones encontradas: 1
[2026-07-31T20:04:18.871Z] ✅ Opción seleccionada (coincide "Daniela Jiménez"): "Daniela Jiménez Durán"
❌ [REQUEST FAILED +15.52s] https://www.google-analytics.com/g/collect?v=2&tid=G-ZVKJ9CWYCW&gtm=45je67u0h2v9248896219za200zd9248896219&_p=1785528246520&gcd=13l3l3l3l1l1&npa=0&dma=0&_eu=AEAAAAQ&ae=a&are=1&cid=1840091255.1785528142&frm=0&ngs=1&pscdl=noapi&rcb=1&sr=1536x960&uaa=x86&uab=64&uafvl=Chromium%3B145.0.7632.6%7CNot%253AA-Brand%3B99.0.0.0&uam=&uamb=0&uap=Windows&uapv=10.0&uaw=0&ul=en-us&_s=3&tag_exp=115938466~115938468~118897920~118897930~119896802&dl=https%3A%2F%2Fadmin-dev.mediplanner.mx%2FCitas%2FCrearCita&dr=https%3A%2F%2Fadmin-dev.mediplanner.mx%2FCitas&sid=1785528141&sct=1&seg=1&dt=Mediplanner&en=page_view&_et=9555&tfd=15415 — net::ERR_ABORTED
[2026-07-31T20:04:22.037Z] ℹ️  Selects en paso 2: 2
[2026-07-31T20:04:22.045Z] ℹ️  Opciones tipo consulta: 4
[2026-07-31T20:04:23.662Z] ℹ️  Opciones hospital: 6
[2026-07-31T20:04:24.872Z] ℹ️  Buscando input de fecha...
[2026-07-31T20:04:26.898Z] ✅ Input de fecha encontrado con selector: input[type="date"]
[2026-07-31T20:04:26.908Z] ℹ️  Intentando registrar cita en: 2026-07-31
📤 [API REQUEST    +21.02s] POST https://admin-dev.mediplanner.mx/api/appointments/getFreeSchedules
✅ [API RESPONSE   +21.82s] (794ms) 200 https://admin-dev.mediplanner.mx/api/appointments/getFreeSchedules → {"status":"OK","data":[]}
[2026-07-31T20:04:29.034Z] ⚠️  No hay horas disponibles en 2026-07-31
[2026-07-31T20:04:29.035Z] ℹ️  Intentando registrar cita en: 2026-08-01
📤 [API REQUEST    +23.15s] POST https://admin-dev.mediplanner.mx/api/appointments/getFreeSchedules
✅ [API RESPONSE   +23.96s] (809ms) 200 https://admin-dev.mediplanner.mx/api/appointments/getFreeSchedules → {"status":"OK","data":[]}
[2026-07-31T20:04:31.160Z] ⚠️  No hay horas disponibles en 2026-08-01
[2026-07-31T20:04:31.160Z] ℹ️  Intentando registrar cita en: 2026-08-02
📤 [API REQUEST    +25.27s] POST https://admin-dev.mediplanner.mx/api/appointments/getFreeSchedules
✅ [API RESPONSE   +25.69s] (422ms) 200 https://admin-dev.mediplanner.mx/api/appointments/getFreeSchedules → {"status":"OK","data":[]}
[2026-07-31T20:04:33.279Z] ⚠️  No hay horas disponibles en 2026-08-02
[2026-07-31T20:04:33.279Z] ℹ️  Intentando registrar cita en: 2026-08-03
📤 [API REQUEST    +27.39s] POST https://admin-dev.mediplanner.mx/api/appointments/getFreeSchedules
✅ [API RESPONSE   +27.85s] (463ms) 200 https://admin-dev.mediplanner.mx/api/appointments/getFreeSchedules → {"status":"OK","data":[{"hora_inicio":"09:55:00","hora_fin":"10:00:00"},{"hora_inicio":"10:00:00","hora_fin":"10:05:00"}
[2026-07-31T20:04:35.386Z] ✅ Horas disponibles en 2026-08-03: 194
[2026-07-31T20:04:35.414Z] ℹ️  Intentando seleccionar hora: 09:55
[2026-07-31T20:04:36.551Z] ✅ Hora seleccionada exitosamente
📤 [API REQUEST    +31.89s] POST https://admin-dev.mediplanner.mx/api/appointments/createAppointment
✅ [API RESPONSE   +34.40s] (2509ms) 200 https://admin-dev.mediplanner.mx/api/appointments/createAppointment → {"status":"OK","data":{"relacion_id":601,"message":"Cita creada correctamente"}}
[2026-07-31T20:04:40.802Z] ✅ Cita registrada exitosamente en 2026-08-03
❌ [REQUEST FAILED +35.34s] https://p.clarity.ms/collect — net::ERR_ABORTED
❌ [REQUEST FAILED +35.34s] https://www.google-analytics.com/g/collect?v=2&tid=G-ZVKJ9CWYCW&gtm=45je67u0h2v9248896219za200zd9248896219&_p=1785528246520&gcd=13l3l3l3l1l1&npa=0&dma=0&_eu=AAAAAAQ&are=1&cid=1840091255.1785528142&frm=0&ngs=1&pscdl=noapi&rcb=1&sr=1536x960&uaa=x86&uab=64&uafvl=Chromium%3B145.0.7632.6%7CNot%253AA-Brand%3B99.0.0.0&uam=&uamb=0&uap=Windows&uapv=10.0&uaw=0&ul=en-us&_s=4&tag_exp=115938466~115938468~118897920~118897930~119896802&sid=1785528141&sct=1&seg=1&dl=https%3A%2F%2Fadmin-dev.mediplanner.mx%2FCitas%2FCrearCita&dr=https%3A%2F%2Fadmin-dev.mediplanner.mx%2FCitas&dt=Mediplanner&en=user_engagement&_et=24884&tfd=35301 — net::ERR_ABORTED
❌ [REQUEST FAILED +35.70s] https://mediplanner-atencion.zendesk.com/embeddable/config — net::ERR_ABORTED
❌ [REQUEST FAILED +35.70s] https://mediplanner-atencion.zendesk.com/frontendevents/pv?client=1B752747-577B-429A-A0E0-83861AF69088 — net::ERR_ABORTED
❌ [REQUEST FAILED +35.70s] https://www.google-analytics.com/g/collect?v=2&tid=G-ZVKJ9CWYCW&gtm=45je67u0h2v9248896219za200zd9248896219&_p=1785528281345&gcd=13l3l3l3l1l1&npa=0&dma=0&_eu=AAAAAAQ&are=1&cid=1840091255.1785528142&frm=0&ngs=1&pscdl=noapi&rcb=4&sr=1536x960&uaa=x86&uab=64&uafvl=Chromium%3B145.0.7632.6%7CNot%253AA-Brand%3B99.0.0.0&uam=&uamb=0&uap=Windows&uapv=10.0&uaw=0&ul=en-us&_s=1&tag_exp=115616986~115938466~115938468~118897920~118897930~119527019~119896803&sid=1785528141&sct=1&seg=1&dl=https%3A%2F%2Fadmin-dev.mediplanner.mx%2FDashboard&dt=Mediplanner&en=page_view&_ee=1&tfd=684 — net::ERR_ABORTED
📤 [API REQUEST    +35.97s] POST https://admin-dev.mediplanner.mx/api/permissions/getPermissions
📤 [API REQUEST    +35.97s] GET https://admin-dev.mediplanner.mx/api/profile/getProfile
📤 [API REQUEST    +36.29s] POST https://admin-dev.mediplanner.mx/api/appointments/getFilteredAppointments
📤 [API REQUEST    +36.30s] POST https://admin-dev.mediplanner.mx/api/dashboard/getDashboardData
📤 [API REQUEST    +36.30s] POST https://admin-dev.mediplanner.mx/api/procedures/getLastProceduresFilesByDoctorId
📤 [API REQUEST    +36.30s] POST https://admin-dev.mediplanner.mx/api/dashboard/getDashboardPayments
📤 [API REQUEST    +36.30s] POST https://admin-dev.mediplanner.mx/api/wizard/getActiveStep
📤 [API REQUEST    +36.31s] POST https://admin-dev.mediplanner.mx/api/appointments/getAppointmentCount
✅ [API RESPONSE   +36.45s] (488ms) 200 https://admin-dev.mediplanner.mx/api/permissions/getPermissions → {"status":"OK","data":[{"id":1,"name":"Consultar","module":"Usuarios","module_id":1,"active":false},{"id":2,"name":"Crea
✅ [API RESPONSE   +36.55s] (586ms) 200 https://admin-dev.mediplanner.mx/api/profile/getProfile → {"status":"OK","data":{"id":467,"sNombre":"Walter","sPaterno":"Hartwell","sMaterno":"White","sCorreo":"dpichardo@rym-sol
✅ [API RESPONSE   +36.85s] (560ms) 200 https://admin-dev.mediplanner.mx/api/dashboard/getDashboardData → {"status":"OK","data":{"monthConsultations":{"count":68,"percentage":0},"recurring":{"count":15,"percentage":650},"patie
✅ [API RESPONSE   +36.86s] (564ms) 200 https://admin-dev.mediplanner.mx/api/procedures/getLastProceduresFilesByDoctorId → {"status":"OK","data":{"procedimientos":[{"paciente_id":894,"paciente_nombre":"Agustin Tapia Nievas","procedimiento_id":
✅ [API RESPONSE   +36.88s] (588ms) 200 https://admin-dev.mediplanner.mx/api/wizard/getActiveStep → {"status":"OK","data":{"activeStep":5,"date":"2026-07-31 14:00:34"}}
✅ [API RESPONSE   +36.91s] (590ms) 200 https://admin-dev.mediplanner.mx/api/appointments/getAppointmentCount → {"status":"OK","data":[{"date":"2026-07-01","count":0},{"date":"2026-07-02","count":0},{"date":"2026-07-03","count":0},{
✅ [API RESPONSE   +37.06s] (766ms) 200 https://admin-dev.mediplanner.mx/api/appointments/getFilteredAppointments → {"status":"OK","data":[]}
✅ [API RESPONSE   +37.07s] (778ms) 200 https://admin-dev.mediplanner.mx/api/dashboard/getDashboardPayments → {"status":"OK","data":{"grafica_actual":[{"etiqueta":"Viernes","total_pagos":0,"monto":0}],"grafica_anterior":[{"etiquet
❌ [REQUEST FAILED +37.68s] https://mediplanner-atencion.zendesk.com/frontendevents/pv?client=1B752747-577B-429A-A0E0-83861AF69088 — net::ERR_ABORTED
📤 [API REQUEST    +38.42s] POST https://admin-dev.mediplanner.mx/api/wizard/getActiveStep
📤 [API REQUEST    +38.71s] GET https://admin-dev.mediplanner.mx/api/profile/getProfile
📤 [API REQUEST    +38.71s] POST https://admin-dev.mediplanner.mx/api/appointments/getAppointmentTypes
📤 [API REQUEST    +38.71s] POST https://admin-dev.mediplanner.mx/api/wizard/saveStep
✅ [API RESPONSE   +38.70s] (278ms) 200 https://admin-dev.mediplanner.mx/api/wizard/getActiveStep → {"status":"OK","data":{"activeStep":5,"date":"2026-07-31 14:00:34"}}
✅ [API RESPONSE   +39.07s] (360ms) 200 https://admin-dev.mediplanner.mx/api/wizard/saveStep → {"status":"OK","data":{"activeStep":5,"date":"2026-07-31 14:04:45"}}
[2026-07-31T20:04:45.032Z] ℹ️  Buscando botón Iniciar para "Daniela" en los próximos 5 días...
❌ [REQUEST FAILED +39.24s] https://mediplanner-atencion.zendesk.com/frontendevents/dl?client=1B752747-577B-429A-A0E0-83861AF69088 — net::ERR_ABORTED
❌ [REQUEST FAILED +39.24s] https://www.google-analytics.com/g/collect?v=2&tid=G-ZVKJ9CWYCW&gtm=45je67u0h2v9248896219za200zd9248896219&_p=1785528281345&gcd=13l3l3l3l1l1&npa=0&dma=0&_eu=AAAAAAQ&are=1&cid=1840091255.1785528142&frm=0&ngs=1&pscdl=noapi&rcb=4&sr=1536x960&uaa=x86&uab=64&uafvl=Chromium%3B145.0.7632.6%7CNot%253AA-Brand%3B99.0.0.0&uam=&uamb=0&uap=Windows&uapv=10.0&uaw=0&ul=en-us&_s=3&tag_exp=115616986~115938466~115938468~118897920~118897930~119527019~119896803&sid=1785528141&sct=1&seg=1&dl=https%3A%2F%2Fadmin-dev.mediplanner.mx%2Fwizard%2Fonboarding&dr=https%3A%2F%2Fadmin-dev.mediplanner.mx%2FDashboard&dt=Mediplanner&en=user_engagement&_et=1344&tfd=4333 — net::ERR_ABORTED
❌ [REQUEST FAILED +39.24s] https://p.clarity.ms/collect — net::ERR_ABORTED
❌ [REQUEST FAILED +39.24s] https://admin-dev.mediplanner.mx/api/appointments/getAppointmentTypes — net::ERR_ABORTED
❌ [REQUEST FAILED +39.24s] https://www.google-analytics.com/g/collect?v=2&tid=G-ZVKJ9CWYCW&gtm=45je67u0h2v9248896219za200zd9248896219&_p=1785528281345&gcd=13l3l3l3l1l1&npa=0&dma=0&_eu=AEAAAAQ&ae=a&are=1&cid=1840091255.1785528142&frm=0&ngs=1&pscdl=noapi&rcb=4&sr=1536x960&uaa=x86&uab=64&uafvl=Chromium%3B145.0.7632.6%7CNot%253AA-Brand%3B99.0.0.0&uam=&uamb=0&uap=Windows&uapv=10.0&uaw=0&ul=en-us&tag_exp=115616986~115938466~115938468~118897920~118897930~119527019~119896803&sid=1785528141&sct=1&seg=1&dl=https%3A%2F%2Fadmin-dev.mediplanner.mx%2FDashboard&dt=Mediplanner&_s=2&tfd=4332 — net::ERR_ABORTED
✅ [API RESPONSE   +39.15s] (441ms) 200 https://admin-dev.mediplanner.mx/api/profile/getProfile
❌ [REQUEST FAILED +39.55s] https://mediplanner-atencion.zendesk.com/embeddable/config — net::ERR_ABORTED
❌ [REQUEST FAILED +39.57s] https://mediplanner-atencion.zendesk.com/frontendevents/pv?client=1B752747-577B-429A-A0E0-83861AF69088 — net::ERR_ABORTED
❌ [REQUEST FAILED +39.57s] https://www.google-analytics.com/g/collect?v=2&tid=G-ZVKJ9CWYCW&gtm=45je67u0h2v9248896219za200zd9248896219&_p=1785528285253&gcd=13l3l3l3l1l1&npa=0&dma=0&_eu=AAAAAAQ&are=1&cid=1840091255.1785528142&frm=0&ngs=1&pscdl=noapi&rcb=16&sr=1536x960&uaa=x86&uab=64&uafvl=Chromium%3B145.0.7632.6%7CNot%253AA-Brand%3B99.0.0.0&uam=&uamb=0&uap=Windows&uapv=10.0&uaw=0&ul=en-us&_s=1&tag_exp=115938466~115938468~118395335~118897920~118897930~119896803&sid=1785528141&sct=1&seg=1&dl=https%3A%2F%2Fadmin-dev.mediplanner.mx%2FDashboard&dt=Mediplanner&en=page_view&_ee=1&tfd=326 — net::ERR_ABORTED
📤 [API REQUEST    +39.64s] POST https://admin-dev.mediplanner.mx/api/permissions/getPermissions
📤 [API REQUEST    +39.64s] GET https://admin-dev.mediplanner.mx/api/profile/getProfile
📤 [API REQUEST    +39.64s] POST https://admin-dev.mediplanner.mx/api/appointments/getFilteredAppointments
📤 [API REQUEST    +39.64s] POST https://admin-dev.mediplanner.mx/api/dashboard/getDashboardData
📤 [API REQUEST    +39.64s] POST https://admin-dev.mediplanner.mx/api/procedures/getLastProceduresFilesByDoctorId
📤 [API REQUEST    +39.64s] POST https://admin-dev.mediplanner.mx/api/dashboard/getDashboardPayments
📤 [API REQUEST    +39.68s] POST https://admin-dev.mediplanner.mx/api/appointments/getAppointmentCount
[2026-07-31T20:04:45.596Z] ⚠️  Calendario del Dashboard no renderizó (intento 1/3), recargando...
❌ [REQUEST FAILED +40.05s] https://admin-dev.mediplanner.mx/api/permissions/getPermissions — net::ERR_ABORTED
❌ [REQUEST FAILED +40.05s] https://admin-dev.mediplanner.mx/api/procedures/getLastProceduresFilesByDoctorId — net::ERR_ABORTED
❌ [REQUEST FAILED +40.05s] https://admin-dev.mediplanner.mx/api/appointments/getFilteredAppointments — net::ERR_ABORTED
❌ [REQUEST FAILED +40.05s] https://admin-dev.mediplanner.mx/api/dashboard/getDashboardPayments — net::ERR_ABORTED
❌ [REQUEST FAILED +40.05s] https://admin-dev.mediplanner.mx/api/dashboard/getDashboardData — net::ERR_ABORTED
❌ [REQUEST FAILED +40.05s] https://www.google-analytics.com/g/collect?v=2&tid=G-ZVKJ9CWYCW&gtm=45je67u0h2v9248896219za200zd9248896219&_p=1785528285253&gcd=13l3l3l3l1l1&npa=0&dma=0&_eu=AEAAAAQ&ae=a&are=1&cid=1840091255.1785528142&frm=0&ngs=1&pscdl=noapi&rcb=16&sr=1536x960&uaa=x86&uab=64&uafvl=Chromium%3B145.0.7632.6%7CNot%253AA-Brand%3B99.0.0.0&uam=&uamb=0&uap=Windows&uapv=10.0&uaw=0&ul=en-us&_s=2&tag_exp=115938466~115938468~118395335~118897920~118897930~119896803&sid=1785528141&sct=1&seg=1&dl=https%3A%2F%2Fadmin-dev.mediplanner.mx%2FDashboard&dt=Mediplanner&en=scroll&epn.percent_scrolled=90&_et=2&tfd=907 — net::ERR_ABORTED
❌ [REQUEST FAILED +40.05s] https://admin-dev.mediplanner.mx/api/profile/getProfile — net::ERR_ABORTED
❌ [REQUEST FAILED +40.05s] https://admin-dev.mediplanner.mx/api/appointments/getAppointmentCount — net::ERR_ABORTED
❌ [REQUEST FAILED +40.05s] https://p.clarity.ms/collect — net::ERR_ABORTED
❌ [REQUEST FAILED +40.77s] https://www.google-analytics.com/g/collect?v=2&tid=G-ZVKJ9CWYCW&gtm=45je67u0h2v9248896219za200zd9248896219&_p=1785528286436&gcd=13l3l3l3l1l1&npa=0&dma=0&_eu=AAAAAAQ&are=1&cid=1840091255.1785528142&frm=0&ngs=1&pscdl=noapi&rcb=3&sr=1536x960&uaa=x86&uab=64&uafvl=Chromium%3B145.0.7632.6%7CNot%253AA-Brand%3B99.0.0.0&uam=&uamb=0&uap=Windows&uapv=10.0&uaw=0&ul=en-us&_s=1&tag_exp=115616985~115938465~115938469~118897920~118897930~119527020~119896803&sid=1785528141&sct=1&seg=1&dl=https%3A%2F%2Fadmin-dev.mediplanner.mx%2FDashboard&dt=Mediplanner&en=page_view&_ee=1&tfd=921 — net::ERR_ABORTED
📤 [API REQUEST    +40.84s] POST https://admin-dev.mediplanner.mx/api/permissions/getPermissions
📤 [API REQUEST    +40.84s] GET https://admin-dev.mediplanner.mx/api/profile/getProfile
📤 [API REQUEST    +40.84s] POST https://admin-dev.mediplanner.mx/api/appointments/getFilteredAppointments
📤 [API REQUEST    +40.84s] POST https://admin-dev.mediplanner.mx/api/dashboard/getDashboardData
📤 [API REQUEST    +40.84s] POST https://admin-dev.mediplanner.mx/api/procedures/getLastProceduresFilesByDoctorId
📤 [API REQUEST    +40.84s] POST https://admin-dev.mediplanner.mx/api/dashboard/getDashboardPayments
📤 [API REQUEST    +40.85s] POST https://admin-dev.mediplanner.mx/api/appointments/getAppointmentCount
❌ [REQUEST FAILED +40.87s] https://mediplanner-atencion.zendesk.com/frontendevents/pv?client=1B752747-577B-429A-A0E0-83861AF69088 — net::ERR_ABORTED
✅ [API RESPONSE   +41.23s] (398ms) 200 https://admin-dev.mediplanner.mx/api/permissions/getPermissions → {"status":"OK","data":[{"id":1,"name":"Consultar","module":"Usuarios","module_id":1,"active":false},{"id":2,"name":"Crea
✅ [API RESPONSE   +41.24s] (401ms) 200 https://admin-dev.mediplanner.mx/api/profile/getProfile → {"status":"OK","data":{"id":467,"sNombre":"Walter","sPaterno":"Hartwell","sMaterno":"White","sCorreo":"dpichardo@rym-sol
✅ [API RESPONSE   +41.65s] (814ms) 200 https://admin-dev.mediplanner.mx/api/procedures/getLastProceduresFilesByDoctorId → {"status":"OK","data":{"procedimientos":[{"paciente_id":894,"paciente_nombre":"Agustin Tapia Nievas","procedimiento_id":
✅ [API RESPONSE   +41.65s] (804ms) 200 https://admin-dev.mediplanner.mx/api/appointments/getAppointmentCount → {"status":"OK","data":[{"date":"2026-07-01","count":0},{"date":"2026-07-02","count":0},{"date":"2026-07-03","count":0},{
✅ [API RESPONSE   +41.77s] (935ms) 200 https://admin-dev.mediplanner.mx/api/appointments/getFilteredAppointments → {"status":"OK","data":[]}
✅ [API RESPONSE   +41.77s] (938ms) 200 https://admin-dev.mediplanner.mx/api/dashboard/getDashboardData → {"status":"OK","data":{"monthConsultations":{"count":68,"percentage":0},"recurring":{"count":15,"percentage":650},"patie
✅ [API RESPONSE   +41.82s] (985ms) 200 https://admin-dev.mediplanner.mx/api/dashboard/getDashboardPayments → {"status":"OK","data":{"grafica_actual":[{"etiqueta":"Viernes","total_pagos":0,"monto":0}],"grafica_anterior":[{"etiquet
[2026-07-31T20:04:48.270Z] ⚠️  Calendario del Dashboard no renderizó (intento 2/3), recargando...
❌ [REQUEST FAILED +42.50s] https://p.clarity.ms/collect — net::ERR_ABORTED
❌ [REQUEST FAILED +42.50s] https://www.google-analytics.com/g/collect?v=2&tid=G-ZVKJ9CWYCW&gtm=45je67u0h2v9248896219za200zd9248896219&_p=1785528286436&gcd=13l3l3l3l1l1&npa=0&dma=0&_eu=AEAAAAQ&ae=a&are=1&cid=1840091255.1785528142&frm=0&ngs=1&pscdl=noapi&rcb=3&sr=1536x960&uaa=x86&uab=64&uafvl=Chromium%3B145.0.7632.6%7CNot%253AA-Brand%3B99.0.0.0&uam=&uamb=0&uap=Windows&uapv=10.0&uaw=0&ul=en-us&_s=2&tag_exp=115616985~115938465~115938469~118897920~118897930~119527020~119896803&sid=1785528141&sct=1&seg=1&dl=https%3A%2F%2Fadmin-dev.mediplanner.mx%2FDashboard&dt=Mediplanner&en=scroll&epn.percent_scrolled=90&_et=19&tfd=2791 — net::ERR_ABORTED
❌ [REQUEST FAILED +42.50s] https://www.google-analytics.com/g/collect?v=2&tid=G-ZVKJ9CWYCW&gtm=45je67u0h2v9248896219za200zd9248896219&_p=1785528286436&gcd=13l3l3l3l1l1&npa=0&dma=0&_eu=AAAAAAQ&are=1&cid=1840091255.1785528142&frm=0&ngs=1&pscdl=noapi&rcb=3&sr=1536x960&uaa=x86&uab=64&uafvl=Chromium%3B145.0.7632.6%7CNot%253AA-Brand%3B99.0.0.0&uam=&uamb=0&uap=Windows&uapv=10.0&uaw=0&ul=en-us&_s=3&tag_exp=115616985~115938465~115938469~118897920~118897930~119527020~119896803&sid=1785528141&sct=1&seg=1&dl=https%3A%2F%2Fadmin-dev.mediplanner.mx%2FDashboard&dt=Mediplanner&en=user_engagement&_et=1867&tfd=2792 — net::ERR_ABORTED
❌ [REQUEST FAILED +42.78s] https://www.google-analytics.com/g/collect?v=2&tid=G-ZVKJ9CWYCW&gtm=45je67u0h2v9248896219za200zd9248896219&_p=1785528288529&gcd=13l3l3l3l1l1&npa=0&dma=0&_eu=AAAAAAQ&are=1&cid=1840091255.1785528142&frm=0&ngs=1&pscdl=noapi&rcb=10&sr=1536x960&uaa=x86&uab=64&uafvl=Chromium%3B145.0.7632.6%7CNot%253AA-Brand%3B99.0.0.0&uam=&uamb=0&uap=Windows&uapv=10.0&uaw=0&ul=en-us&_s=1&tag_exp=115616986~115938466~115938468~118897920~118897930~119527020~119896802&sid=1785528141&sct=1&seg=1&dl=https%3A%2F%2Fadmin-dev.mediplanner.mx%2FDashboard&dt=Mediplanner&en=page_view&_ee=1&tfd=320 — net::ERR_ABORTED
📤 [API REQUEST    +42.90s] POST https://admin-dev.mediplanner.mx/api/permissions/getPermissions
📤 [API REQUEST    +42.90s] GET https://admin-dev.mediplanner.mx/api/profile/getProfile
📤 [API REQUEST    +42.90s] POST https://admin-dev.mediplanner.mx/api/appointments/getFilteredAppointments
📤 [API REQUEST    +42.90s] POST https://admin-dev.mediplanner.mx/api/dashboard/getDashboardData
📤 [API REQUEST    +42.90s] POST https://admin-dev.mediplanner.mx/api/procedures/getLastProceduresFilesByDoctorId
📤 [API REQUEST    +42.90s] POST https://admin-dev.mediplanner.mx/api/dashboard/getDashboardPayments
❌ [REQUEST FAILED +42.92s] https://mediplanner-atencion.zendesk.com/frontendevents/pv?client=1B752747-577B-429A-A0E0-83861AF69088 — net::ERR_ABORTED
📤 [API REQUEST    +42.92s] POST https://admin-dev.mediplanner.mx/api/appointments/getAppointmentCount
✅ [API RESPONSE   +43.48s] (581ms) 200 https://admin-dev.mediplanner.mx/api/procedures/getLastProceduresFilesByDoctorId → {"status":"OK","data":{"procedimientos":[{"paciente_id":894,"paciente_nombre":"Agustin Tapia Nievas","procedimiento_id":
✅ [API RESPONSE   +43.72s] (824ms) 200 https://admin-dev.mediplanner.mx/api/permissions/getPermissions → {"status":"OK","data":[{"id":1,"name":"Consultar","module":"Usuarios","module_id":1,"active":false},{"id":2,"name":"Crea
✅ [API RESPONSE   +43.73s] (808ms) 200 https://admin-dev.mediplanner.mx/api/appointments/getAppointmentCount → {"status":"OK","data":[{"date":"2026-07-01","count":0},{"date":"2026-07-02","count":0},{"date":"2026-07-03","count":0},{
✅ [API RESPONSE   +43.73s] (834ms) 200 https://admin-dev.mediplanner.mx/api/profile/getProfile → {"status":"OK","data":{"id":467,"sNombre":"Walter","sPaterno":"Hartwell","sMaterno":"White","sCorreo":"dpichardo@rym-sol
✅ [API RESPONSE   +43.81s] (910ms) 200 https://admin-dev.mediplanner.mx/api/dashboard/getDashboardData → {"status":"OK","data":{"monthConsultations":{"count":68,"percentage":0},"recurring":{"count":15,"percentage":650},"patie
✅ [API RESPONSE   +43.87s] (971ms) 200 https://admin-dev.mediplanner.mx/api/appointments/getFilteredAppointments → {"status":"OK","data":[]}
✅ [API RESPONSE   +43.88s] (981ms) 200 https://admin-dev.mediplanner.mx/api/dashboard/getDashboardPayments → {"status":"OK","data":{"grafica_actual":[{"etiqueta":"Viernes","total_pagos":0,"monto":0}],"grafica_anterior":[{"etiquet
[2026-07-31T20:04:50.288Z] ⚠️  Calendario del Dashboard no renderizó (intento 3/3), recargando...
❌ [REQUEST FAILED +44.54s] https://mediplanner-atencion.zendesk.com/frontendevents/dl?client=1B752747-577B-429A-A0E0-83861AF69088 — net::ERR_ABORTED
❌ [REQUEST FAILED +44.55s] https://p.clarity.ms/collect — net::ERR_ABORTED
❌ [REQUEST FAILED +44.55s] https://www.google-analytics.com/g/collect?v=2&tid=G-ZVKJ9CWYCW&gtm=45je67u0h2v9248896219za200zd9248896219&_p=1785528288529&gcd=13l3l3l3l1l1&npa=0&dma=0&_eu=AAAAAAQ&are=1&cid=1840091255.1785528142&frm=0&ngs=1&pscdl=noapi&rcb=10&sr=1536x960&uaa=x86&uab=64&uafvl=Chromium%3B145.0.7632.6%7CNot%253AA-Brand%3B99.0.0.0&uam=&uamb=0&uap=Windows&uapv=10.0&uaw=0&ul=en-us&_s=3&tag_exp=115616986~115938466~115938468~118897920~118897930~119527020~119896802&sid=1785528141&sct=1&seg=1&dl=https%3A%2F%2Fadmin-dev.mediplanner.mx%2FDashboard&dt=Mediplanner&en=user_engagement&_et=1849&tfd=2173 — net::ERR_ABORTED
❌ [REQUEST FAILED +44.55s] https://www.google-analytics.com/g/collect?v=2&tid=G-ZVKJ9CWYCW&gtm=45je67u0h2v9248896219za200zd9248896219&_p=1785528288529&gcd=13l3l3l3l1l1&npa=0&dma=0&_eu=AEAAAAQ&ae=a&are=1&cid=1840091255.1785528142&frm=0&ngs=1&pscdl=noapi&rcb=10&sr=1536x960&uaa=x86&uab=64&uafvl=Chromium%3B145.0.7632.6%7CNot%253AA-Brand%3B99.0.0.0&uam=&uamb=0&uap=Windows&uapv=10.0&uaw=0&ul=en-us&_s=2&tag_exp=115616986~115938466~115938468~118897920~118897930~119527020~119896802&sid=1785528141&sct=1&seg=1&dl=https%3A%2F%2Fadmin-dev.mediplanner.mx%2FDashboard&dt=Mediplanner&en=scroll&epn.percent_scrolled=90&_et=16&tfd=2172 — net::ERR_ABORTED
❌ [REQUEST FAILED +44.89s] https://www.google-analytics.com/g/collect?v=2&tid=G-ZVKJ9CWYCW&gtm=45je67u0h2v9248896219za200zd9248896219&_p=1785528290599&gcd=13l3l3l3l1l1&npa=0&dma=0&_eu=AAAAAAQ&are=1&cid=1840091255.1785528142&frm=0&ngs=1&pscdl=noapi&rcb=4&sr=1536x960&uaa=x86&uab=64&uafvl=Chromium%3B145.0.7632.6%7CNot%253AA-Brand%3B99.0.0.0&uam=&uamb=0&uap=Windows&uapv=10.0&uaw=0&ul=en-us&_s=1&tag_exp=115938465~115938469~118897920~118897930~119896803~120222307&sid=1785528141&sct=1&seg=1&dl=https%3A%2F%2Fadmin-dev.mediplanner.mx%2FDashboard&dt=Mediplanner&en=page_view&_ee=1&tfd=371 — net::ERR_ABORTED
📤 [API REQUEST    +44.95s] POST https://admin-dev.mediplanner.mx/api/permissions/getPermissions
📤 [API REQUEST    +44.95s] GET https://admin-dev.mediplanner.mx/api/profile/getProfile
📤 [API REQUEST    +44.95s] POST https://admin-dev.mediplanner.mx/api/appointments/getFilteredAppointments
📤 [API REQUEST    +44.95s] POST https://admin-dev.mediplanner.mx/api/dashboard/getDashboardData
📤 [API REQUEST    +44.95s] POST https://admin-dev.mediplanner.mx/api/procedures/getLastProceduresFilesByDoctorId
📤 [API REQUEST    +44.95s] POST https://admin-dev.mediplanner.mx/api/dashboard/getDashboardPayments
📤 [API REQUEST    +44.96s] POST https://admin-dev.mediplanner.mx/api/appointments/getAppointmentCount
❌ [REQUEST FAILED +45.00s] https://mediplanner-atencion.zendesk.com/frontendevents/pv?client=1B752747-577B-429A-A0E0-83861AF69088 — net::ERR_ABORTED
✅ [API RESPONSE   +45.66s] (713ms) 200 https://admin-dev.mediplanner.mx/api/procedures/getLastProceduresFilesByDoctorId → {"status":"OK","data":{"procedimientos":[{"paciente_id":894,"paciente_nombre":"Agustin Tapia Nievas","procedimiento_id":
✅ [API RESPONSE   +45.66s] (717ms) 200 https://admin-dev.mediplanner.mx/api/dashboard/getDashboardData → {"status":"OK","data":{"monthConsultations":{"count":68,"percentage":0},"recurring":{"count":15,"percentage":650},"patie
✅ [API RESPONSE   +45.68s] (733ms) 200 https://admin-dev.mediplanner.mx/api/profile/getProfile → {"status":"OK","data":{"id":467,"sNombre":"Walter","sPaterno":"Hartwell","sMaterno":"White","sCorreo":"dpichardo@rym-sol
✅ [API RESPONSE   +45.68s] (737ms) 200 https://admin-dev.mediplanner.mx/api/permissions/getPermissions → {"status":"OK","data":[{"id":1,"name":"Consultar","module":"Usuarios","module_id":1,"active":false},{"id":2,"name":"Crea
✅ [API RESPONSE   +45.86s] (910ms) 200 https://admin-dev.mediplanner.mx/api/appointments/getFilteredAppointments → {"status":"OK","data":[]}
✅ [API RESPONSE   +45.86s] (912ms) 200 https://admin-dev.mediplanner.mx/api/dashboard/getDashboardPayments → {"status":"OK","data":{"grafica_actual":[{"etiqueta":"Viernes","total_pagos":0,"monto":0}],"grafica_anterior":[{"etiquet
✅ [API RESPONSE   +45.88s] (918ms) 200 https://admin-dev.mediplanner.mx/api/appointments/getAppointmentCount → {"status":"OK","data":[{"date":"2026-07-01","count":0},{"date":"2026-07-02","count":0},{"date":"2026-07-03","count":0},{
[2026-07-31T20:04:52.381Z] ⚠️  El calendario del Dashboard no llegó a renderizar (td[data-day])
📤 [API REQUEST    +46.55s] POST https://admin-dev.mediplanner.mx/api/appointments/getAppointmentCount
✅ [API RESPONSE   +46.79s] (237ms) 200 https://admin-dev.mediplanner.mx/api/appointments/getAppointmentCount → {"status":"OK","data":[{"date":"2026-08-01","count":1},{"date":"2026-08-02","count":0},{"date":"2026-08-03","count":12},
📤 [API REQUEST    +47.21s] POST https://admin-dev.mediplanner.mx/api/appointments/getFilteredAppointments
✅ [API RESPONSE   +47.61s] (394ms) 200 https://admin-dev.mediplanner.mx/api/appointments/getFilteredAppointments → {"status":"OK","data":[]}
📤 [API REQUEST    +48.72s] POST https://admin-dev.mediplanner.mx/api/appointments/getFilteredAppointments
✅ [API RESPONSE   +49.04s] (329ms) 200 https://admin-dev.mediplanner.mx/api/appointments/getFilteredAppointments → {"status":"OK","data":[]}
❌ [REQUEST FAILED +49.85s] https://www.google-analytics.com/g/collect?v=2&tid=G-ZVKJ9CWYCW&gtm=45je67u0h2v9248896219za200zd9248896219&_p=1785528290599&gcd=13l3l3l3l1l1&npa=0&dma=0&_eu=AEAAAAQ&ae=a&are=1&cid=1840091255.1785528142&frm=0&ngs=1&pscdl=noapi&rcb=4&sr=1536x960&uaa=x86&uab=64&uafvl=Chromium%3B145.0.7632.6%7CNot%253AA-Brand%3B99.0.0.0&uam=&uamb=0&uap=Windows&uapv=10.0&uaw=0&ul=en-us&_s=2&tag_exp=115938465~115938469~118897920~118897930~119896803~120222307&sid=1785528141&sct=1&seg=1&dl=https%3A%2F%2Fadmin-dev.mediplanner.mx%2FDashboard&dt=Mediplanner&en=scroll&epn.percent_scrolled=90&_et=17&tfd=5380 — net::ERR_ABORTED
📤 [API REQUEST    +50.16s] POST https://admin-dev.mediplanner.mx/api/appointments/getFilteredAppointments
✅ [API RESPONSE   +50.78s] (623ms) 200 https://admin-dev.mediplanner.mx/api/appointments/getFilteredAppointments → {"status":"OK","data":[{"title":"Consulta inicial","doctor_id":467,"doctor_name":"Dr.Walter Hartwell White","doctor_img"
[2026-07-31T20:04:57.778Z] ✅ Botón Iniciar de "Daniela" encontrado en 2026-08-03
📤 [API REQUEST    +52.05s] POST https://admin-dev.mediplanner.mx/api/appointments/getFilteredAppointments
📤 [API REQUEST    +52.05s] POST https://admin-dev.mediplanner.mx/api/patients/getPatient
✅ [API RESPONSE   +52.67s] (629ms) 200 https://admin-dev.mediplanner.mx/api/appointments/getFilteredAppointments → {"status":"OK","data":[{"title":"Consulta inicial","doctor_id":467,"doctor_name":"Dr.Walter Hartwell White","doctor_img"
✅ [API RESPONSE   +52.83s] (788ms) 200 https://admin-dev.mediplanner.mx/api/patients/getPatient → {"status":"OK","data":{"id":474,"iEstatusId":2,"sEstatus":"Aceptada","sImagen":"","sNombre":"Daniela","sPaterno":"Jiméne
📤 [API REQUEST    +53.16s] POST https://admin-dev.mediplanner.mx/api/patients/getPatient
📤 [API REQUEST    +53.24s] POST https://admin-dev.mediplanner.mx/api/patients/getPatient
✅ [API RESPONSE   +53.86s] (612ms) 200 https://admin-dev.mediplanner.mx/api/patients/getPatient → {"status":"OK","data":{"id":474,"iEstatusId":2,"sEstatus":"Aceptada","sImagen":"","sNombre":"Daniela","sPaterno":"Jiméne
✅ [API RESPONSE   +53.86s] (703ms) 200 https://admin-dev.mediplanner.mx/api/patients/getPatient → {"status":"OK","data":{"id":474,"iEstatusId":2,"sEstatus":"Aceptada","sImagen":"","sNombre":"Daniela","sPaterno":"Jiméne
❌ [REQUEST FAILED +58.33s] https://www.google-analytics.com/g/collect?v=2&tid=G-ZVKJ9CWYCW&gtm=45je67u0h2v9248896219za200zd9248896219&_p=1785528290599&gcd=13l3l3l3l1l1&npa=0&dma=0&_eu=AEEAAAQ&ae=a&are=1&cid=1840091255.1785528142&frm=0&ngs=1&pscdl=noapi&rcb=4&sr=1536x960&uaa=x86&uab=64&uafvl=Chromium%3B145.0.7632.6%7CNot%253AA-Brand%3B99.0.0.0&uam=&uamb=0&uap=Windows&uapv=10.0&uaw=0&ul=en-us&_s=3&tag_exp=115938465~115938469~118897920~118897930~119896803~120222307&sid=1785528141&sct=1&seg=1&dl=https%3A%2F%2Fadmin-dev.mediplanner.mx%2FDashboard&dt=Mediplanner&en=form_start&ep.form_id=&ep.form_destination=https%3A%2F%2Fadmin-dev.mediplanner.mx%2FDashboard&epn.form_length=10&ep.first_field_id=&ep.first_field_name=peso&ep.first_field_type=text&epn.first_field_position=7&_et=8479&tfd=13857 — net::ERR_ABORTED
  x  3 [consultation-user-errors] › tests\consultation.user-errors.spec.js:129:3 › Consulta — errores humanos reales (error guessing) › 2. Corregir un typo de dosis antes de guardar debe persistir el valor corregido, no el original (1.4m)
[dotenv@17.3.1] injecting env (0) from .env -- tip: ⚡️ secrets for agents: https://dotenvx.com/as2
❌ [REQUEST FAILED +2.46s] https://www.google-analytics.com/g/collect?v=2&tid=G-ZVKJ9CWYCW&gtm=45je67t1v9248896219za200zd9248896219&_p=1785528332418&gcd=13l3l3l3l1l1&npa=0&dma=0&_eu=AAAAAAQ&are=1&cid=1840091255.1785528142&frm=0&ngs=1&pscdl=noapi&rcb=13&sr=1536x960&uaa=x86&uab=64&uafvl=Chromium%3B145.0.7632.6%7CNot%253AA-Brand%3B99.0.0.0&uam=&uamb=0&uap=Windows&uapv=10.0&uaw=0&ul=en-us&_s=1&tag_exp=115616986~115938465~115938469~118897920~118897930~119896802&sid=1785528141&sct=1&seg=1&dl=https%3A%2F%2Fadmin-dev.mediplanner.mx%2FPacientes&dt=Mediplanner&en=page_view&_ee=1&tfd=1987 — net::ERR_ABORTED
❌ [REQUEST FAILED +3.59s] https://mediplanner-atencion.zendesk.com/frontendevents/pv?client=1B752747-577B-429A-A0E0-83861AF69088 — net::ERR_ABORTED
📤 [API REQUEST    +6.35s] POST https://admin-dev.mediplanner.mx/api/permissions/getPermissions
📤 [API REQUEST    +6.35s] GET https://admin-dev.mediplanner.mx/api/profile/getProfile
📤 [API REQUEST    +6.77s] POST https://admin-dev.mediplanner.mx/api/patients/getPatients
✅ [API RESPONSE   +6.80s] (447ms) 200 https://admin-dev.mediplanner.mx/api/permissions/getPermissions → {"status":"OK","data":[{"id":1,"name":"Consultar","module":"Usuarios","module_id":1,"active":false},{"id":2,"name":"Crea
✅ [API RESPONSE   +6.80s] (453ms) 200 https://admin-dev.mediplanner.mx/api/profile/getProfile → {"status":"OK","data":{"id":467,"sNombre":"Walter","sPaterno":"Hartwell","sMaterno":"White","sCorreo":"dpichardo@rym-sol
❌ [REQUEST FAILED +7.08s] https://www.google-analytics.com/g/collect?v=2&tid=G-ZVKJ9CWYCW&gtm=45je67t1v9248896219za200zd9248896219&_p=1785528332418&gcd=13l3l3l3l1l1&npa=0&dma=0&_eu=AEAAAAQ&ae=a&are=1&cid=1840091255.1785528142&frm=0&ngs=1&pscdl=noapi&rcb=13&sr=1536x960&uaa=x86&uab=64&uafvl=Chromium%3B145.0.7632.6%7CNot%253AA-Brand%3B99.0.0.0&uam=&uamb=0&uap=Windows&uapv=10.0&uaw=0&ul=en-us&_s=2&tag_exp=115616986~115938465~115938469~118897920~118897930~119896802&sid=1785528141&sct=1&seg=1&dl=https%3A%2F%2Fadmin-dev.mediplanner.mx%2FPacientes&dt=Mediplanner&en=scroll&epn.percent_scrolled=90&_et=5&tfd=7004 — net::ERR_ABORTED
✅ [API RESPONSE   +8.99s] (2218ms) 200 https://admin-dev.mediplanner.mx/api/patients/getPatients → {"status":"OK","data":{"patients":[{"id":527,"iUsuarioDrId":467,"sImagen":"https://s3.amazonaws.com/s3.mediplanner.mx/us
📤 [API REQUEST    +9.48s] POST https://admin-dev.mediplanner.mx/api/patients/getPatients
✅ [API RESPONSE   +10.63s] (1143ms) 200 https://admin-dev.mediplanner.mx/api/patients/getPatients → {"status":"OK","data":{"patients":[{"id":527,"iUsuarioDrId":467,"sImagen":"https://s3.amazonaws.com/s3.mediplanner.mx/us
🐛 [HALLAZGO] 2 pacientes con nombre "juan garcia perez" son indistinguibles en la lista (mismo correo/teléfono/fecha de nacimiento): ids 853, 861. Un usuario no puede saber cuál es cuál solo mirando la lista.
📤 [API REQUEST    +12.18s] POST https://admin-dev.mediplanner.mx/api/patients/getPatients
✅ [API RESPONSE   +12.72s] (543ms) 200 https://admin-dev.mediplanner.mx/api/patients/getPatients → {"status":"OK","data":{"patients":[{"id":853,"iUsuarioDrId":467,"sImagen":"","sNombre":"Juan","sPaterno":"Garcia","sMate
📤 [API REQUEST    +14.99s] GET https://admin-dev.mediplanner.mx/api/profile/getProfile
📤 [API REQUEST    +14.99s] POST https://admin-dev.mediplanner.mx/api/appointments/getAppointmentTypes
📤 [API REQUEST    +14.99s] POST https://admin-dev.mediplanner.mx/api/consultations/getRecentVitalSigns
📤 [API REQUEST    +14.99s] POST https://admin-dev.mediplanner.mx/api/patients/getPatient
❌ [REQUEST FAILED +15.29s] https://mediplanner-atencion.zendesk.com/frontendevents/pv?client=1B752747-577B-429A-A0E0-83861AF69088 — net::ERR_ABORTED
✅ [API RESPONSE   +15.54s] (547ms) 200 https://admin-dev.mediplanner.mx/api/consultations/getRecentVitalSigns → {"status":"OK","data":{"presion":"","oxigenacion":"","temperatura":"","peso":"","imc":"","frecuencia_cardiaca":"","frecu
✅ [API RESPONSE   +15.60s] (605ms) 200 https://admin-dev.mediplanner.mx/api/appointments/getAppointmentTypes → {"status":"OK","data":[{"doctor_id":467,"relacion_id":1,"cita_nombre":"Consulta inicial","duracion":5,"producto_id":0,"u
✅ [API RESPONSE   +15.61s] (613ms) 200 https://admin-dev.mediplanner.mx/api/profile/getProfile → {"status":"OK","data":{"id":467,"sNombre":"Walter","sPaterno":"Hartwell","sMaterno":"White","sCorreo":"dpichardo@rym-sol
✅ [API RESPONSE   +15.72s] (725ms) 200 https://admin-dev.mediplanner.mx/api/patients/getPatient → {"status":"OK","data":{"id":853,"iEstatusId":2,"sEstatus":"Aceptada","sImagen":"","sNombre":"Juan","sPaterno":"Garcia","
📤 [API REQUEST    +16.60s] POST https://admin-dev.mediplanner.mx/api/catalogs/getCatalogs
📤 [API REQUEST    +16.60s] POST https://admin-dev.mediplanner.mx/api/patients/getPatient
✅ [API RESPONSE   +16.98s] (379ms) 200 https://admin-dev.mediplanner.mx/api/catalogs/getCatalogs → {"status":"OK","data":{"tipos_sexo":[{"id":1,"name":"Masculino"},{"id":2,"name":"Femenino"}],"tipos_estado_civil":[{"id"
✅ [API RESPONSE   +16.98s] (381ms) 200 https://admin-dev.mediplanner.mx/api/patients/getPatient → {"status":"OK","data":{"id":853,"iEstatusId":2,"sEstatus":"Aceptada","sImagen":"","sNombre":"Juan","sPaterno":"Garcia","
   Fila clickeada (índice de aparición 2da) → id esperado uno de [853, 861], id realmente abierto: 853

══════════════════════════════════════════════════════════════════════
📊  RESUMEN DEVTOOLS MONITOR
══════════════════════════════════════════════════════════════════════
⏱️  Duración total:         17.2s
📤  API Requests enviados:  11
✅  Responses exitosas:     11
🟠  Responses con error:    0
🔴  Errores de JS/consola:  4
🟡  Warnings de consola:    0

── Errores detectados ──────────────────────────────────────────────
  [1] +2.46s → net::ERR_ABORTED
  [2] +3.59s → net::ERR_ABORTED
  [3] +7.08s → net::ERR_ABORTED
  [4] +15.29s → net::ERR_ABORTED
══════════════════════════════════════════════════════════════════════

  ok 4 [consultation-user-errors] › tests\consultation.user-errors.spec.js:189:3 › Consulta — errores humanos reales (error guessing) › 3. Pacientes con nombre idéntico deben abrirse por su registro real, no por confusión de fila (17.8s)
[2026-07-31T20:05:49.547Z] ℹ️  Explorando próximos 5 días para registrar una cita...
[2026-07-31T20:05:49.550Z] ℹ️  Paciente objetivo de la cita: "Daniela Jiménez"
❌ [REQUEST FAILED +1.03s] https://www.google-analytics.com/g/collect?v=2&tid=G-ZVKJ9CWYCW&gtm=45je67t1v9248896219za200zd9248896219&_p=1785528350042&gcd=13l3l3l3l1l1&npa=0&dma=0&_eu=AAAAAAQ&are=1&cid=1840091255.1785528142&frm=0&ngs=1&pscdl=noapi&rcb=12&sr=1536x960&uaa=x86&uab=64&uafvl=Chromium%3B145.0.7632.6%7CNot%253AA-Brand%3B99.0.0.0&uam=&uamb=0&uap=Windows&uapv=10.0&uaw=0&ul=en-us&_s=1&tag_exp=115938466~115938468~118897920~118897930~119381664~119896802&sid=1785528141&sct=1&seg=1&dl=https%3A%2F%2Fadmin-dev.mediplanner.mx%2FCitas&dt=Mediplanner&en=page_view&_ee=1&tfd=754 — net::ERR_ABORTED
❌ [REQUEST FAILED +2.35s] https://mediplanner-atencion.zendesk.com/frontendevents/pv?client=1B752747-577B-429A-A0E0-83861AF69088 — net::ERR_ABORTED
📤 [API REQUEST    +4.72s] POST https://admin-dev.mediplanner.mx/api/permissions/getPermissions
📤 [API REQUEST    +4.72s] GET https://admin-dev.mediplanner.mx/api/profile/getProfile
✅ [API RESPONSE   +5.11s] (383ms) 200 https://admin-dev.mediplanner.mx/api/permissions/getPermissions → {"status":"OK","data":[{"id":1,"name":"Consultar","module":"Usuarios","module_id":1,"active":false},{"id":2,"name":"Crea
📤 [API REQUEST    +5.15s] POST https://admin-dev.mediplanner.mx/api/appointments/getFilteredAppointments
✅ [API RESPONSE   +5.16s] (436ms) 200 https://admin-dev.mediplanner.mx/api/profile/getProfile → {"status":"OK","data":{"id":467,"sNombre":"Walter","sPaterno":"Hartwell","sMaterno":"White","sCorreo":"dpichardo@rym-sol
❌ [REQUEST FAILED +5.85s] https://www.google-analytics.com/g/collect?v=2&tid=G-ZVKJ9CWYCW&gtm=45je67t1v9248896219za200zd9248896219&_p=1785528350042&gcd=13l3l3l3l1l1&npa=0&dma=0&_eu=AEAAAAQ&ae=a&are=1&cid=1840091255.1785528142&frm=0&ngs=1&pscdl=noapi&rcb=12&sr=1536x960&uaa=x86&uab=64&uafvl=Chromium%3B145.0.7632.6%7CNot%253AA-Brand%3B99.0.0.0&uam=&uamb=0&uap=Windows&uapv=10.0&uaw=0&ul=en-us&_s=2&tag_exp=115938466~115938468~118897920~118897930~119381664~119896802&sid=1785528141&sct=1&seg=1&dl=https%3A%2F%2Fadmin-dev.mediplanner.mx%2FCitas&dt=Mediplanner&en=scroll&epn.percent_scrolled=90&_et=4&tfd=5768 — net::ERR_ABORTED
✅ [API RESPONSE   +6.03s] (878ms) 200 https://admin-dev.mediplanner.mx/api/appointments/getFilteredAppointments → {"status":"OK","data":[{"title":"Consulta inicial","doctor_id":467,"doctor_name":"Dr.Walter Hartwell White","doctor_img"
[2026-07-31T20:05:58.152Z] ℹ️  Buscando botón "Agendar cita"...
🔴 [DEVTOOLS ERROR +9.03s] data-stepper-next not found
📤 [API REQUEST    +9.03s] POST https://admin-dev.mediplanner.mx/api/patients/getPatients
📤 [API REQUEST    +9.04s] POST https://admin-dev.mediplanner.mx/api/appointments/getAppointmentTypes
[2026-07-31T20:05:58.717Z] ℹ️  Comboboxes en wizard: 1
✅ [API RESPONSE   +9.94s] (907ms) 200 https://admin-dev.mediplanner.mx/api/patients/getPatients → {"status":"OK","data":{"patients":[{"id":527,"iUsuarioDrId":467,"sImagen":"https://s3.amazonaws.com/s3.mediplanner.mx/us
📤 [API REQUEST    +9.97s] POST https://admin-dev.mediplanner.mx/api/patients/getPatients
✅ [API RESPONSE   +9.97s] (938ms) 200 https://admin-dev.mediplanner.mx/api/appointments/getAppointmentTypes → {"status":"OK","data":[{"doctor_id":467,"relacion_id":1,"cita_nombre":"Consulta inicial","duracion":5,"producto_id":0,"u
[2026-07-31T20:05:59.570Z] ℹ️  Buscando: "Daniela Jiménez" (intento 1/5)...
❌ [REQUEST FAILED +10.03s] https://mediplanner-atencion.zendesk.com/frontendevents/pv?client=1B752747-577B-429A-A0E0-83861AF69088 — net::ERR_ABORTED
✅ [API RESPONSE   +10.74s] (767ms) 200 https://admin-dev.mediplanner.mx/api/patients/getPatients → {"status":"OK","data":{"patients":[{"id":474,"iUsuarioDrId":467,"sImagen":"","sNombre":"Daniela","sPaterno":"Jiménez","s
[2026-07-31T20:06:01.602Z] ℹ️  Opciones encontradas: 1
[2026-07-31T20:06:01.768Z] ✅ Opción seleccionada (coincide "Daniela Jiménez"): "Daniela Jiménez Durán"
❌ [REQUEST FAILED +14.89s] https://www.google-analytics.com/g/collect?v=2&tid=G-ZVKJ9CWYCW&gtm=45je67t1v9248896219za200zd9248896219&_p=1785528350042&gcd=13l3l3l3l1l1&npa=0&dma=0&_eu=AEAAAAQ&ae=a&are=1&cid=1840091255.1785528142&frm=0&ngs=1&pscdl=noapi&rcb=12&sr=1536x960&uaa=x86&uab=64&uafvl=Chromium%3B145.0.7632.6%7CNot%253AA-Brand%3B99.0.0.0&uam=&uamb=0&uap=Windows&uapv=10.0&uaw=0&ul=en-us&_s=3&tag_exp=115938466~115938468~118897920~118897930~119381664~119896802&dl=https%3A%2F%2Fadmin-dev.mediplanner.mx%2FCitas%2FCrearCita&dr=https%3A%2F%2Fadmin-dev.mediplanner.mx%2FCitas&sid=1785528141&sct=1&seg=1&dt=Mediplanner&en=page_view&_et=8931&tfd=14698 — net::ERR_ABORTED
[2026-07-31T20:06:04.946Z] ℹ️  Selects en paso 2: 2
[2026-07-31T20:06:04.953Z] ℹ️  Opciones tipo consulta: 4
[2026-07-31T20:06:06.566Z] ℹ️  Opciones hospital: 6
[2026-07-31T20:06:07.803Z] ℹ️  Buscando input de fecha...
[2026-07-31T20:06:09.828Z] ✅ Input de fecha encontrado con selector: input[type="date"]
[2026-07-31T20:06:09.837Z] ℹ️  Intentando registrar cita en: 2026-07-31
📤 [API REQUEST    +20.31s] POST https://admin-dev.mediplanner.mx/api/appointments/getFreeSchedules
✅ [API RESPONSE   +21.06s] (749ms) 200 https://admin-dev.mediplanner.mx/api/appointments/getFreeSchedules → {"status":"OK","data":[]}
[2026-07-31T20:06:11.955Z] ⚠️  No hay horas disponibles en 2026-07-31
[2026-07-31T20:06:11.955Z] ℹ️  Intentando registrar cita en: 2026-08-01
📤 [API REQUEST    +22.43s] POST https://admin-dev.mediplanner.mx/api/appointments/getFreeSchedules
✅ [API RESPONSE   +22.82s] (387ms) 200 https://admin-dev.mediplanner.mx/api/appointments/getFreeSchedules → {"status":"OK","data":[]}
[2026-07-31T20:06:14.070Z] ⚠️  No hay horas disponibles en 2026-08-01
[2026-07-31T20:06:14.070Z] ℹ️  Intentando registrar cita en: 2026-08-02
📤 [API REQUEST    +24.55s] POST https://admin-dev.mediplanner.mx/api/appointments/getFreeSchedules
✅ [API RESPONSE   +25.26s] (706ms) 200 https://admin-dev.mediplanner.mx/api/appointments/getFreeSchedules → {"status":"OK","data":[]}
[2026-07-31T20:06:16.191Z] ⚠️  No hay horas disponibles en 2026-08-02
[2026-07-31T20:06:16.192Z] ℹ️  Intentando registrar cita en: 2026-08-03
📤 [API REQUEST    +26.67s] POST https://admin-dev.mediplanner.mx/api/appointments/getFreeSchedules
✅ [API RESPONSE   +27.12s] (448ms) 200 https://admin-dev.mediplanner.mx/api/appointments/getFreeSchedules → {"status":"OK","data":[{"hora_inicio":"10:00:00","hora_fin":"10:05:00"},{"hora_inicio":"10:05:00","hora_fin":"10:10:00"}
[2026-07-31T20:06:18.310Z] ✅ Horas disponibles en 2026-08-03: 192
[2026-07-31T20:06:18.332Z] ℹ️  Intentando seleccionar hora: 10:00
[2026-07-31T20:06:19.488Z] ✅ Hora seleccionada exitosamente
📤 [API REQUEST    +31.24s] POST https://admin-dev.mediplanner.mx/api/appointments/createAppointment
✅ [API RESPONSE   +33.68s] (2447ms) 200 https://admin-dev.mediplanner.mx/api/appointments/createAppointment → {"status":"OK","data":{"relacion_id":602,"message":"Cita creada correctamente"}}
[2026-07-31T20:06:23.788Z] ✅ Cita registrada exitosamente en 2026-08-03
❌ [REQUEST FAILED +34.73s] https://www.google-analytics.com/g/collect?v=2&tid=G-ZVKJ9CWYCW&gtm=45je67t1v9248896219za200zd9248896219&_p=1785528350042&gcd=13l3l3l3l1l1&npa=0&dma=0&_eu=AAAAAAQ&are=1&cid=1840091255.1785528142&frm=0&ngs=1&pscdl=noapi&rcb=12&sr=1536x960&uaa=x86&uab=64&uafvl=Chromium%3B145.0.7632.6%7CNot%253AA-Brand%3B99.0.0.0&uam=&uamb=0&uap=Windows&uapv=10.0&uaw=0&ul=en-us&_s=4&tag_exp=115938466~115938468~118897920~118897930~119381664~119896802&sid=1785528141&sct=1&seg=1&dl=https%3A%2F%2Fadmin-dev.mediplanner.mx%2FCitas%2FCrearCita&dr=https%3A%2F%2Fadmin-dev.mediplanner.mx%2FCitas&dt=Mediplanner&en=user_engagement&_et=25007&tfd=34703 — net::ERR_ABORTED
❌ [REQUEST FAILED +34.73s] https://p.clarity.ms/collect — net::ERR_ABORTED
❌ [REQUEST FAILED +35.13s] https://mediplanner-atencion.zendesk.com/frontendevents/pv?client=1B752747-577B-429A-A0E0-83861AF69088 — net::ERR_ABORTED
❌ [REQUEST FAILED +35.24s] https://www.google-analytics.com/g/collect?v=2&tid=G-ZVKJ9CWYCW&gtm=45je67t1v9248896219za200zd9248896219&_p=1785528384398&gcd=13l3l3l3l1l1&npa=0&dma=0&_eu=AAAAAAQ&are=1&cid=1840091255.1785528142&frm=0&ngs=1&pscdl=noapi&rcb=14&sr=1536x960&uaa=x86&uab=64&uafvl=Chromium%3B145.0.7632.6%7CNot%253AA-Brand%3B99.0.0.0&uam=&uamb=0&uap=Windows&uapv=10.0&uaw=0&ul=en-us&_s=1&tag_exp=115616985~115938466~115938468~118897920~118897930~119527020~119896803&sid=1785528141&sct=1&seg=1&dl=https%3A%2F%2Fadmin-dev.mediplanner.mx%2FDashboard&dt=Mediplanner&en=page_view&_ee=1&tfd=909 — net::ERR_ABORTED
❌ [REQUEST FAILED +35.30s] https://mediplanner-atencion.zendesk.com/embeddable/config — net::ERR_ABORTED
📤 [API REQUEST    +35.40s] POST https://admin-dev.mediplanner.mx/api/permissions/getPermissions
📤 [API REQUEST    +35.40s] GET https://admin-dev.mediplanner.mx/api/profile/getProfile
📤 [API REQUEST    +35.69s] POST https://admin-dev.mediplanner.mx/api/appointments/getFilteredAppointments
📤 [API REQUEST    +35.69s] POST https://admin-dev.mediplanner.mx/api/dashboard/getDashboardData
📤 [API REQUEST    +35.69s] POST https://admin-dev.mediplanner.mx/api/procedures/getLastProceduresFilesByDoctorId
📤 [API REQUEST    +35.69s] POST https://admin-dev.mediplanner.mx/api/dashboard/getDashboardPayments
📤 [API REQUEST    +35.69s] POST https://admin-dev.mediplanner.mx/api/wizard/getActiveStep
📤 [API REQUEST    +35.73s] POST https://admin-dev.mediplanner.mx/api/appointments/getAppointmentCount
✅ [API RESPONSE   +35.79s] (389ms) 200 https://admin-dev.mediplanner.mx/api/permissions/getPermissions → {"status":"OK","data":[{"id":1,"name":"Consultar","module":"Usuarios","module_id":1,"active":false},{"id":2,"name":"Crea
✅ [API RESPONSE   +35.93s] (531ms) 200 https://admin-dev.mediplanner.mx/api/profile/getProfile → {"status":"OK","data":{"id":467,"sNombre":"Walter","sPaterno":"Hartwell","sMaterno":"White","sCorreo":"dpichardo@rym-sol
✅ [API RESPONSE   +36.44s] (751ms) 200 https://admin-dev.mediplanner.mx/api/appointments/getFilteredAppointments → {"status":"OK","data":[]}
✅ [API RESPONSE   +36.45s] (754ms) 200 https://admin-dev.mediplanner.mx/api/procedures/getLastProceduresFilesByDoctorId → {"status":"OK","data":{"procedimientos":[{"paciente_id":894,"paciente_nombre":"Agustin Tapia Nievas","procedimiento_id":
✅ [API RESPONSE   +36.45s] (757ms) 200 https://admin-dev.mediplanner.mx/api/dashboard/getDashboardData → {"status":"OK","data":{"monthConsultations":{"count":68,"percentage":0},"recurring":{"count":15,"percentage":650},"patie
✅ [API RESPONSE   +36.45s] (760ms) 200 https://admin-dev.mediplanner.mx/api/wizard/getActiveStep → {"status":"OK","data":{"activeStep":5,"date":"2026-07-31 14:04:45"}}
✅ [API RESPONSE   +36.46s] (731ms) 200 https://admin-dev.mediplanner.mx/api/appointments/getAppointmentCount → {"status":"OK","data":[{"date":"2026-07-01","count":0},{"date":"2026-07-02","count":0},{"date":"2026-07-03","count":0},{
✅ [API RESPONSE   +36.66s] (962ms) 200 https://admin-dev.mediplanner.mx/api/dashboard/getDashboardPayments → {"status":"OK","data":{"grafica_actual":[{"etiqueta":"Viernes","total_pagos":0,"monto":0}],"grafica_anterior":[{"etiquet
❌ [REQUEST FAILED +37.16s] https://mediplanner-atencion.zendesk.com/frontendevents/pv?client=1B752747-577B-429A-A0E0-83861AF69088 — net::ERR_ABORTED
📤 [API REQUEST    +38.10s] POST https://admin-dev.mediplanner.mx/api/wizard/getActiveStep
📤 [API REQUEST    +38.40s] GET https://admin-dev.mediplanner.mx/api/profile/getProfile
📤 [API REQUEST    +38.40s] POST https://admin-dev.mediplanner.mx/api/appointments/getAppointmentTypes
📤 [API REQUEST    +38.40s] POST https://admin-dev.mediplanner.mx/api/wizard/saveStep
✅ [API RESPONSE   +38.38s] (284ms) 200 https://admin-dev.mediplanner.mx/api/wizard/getActiveStep → {"status":"OK","data":{"activeStep":5,"date":"2026-07-31 14:04:45"}}
[2026-07-31T20:06:28.039Z] ℹ️  Buscando botón Iniciar para "Daniela" en los próximos 5 días...
❌ [REQUEST FAILED +38.64s] https://admin-dev.mediplanner.mx/api/appointments/getAppointmentTypes — net::ERR_ABORTED
❌ [REQUEST FAILED +38.64s] https://admin-dev.mediplanner.mx/api/wizard/saveStep — net::ERR_ABORTED
❌ [REQUEST FAILED +38.64s] https://www.google-analytics.com/g/collect?v=2&tid=G-ZVKJ9CWYCW&gtm=45je67t1v9248896219za200zd9248896219&_p=1785528384398&gcd=13l3l3l3l1l1&npa=0&dma=0&_eu=AEAAAAQ&ae=a&are=1&cid=1840091255.1785528142&frm=0&ngs=1&pscdl=noapi&rcb=14&sr=1536x960&uaa=x86&uab=64&uafvl=Chromium%3B145.0.7632.6%7CNot%253AA-Brand%3B99.0.0.0&uam=&uamb=0&uap=Windows&uapv=10.0&uaw=0&ul=en-us&tag_exp=115616985~115938466~115938468~118897920~118897930~119527020~119896803&sid=1785528141&sct=1&seg=1&dl=https%3A%2F%2Fadmin-dev.mediplanner.mx%2FDashboard&dt=Mediplanner&_s=2&tfd=4367 — net::ERR_ABORTED
❌ [REQUEST FAILED +38.64s] https://www.google-analytics.com/g/collect?v=2&tid=G-ZVKJ9CWYCW&gtm=45je67t1v9248896219za200zd9248896219&_p=1785528384398&gcd=13l3l3l3l1l1&npa=0&dma=0&_eu=AAAAAAQ&are=1&cid=1840091255.1785528142&frm=0&ngs=1&pscdl=noapi&rcb=14&sr=1536x960&uaa=x86&uab=64&uafvl=Chromium%3B145.0.7632.6%7CNot%253AA-Brand%3B99.0.0.0&uam=&uamb=0&uap=Windows&uapv=10.0&uaw=0&ul=en-us&_s=3&tag_exp=115616985~115938466~115938468~118897920~118897930~119527020~119896803&sid=1785528141&sct=1&seg=1&dl=https%3A%2F%2Fadmin-dev.mediplanner.mx%2Fwizard%2Fonboarding&dr=https%3A%2F%2Fadmin-dev.mediplanner.mx%2FDashboard&dt=Mediplanner&en=user_engagement&_et=1156&tfd=4367 — net::ERR_ABORTED
❌ [REQUEST FAILED +38.64s] https://p.clarity.ms/collect — net::ERR_ABORTED
❌ [REQUEST FAILED +38.64s] https://admin-dev.mediplanner.mx/api/profile/getProfile — net::ERR_ABORTED
❌ [REQUEST FAILED +38.98s] https://www.google-analytics.com/g/collect?v=2&tid=G-ZVKJ9CWYCW&gtm=45je67t1v9248896219za200zd9248896219&_p=1785528388327&gcd=13l3l3l3l1l1&npa=0&dma=0&_eu=AAAAAAQ&are=1&cid=1840091255.1785528142&frm=0&ngs=1&pscdl=noapi&rcb=5&sr=1536x960&uaa=x86&uab=64&uafvl=Chromium%3B145.0.7632.6%7CNot%253AA-Brand%3B99.0.0.0&uam=&uamb=0&uap=Windows&uapv=10.0&uaw=0&ul=en-us&_s=1&tag_exp=115938465~115938469~118395333~118897920~118897930~119896803&sid=1785528141&sct=1&seg=1&dl=https%3A%2F%2Fadmin-dev.mediplanner.mx%2FDashboard&dt=Mediplanner&en=page_view&_ee=1&tfd=396 — net::ERR_ABORTED
❌ [REQUEST FAILED +38.98s] https://mediplanner-atencion.zendesk.com/frontendevents/pv?client=1B752747-577B-429A-A0E0-83861AF69088 — net::ERR_ABORTED
📤 [API REQUEST    +39.03s] POST https://admin-dev.mediplanner.mx/api/permissions/getPermissions
📤 [API REQUEST    +39.03s] GET https://admin-dev.mediplanner.mx/api/profile/getProfile
📤 [API REQUEST    +39.03s] POST https://admin-dev.mediplanner.mx/api/appointments/getFilteredAppointments
📤 [API REQUEST    +39.03s] POST https://admin-dev.mediplanner.mx/api/dashboard/getDashboardData
📤 [API REQUEST    +39.04s] POST https://admin-dev.mediplanner.mx/api/procedures/getLastProceduresFilesByDoctorId
📤 [API REQUEST    +39.04s] POST https://admin-dev.mediplanner.mx/api/dashboard/getDashboardPayments
📤 [API REQUEST    +39.05s] POST https://admin-dev.mediplanner.mx/api/appointments/getAppointmentCount
[2026-07-31T20:06:28.766Z] ⚠️  Calendario del Dashboard no renderizó (intento 1/3), recargando...
❌ [REQUEST FAILED +39.77s] https://admin-dev.mediplanner.mx/api/dashboard/getDashboardPayments — net::ERR_ABORTED
❌ [REQUEST FAILED +39.77s] https://www.google-analytics.com/g/collect?v=2&tid=G-ZVKJ9CWYCW&gtm=45je67t1v9248896219za200zd9248896219&_p=1785528388327&gcd=13l3l3l3l1l1&npa=0&dma=0&_eu=AEAAAAQ&ae=a&are=1&cid=1840091255.1785528142&frm=0&ngs=1&pscdl=noapi&rcb=5&sr=1536x960&uaa=x86&uab=64&uafvl=Chromium%3B145.0.7632.6%7CNot%253AA-Brand%3B99.0.0.0&uam=&uamb=0&uap=Windows&uapv=10.0&uaw=0&ul=en-us&_s=2&tag_exp=115938465~115938469~118395333~118897920~118897930~119896803&sid=1785528141&sct=1&seg=1&dl=https%3A%2F%2Fadmin-dev.mediplanner.mx%2FDashboard&dt=Mediplanner&en=scroll&epn.percent_scrolled=90&_et=2&tfd=1251 — net::ERR_ABORTED
❌ [REQUEST FAILED +39.77s] https://admin-dev.mediplanner.mx/api/appointments/getAppointmentCount — net::ERR_ABORTED
❌ [REQUEST FAILED +39.77s] https://admin-dev.mediplanner.mx/api/dashboard/getDashboardData — net::ERR_ABORTED
❌ [REQUEST FAILED +39.77s] https://p.clarity.ms/collect — net::ERR_ABORTED
❌ [REQUEST FAILED +39.77s] https://admin-dev.mediplanner.mx/assets/icons/agendar_consulta.svg — net::ERR_ABORTED
✅ [API RESPONSE   +39.62s] (590ms) 200 https://admin-dev.mediplanner.mx/api/appointments/getFilteredAppointments
✅ [API RESPONSE   +39.65s] (620ms) 200 https://admin-dev.mediplanner.mx/api/permissions/getPermissions
✅ [API RESPONSE   +39.73s] (698ms) 200 https://admin-dev.mediplanner.mx/api/profile/getProfile
✅ [API RESPONSE   +39.74s] (705ms) 200 https://admin-dev.mediplanner.mx/api/procedures/getLastProceduresFilesByDoctorId
❌ [REQUEST FAILED +40.08s] https://www.google-analytics.com/g/collect?v=2&tid=G-ZVKJ9CWYCW&gtm=45je67t1v9248896219za200zd9248896219&_p=1785528389434&gcd=13l3l3l3l1l1&npa=0&dma=0&_eu=AAAAAAQ&are=1&cid=1840091255.1785528142&frm=0&ngs=1&pscdl=noapi&rcb=11&sr=1536x960&uaa=x86&uab=64&uafvl=Chromium%3B145.0.7632.6%7CNot%253AA-Brand%3B99.0.0.0&uam=&uamb=0&uap=Windows&uapv=10.0&uaw=0&ul=en-us&_s=1&tag_exp=115616985~115938465~115938469~118897920~118897930~119896803~120222309&sid=1785528141&sct=1&seg=1&dl=https%3A%2F%2Fadmin-dev.mediplanner.mx%2FDashboard&dt=Mediplanner&en=page_view&_ee=1&tfd=757 — net::ERR_ABORTED
❌ [REQUEST FAILED +40.16s] https://mediplanner-atencion.zendesk.com/frontendevents/pv?client=1B752747-577B-429A-A0E0-83861AF69088 — net::ERR_ABORTED
📤 [API REQUEST    +40.22s] POST https://admin-dev.mediplanner.mx/api/permissions/getPermissions
📤 [API REQUEST    +40.22s] GET https://admin-dev.mediplanner.mx/api/profile/getProfile
📤 [API REQUEST    +40.22s] POST https://admin-dev.mediplanner.mx/api/appointments/getFilteredAppointments
📤 [API REQUEST    +40.22s] POST https://admin-dev.mediplanner.mx/api/dashboard/getDashboardData
📤 [API REQUEST    +40.22s] POST https://admin-dev.mediplanner.mx/api/procedures/getLastProceduresFilesByDoctorId
📤 [API REQUEST    +40.22s] POST https://admin-dev.mediplanner.mx/api/dashboard/getDashboardPayments
📤 [API REQUEST    +40.25s] POST https://admin-dev.mediplanner.mx/api/appointments/getAppointmentCount
✅ [API RESPONSE   +40.65s] (428ms) 200 https://admin-dev.mediplanner.mx/api/permissions/getPermissions → {"status":"OK","data":[{"id":1,"name":"Consultar","module":"Usuarios","module_id":1,"active":false},{"id":2,"name":"Crea
✅ [API RESPONSE   +40.65s] (431ms) 200 https://admin-dev.mediplanner.mx/api/profile/getProfile → {"status":"OK","data":{"id":467,"sNombre":"Walter","sPaterno":"Hartwell","sMaterno":"White","sCorreo":"dpichardo@rym-sol
✅ [API RESPONSE   +41.08s] (862ms) 200 https://admin-dev.mediplanner.mx/api/procedures/getLastProceduresFilesByDoctorId → {"status":"OK","data":{"procedimientos":[{"paciente_id":894,"paciente_nombre":"Agustin Tapia Nievas","procedimiento_id":
✅ [API RESPONSE   +41.08s] (835ms) 200 https://admin-dev.mediplanner.mx/api/appointments/getAppointmentCount → {"status":"OK","data":[{"date":"2026-07-01","count":0},{"date":"2026-07-02","count":0},{"date":"2026-07-03","count":0},{
✅ [API RESPONSE   +41.10s] (880ms) 200 https://admin-dev.mediplanner.mx/api/appointments/getFilteredAppointments → {"status":"OK","data":[]}
✅ [API RESPONSE   +41.13s] (910ms) 200 https://admin-dev.mediplanner.mx/api/dashboard/getDashboardData → {"status":"OK","data":{"monthConsultations":{"count":68,"percentage":0},"recurring":{"count":15,"percentage":650},"patie
✅ [API RESPONSE   +41.19s] (968ms) 200 https://admin-dev.mediplanner.mx/api/dashboard/getDashboardPayments → {"status":"OK","data":{"grafica_actual":[{"etiqueta":"Viernes","total_pagos":0,"monto":0}],"grafica_anterior":[{"etiquet
[2026-07-31T20:06:31.211Z] ⚠️  Calendario del Dashboard no renderizó (intento 2/3), recargando...
❌ [REQUEST FAILED +42.06s] https://www.google-analytics.com/g/collect?v=2&tid=G-ZVKJ9CWYCW&gtm=45je67t1v9248896219za200zd9248896219&_p=1785528389434&gcd=13l3l3l3l1l1&npa=0&dma=0&_eu=AEAAAAQ&ae=a&are=1&cid=1840091255.1785528142&frm=0&ngs=1&pscdl=noapi&rcb=11&sr=1536x960&uaa=x86&uab=64&uafvl=Chromium%3B145.0.7632.6%7CNot%253AA-Brand%3B99.0.0.0&uam=&uamb=0&uap=Windows&uapv=10.0&uaw=0&ul=en-us&_s=2&tag_exp=115616985~115938465~115938469~118897920~118897930~119896803~120222309&sid=1785528141&sct=1&seg=1&dl=https%3A%2F%2Fadmin-dev.mediplanner.mx%2FDashboard&dt=Mediplanner&en=scroll&epn.percent_scrolled=90&_et=23&tfd=2823 — net::ERR_ABORTED
❌ [REQUEST FAILED +42.06s] https://www.google-analytics.com/g/collect?v=2&tid=G-ZVKJ9CWYCW&gtm=45je67t1v9248896219za200zd9248896219&_p=1785528389434&gcd=13l3l3l3l1l1&npa=0&dma=0&_eu=AAAAAAQ&are=1&cid=1840091255.1785528142&frm=0&ngs=1&pscdl=noapi&rcb=11&sr=1536x960&uaa=x86&uab=64&uafvl=Chromium%3B145.0.7632.6%7CNot%253AA-Brand%3B99.0.0.0&uam=&uamb=0&uap=Windows&uapv=10.0&uaw=0&ul=en-us&_s=3&tag_exp=115616985~115938465~115938469~118897920~118897930~119896803~120222309&sid=1785528141&sct=1&seg=1&dl=https%3A%2F%2Fadmin-dev.mediplanner.mx%2FDashboard&dt=Mediplanner&en=user_engagement&_et=2062&tfd=2823 — net::ERR_ABORTED
❌ [REQUEST FAILED +42.06s] https://p.clarity.ms/collect — net::ERR_ABORTED
❌ [REQUEST FAILED +42.39s] https://www.google-analytics.com/g/collect?v=2&tid=G-ZVKJ9CWYCW&gtm=45je67t1v9248896219za200zd9248896219&_p=1785528391710&gcd=13l3l3l3l1l1&npa=0&dma=0&_eu=AAAAAAQ&are=1&cid=1840091255.1785528142&frm=0&ngs=1&pscdl=noapi&rcb=9&sr=1536x960&uaa=x86&uab=64&uafvl=Chromium%3B145.0.7632.6%7CNot%253AA-Brand%3B99.0.0.0&uam=&uamb=0&uap=Windows&uapv=10.0&uaw=0&ul=en-us&_s=1&tag_exp=115938465~115938468~118897920~118897930~119896803&sid=1785528141&sct=1&seg=1&dl=https%3A%2F%2Fadmin-dev.mediplanner.mx%2FDashboard&dt=Mediplanner&en=page_view&_ee=1&tfd=552 — net::ERR_ABORTED
📤 [API REQUEST    +42.45s] POST https://admin-dev.mediplanner.mx/api/permissions/getPermissions
📤 [API REQUEST    +42.45s] GET https://admin-dev.mediplanner.mx/api/profile/getProfile
📤 [API REQUEST    +42.45s] POST https://admin-dev.mediplanner.mx/api/appointments/getFilteredAppointments
📤 [API REQUEST    +42.45s] POST https://admin-dev.mediplanner.mx/api/dashboard/getDashboardData
📤 [API REQUEST    +42.45s] POST https://admin-dev.mediplanner.mx/api/procedures/getLastProceduresFilesByDoctorId
📤 [API REQUEST    +42.45s] POST https://admin-dev.mediplanner.mx/api/dashboard/getDashboardPayments
📤 [API REQUEST    +42.47s] POST https://admin-dev.mediplanner.mx/api/appointments/getAppointmentCount
❌ [REQUEST FAILED +42.48s] https://mediplanner-atencion.zendesk.com/frontendevents/pv?client=1B752747-577B-429A-A0E0-83861AF69088 — net::ERR_ABORTED
✅ [API RESPONSE   +43.00s] (555ms) 200 https://admin-dev.mediplanner.mx/api/dashboard/getDashboardData → {"status":"OK","data":{"monthConsultations":{"count":68,"percentage":0},"recurring":{"count":15,"percentage":650},"patie
✅ [API RESPONSE   +43.10s] (649ms) 200 https://admin-dev.mediplanner.mx/api/procedures/getLastProceduresFilesByDoctorId → {"status":"OK","data":{"procedimientos":[{"paciente_id":894,"paciente_nombre":"Agustin Tapia Nievas","procedimiento_id":
✅ [API RESPONSE   +43.12s] (671ms) 200 https://admin-dev.mediplanner.mx/api/permissions/getPermissions → {"status":"OK","data":[{"id":1,"name":"Consultar","module":"Usuarios","module_id":1,"active":false},{"id":2,"name":"Crea
✅ [API RESPONSE   +43.19s] (738ms) 200 https://admin-dev.mediplanner.mx/api/profile/getProfile → {"status":"OK","data":{"id":467,"sNombre":"Walter","sPaterno":"Hartwell","sMaterno":"White","sCorreo":"dpichardo@rym-sol
✅ [API RESPONSE   +43.19s] (746ms) 200 https://admin-dev.mediplanner.mx/api/appointments/getFilteredAppointments → {"status":"OK","data":[]}
✅ [API RESPONSE   +43.22s] (750ms) 200 https://admin-dev.mediplanner.mx/api/appointments/getAppointmentCount → {"status":"OK","data":[{"date":"2026-07-01","count":0},{"date":"2026-07-02","count":0},{"date":"2026-07-03","count":0},{
✅ [API RESPONSE   +43.44s] (995ms) 200 https://admin-dev.mediplanner.mx/api/dashboard/getDashboardPayments → {"status":"OK","data":{"grafica_actual":[{"etiqueta":"Viernes","total_pagos":0,"monto":0}],"grafica_anterior":[{"etiquet
[2026-07-31T20:06:33.523Z] ⚠️  Calendario del Dashboard no renderizó (intento 3/3), recargando...
❌ [REQUEST FAILED +44.12s] https://p.clarity.ms/collect — net::ERR_ABORTED
❌ [REQUEST FAILED +44.12s] https://p.clarity.ms/collect — net::ERR_ABORTED
❌ [REQUEST FAILED +44.12s] https://www.google-analytics.com/g/collect?v=2&tid=G-ZVKJ9CWYCW&gtm=45je67t1v9248896219za200zd9248896219&_p=1785528391710&gcd=13l3l3l3l1l1&npa=0&dma=0&_eu=AEAAAAQ&ae=a&are=1&cid=1840091255.1785528142&frm=0&ngs=1&pscdl=noapi&rcb=9&sr=1536x960&uaa=x86&uab=64&uafvl=Chromium%3B145.0.7632.6%7CNot%253AA-Brand%3B99.0.0.0&uam=&uamb=0&uap=Windows&uapv=10.0&uaw=0&ul=en-us&_s=2&tag_exp=115938465~115938468~118897920~118897930~119896803&sid=1785528141&sct=1&seg=1&dl=https%3A%2F%2Fadmin-dev.mediplanner.mx%2FDashboard&dt=Mediplanner&en=scroll&epn.percent_scrolled=90&_et=18&tfd=2431 — net::ERR_ABORTED
❌ [REQUEST FAILED +44.12s] https://www.google-analytics.com/g/collect?v=2&tid=G-ZVKJ9CWYCW&gtm=45je67t1v9248896219za200zd9248896219&_p=1785528391710&gcd=13l3l3l3l1l1&npa=0&dma=0&_eu=AAAAAAQ&are=1&cid=1840091255.1785528142&frm=0&ngs=1&pscdl=noapi&rcb=9&sr=1536x960&uaa=x86&uab=64&uafvl=Chromium%3B145.0.7632.6%7CNot%253AA-Brand%3B99.0.0.0&uam=&uamb=0&uap=Windows&uapv=10.0&uaw=0&ul=en-us&_s=3&tag_exp=115938465~115938468~118897920~118897930~119896803&sid=1785528141&sct=1&seg=1&dl=https%3A%2F%2Fadmin-dev.mediplanner.mx%2FDashboard&dt=Mediplanner&en=user_engagement&_et=1876&tfd=2432 — net::ERR_ABORTED
❌ [REQUEST FAILED +44.42s] https://www.google-analytics.com/g/collect?v=2&tid=G-ZVKJ9CWYCW&gtm=45je67t1v9248896219za200zd9248896219&_p=1785528393794&gcd=13l3l3l3l1l1&npa=0&dma=0&_eu=AAAAAAQ&are=1&cid=1840091255.1785528142&frm=0&ngs=1&pscdl=noapi&rcb=12&sr=1536x960&uaa=x86&uab=64&uafvl=Chromium%3B145.0.7632.6%7CNot%253AA-Brand%3B99.0.0.0&uam=&uamb=0&uap=Windows&uapv=10.0&uaw=0&ul=en-us&_s=1&tag_exp=115616986~115938466~115938468~118897920~118897930~119896803~120222308&sid=1785528141&sct=1&seg=1&dl=https%3A%2F%2Fadmin-dev.mediplanner.mx%2FDashboard&dt=Mediplanner&en=page_view&_ee=1&tfd=333 — net::ERR_ABORTED
📤 [API REQUEST    +44.47s] POST https://admin-dev.mediplanner.mx/api/permissions/getPermissions
📤 [API REQUEST    +44.47s] GET https://admin-dev.mediplanner.mx/api/profile/getProfile
📤 [API REQUEST    +44.47s] POST https://admin-dev.mediplanner.mx/api/appointments/getFilteredAppointments
📤 [API REQUEST    +44.47s] POST https://admin-dev.mediplanner.mx/api/dashboard/getDashboardData
📤 [API REQUEST    +44.47s] POST https://admin-dev.mediplanner.mx/api/procedures/getLastProceduresFilesByDoctorId
📤 [API REQUEST    +44.47s] POST https://admin-dev.mediplanner.mx/api/dashboard/getDashboardPayments
📤 [API REQUEST    +44.50s] POST https://admin-dev.mediplanner.mx/api/appointments/getAppointmentCount
❌ [REQUEST FAILED +44.52s] https://mediplanner-atencion.zendesk.com/frontendevents/pv?client=1B752747-577B-429A-A0E0-83861AF69088 — net::ERR_ABORTED
✅ [API RESPONSE   +45.18s] (711ms) 200 https://admin-dev.mediplanner.mx/api/procedures/getLastProceduresFilesByDoctorId → {"status":"OK","data":{"procedimientos":[{"paciente_id":894,"paciente_nombre":"Agustin Tapia Nievas","procedimiento_id":
✅ [API RESPONSE   +45.35s] (877ms) 200 https://admin-dev.mediplanner.mx/api/dashboard/getDashboardData → {"status":"OK","data":{"monthConsultations":{"count":68,"percentage":0},"recurring":{"count":15,"percentage":650},"patie
✅ [API RESPONSE   +45.35s] (884ms) 200 https://admin-dev.mediplanner.mx/api/permissions/getPermissions → {"status":"OK","data":[{"id":1,"name":"Consultar","module":"Usuarios","module_id":1,"active":false},{"id":2,"name":"Crea
✅ [API RESPONSE   +45.36s] (888ms) 200 https://admin-dev.mediplanner.mx/api/profile/getProfile → {"status":"OK","data":{"id":467,"sNombre":"Walter","sPaterno":"Hartwell","sMaterno":"White","sCorreo":"dpichardo@rym-sol
✅ [API RESPONSE   +45.41s] (908ms) 200 https://admin-dev.mediplanner.mx/api/appointments/getAppointmentCount → {"status":"OK","data":[{"date":"2026-07-01","count":0},{"date":"2026-07-02","count":0},{"date":"2026-07-03","count":0},{
✅ [API RESPONSE   +45.44s] (973ms) 200 https://admin-dev.mediplanner.mx/api/appointments/getFilteredAppointments → {"status":"OK","data":[]}
✅ [API RESPONSE   +45.46s] (986ms) 200 https://admin-dev.mediplanner.mx/api/dashboard/getDashboardPayments → {"status":"OK","data":{"grafica_actual":[{"etiqueta":"Viernes","total_pagos":0,"monto":0}],"grafica_anterior":[{"etiquet
[2026-07-31T20:06:35.558Z] ⚠️  El calendario del Dashboard no llegó a renderizar (td[data-day])
📤 [API REQUEST    +46.11s] POST https://admin-dev.mediplanner.mx/api/appointments/getAppointmentCount
✅ [API RESPONSE   +46.34s] (236ms) 200 https://admin-dev.mediplanner.mx/api/appointments/getAppointmentCount → {"status":"OK","data":[{"date":"2026-08-01","count":1},{"date":"2026-08-02","count":0},{"date":"2026-08-03","count":13},
📤 [API REQUEST    +46.74s] POST https://admin-dev.mediplanner.mx/api/appointments/getFilteredAppointments
✅ [API RESPONSE   +47.19s] (441ms) 200 https://admin-dev.mediplanner.mx/api/appointments/getFilteredAppointments → {"status":"OK","data":[]}
📤 [API REQUEST    +48.29s] POST https://admin-dev.mediplanner.mx/api/appointments/getFilteredAppointments
✅ [API RESPONSE   +48.62s] (331ms) 200 https://admin-dev.mediplanner.mx/api/appointments/getFilteredAppointments → {"status":"OK","data":[]}
❌ [REQUEST FAILED +49.43s] https://www.google-analytics.com/g/collect?v=2&tid=G-ZVKJ9CWYCW&gtm=45je67t1v9248896219za200zd9248896219&_p=1785528393794&gcd=13l3l3l3l1l1&npa=0&dma=0&_eu=AEAAAAQ&ae=a&are=1&cid=1840091255.1785528142&frm=0&ngs=1&pscdl=noapi&rcb=12&sr=1536x960&uaa=x86&uab=64&uafvl=Chromium%3B145.0.7632.6%7CNot%253AA-Brand%3B99.0.0.0&uam=&uamb=0&uap=Windows&uapv=10.0&uaw=0&ul=en-us&_s=2&tag_exp=115616986~115938466~115938468~118897920~118897930~119896803~120222308&sid=1785528141&sct=1&seg=1&dl=https%3A%2F%2Fadmin-dev.mediplanner.mx%2FDashboard&dt=Mediplanner&en=scroll&epn.percent_scrolled=90&_et=15&tfd=5347 — net::ERR_ABORTED
📤 [API REQUEST    +49.72s] POST https://admin-dev.mediplanner.mx/api/appointments/getFilteredAppointments
✅ [API RESPONSE   +50.25s] (528ms) 200 https://admin-dev.mediplanner.mx/api/appointments/getFilteredAppointments → {"status":"OK","data":[{"title":"Consulta inicial","doctor_id":467,"doctor_name":"Dr.Walter Hartwell White","doctor_img"
[2026-07-31T20:06:40.883Z] ✅ Botón Iniciar de "Daniela" encontrado en 2026-08-03
📤 [API REQUEST    +51.51s] POST https://admin-dev.mediplanner.mx/api/appointments/getFilteredAppointments
📤 [API REQUEST    +51.51s] POST https://admin-dev.mediplanner.mx/api/patients/getPatient
✅ [API RESPONSE   +52.21s] (692ms) 200 https://admin-dev.mediplanner.mx/api/appointments/getFilteredAppointments → {"status":"OK","data":[{"title":"Consulta inicial","doctor_id":467,"doctor_name":"Dr.Walter Hartwell White","doctor_img"
✅ [API RESPONSE   +52.41s] (900ms) 200 https://admin-dev.mediplanner.mx/api/patients/getPatient → {"status":"OK","data":{"id":474,"iEstatusId":2,"sEstatus":"Aceptada","sImagen":"","sNombre":"Daniela","sPaterno":"Jiméne
📤 [API REQUEST    +52.62s] POST https://admin-dev.mediplanner.mx/api/patients/getPatient
📤 [API REQUEST    +52.77s] POST https://admin-dev.mediplanner.mx/api/patients/getPatient
✅ [API RESPONSE   +53.02s] (401ms) 200 https://admin-dev.mediplanner.mx/api/patients/getPatient → {"status":"OK","data":{"id":474,"iEstatusId":2,"sEstatus":"Aceptada","sImagen":"","sNombre":"Daniela","sPaterno":"Jiméne
✅ [API RESPONSE   +53.23s] (465ms) 200 https://admin-dev.mediplanner.mx/api/patients/getPatient → {"status":"OK","data":{"id":474,"iEstatusId":2,"sEstatus":"Aceptada","sImagen":"","sNombre":"Daniela","sPaterno":"Jiméne
❌ [REQUEST FAILED +57.84s] https://www.google-analytics.com/g/collect?v=2&tid=G-ZVKJ9CWYCW&gtm=45je67t1v9248896219za200zd9248896219&_p=1785528393794&gcd=13l3l3l3l1l1&npa=0&dma=0&_eu=AEEAAAQ&ae=a&are=1&cid=1840091255.1785528142&frm=0&ngs=1&pscdl=noapi&rcb=12&sr=1536x960&uaa=x86&uab=64&uafvl=Chromium%3B145.0.7632.6%7CNot%253AA-Brand%3B99.0.0.0&uam=&uamb=0&uap=Windows&uapv=10.0&uaw=0&ul=en-us&_s=3&tag_exp=115616986~115938466~115938468~118897920~118897930~119896803~120222308&sid=1785528141&sct=1&seg=1&dl=https%3A%2F%2Fadmin-dev.mediplanner.mx%2FDashboard&dt=Mediplanner&en=form_start&ep.form_id=&ep.form_destination=https%3A%2F%2Fadmin-dev.mediplanner.mx%2FDashboard&epn.form_length=10&ep.first_field_id=&ep.first_field_name=peso&ep.first_field_type=text&epn.first_field_position=7&_et=8433&tfd=13773 — net::ERR_ABORTED
  x  5 [consultation-user-errors] › tests\consultation.user-errors.spec.js:257:3 › Consulta — errores humanos reales (error guessing) › 4. Escribir en Notas del Médico y navegar fuera sin guardar no debe corromper el dato al volver (1.4m)
[dotenv@17.3.1] injecting env (0) from .env -- tip: 🛡️ auth for agents: https://vestauth.com
[2026-07-31T20:07:14.910Z] ℹ️  Explorando próximos 5 días para registrar una cita...
[2026-07-31T20:07:14.912Z] ℹ️  Paciente objetivo de la cita: "Daniela Jiménez"
❌ [REQUEST FAILED +0.88s] https://www.google-analytics.com/g/collect?v=2&tid=G-ZVKJ9CWYCW&gtm=45je67t1v9248896219za200zd9248896219&_p=1785528435342&gcd=13l3l3l3l1l1&npa=0&dma=0&_eu=AAAAAAQ&are=1&cid=1840091255.1785528142&frm=0&ngs=1&pscdl=noapi&rcb=1&sr=1536x960&uaa=x86&uab=64&uafvl=Chromium%3B145.0.7632.6%7CNot%253AA-Brand%3B99.0.0.0&uam=&uamb=0&uap=Windows&uapv=10.0&uaw=0&ul=en-us&_s=1&tag_exp=115938465~115938469~118395334~118897920~118897930~119527019~119896802~120222308&sid=1785528141&sct=1&seg=1&dl=https%3A%2F%2Fadmin-dev.mediplanner.mx%2FCitas&dt=Mediplanner&en=page_view&_ee=1&tfd=714 — net::ERR_ABORTED
❌ [REQUEST FAILED +2.60s] https://mediplanner-atencion.zendesk.com/frontendevents/pv?client=1B752747-577B-429A-A0E0-83861AF69088 — net::ERR_ABORTED
📤 [API REQUEST    +4.41s] POST https://admin-dev.mediplanner.mx/api/permissions/getPermissions
📤 [API REQUEST    +4.42s] GET https://admin-dev.mediplanner.mx/api/profile/getProfile
📤 [API REQUEST    +4.90s] POST https://admin-dev.mediplanner.mx/api/appointments/getFilteredAppointments
✅ [API RESPONSE   +4.86s] (441ms) 200 https://admin-dev.mediplanner.mx/api/permissions/getPermissions → {"status":"OK","data":[{"id":1,"name":"Consultar","module":"Usuarios","module_id":1,"active":false},{"id":2,"name":"Crea
✅ [API RESPONSE   +4.86s] (448ms) 200 https://admin-dev.mediplanner.mx/api/profile/getProfile → {"status":"OK","data":{"id":467,"sNombre":"Walter","sPaterno":"Hartwell","sMaterno":"White","sCorreo":"dpichardo@rym-sol
❌ [REQUEST FAILED +5.80s] https://www.google-analytics.com/g/collect?v=2&tid=G-ZVKJ9CWYCW&gtm=45je67t1v9248896219za200zd9248896219&_p=1785528435342&gcd=13l3l3l3l1l1&npa=0&dma=0&_eu=AEAAAAQ&ae=a&are=1&cid=1840091255.1785528142&frm=0&ngs=1&pscdl=noapi&rcb=1&sr=1536x960&uaa=x86&uab=64&uafvl=Chromium%3B145.0.7632.6%7CNot%253AA-Brand%3B99.0.0.0&uam=&uamb=0&uap=Windows&uapv=10.0&uaw=0&ul=en-us&_s=2&tag_exp=115938465~115938469~118395334~118897920~118897930~119527019~119896802~120222308&sid=1785528141&sct=1&seg=1&dl=https%3A%2F%2Fadmin-dev.mediplanner.mx%2FCitas&dt=Mediplanner&en=scroll&epn.percent_scrolled=90&_et=4&tfd=5720 — net::ERR_ABORTED
✅ [API RESPONSE   +5.83s] (931ms) 200 https://admin-dev.mediplanner.mx/api/appointments/getFilteredAppointments → {"status":"OK","data":[{"title":"Consulta inicial","doctor_id":467,"doctor_name":"Dr.Walter Hartwell White","doctor_img"
[2026-07-31T20:07:23.734Z] ℹ️  Buscando botón "Agendar cita"...
🔴 [DEVTOOLS ERROR +9.19s] data-stepper-next not found
📤 [API REQUEST    +9.19s] POST https://admin-dev.mediplanner.mx/api/patients/getPatients
📤 [API REQUEST    +9.19s] POST https://admin-dev.mediplanner.mx/api/appointments/getAppointmentTypes
[2026-07-31T20:07:24.308Z] ℹ️  Comboboxes en wizard: 1
✅ [API RESPONSE   +9.84s] (649ms) 200 https://admin-dev.mediplanner.mx/api/appointments/getAppointmentTypes → {"status":"OK","data":[{"doctor_id":467,"relacion_id":1,"cita_nombre":"Consulta inicial","duracion":5,"producto_id":0,"u
📤 [API REQUEST    +10.23s] POST https://admin-dev.mediplanner.mx/api/patients/getPatients
❌ [REQUEST FAILED +10.24s] https://mediplanner-atencion.zendesk.com/frontendevents/pv?client=1B752747-577B-429A-A0E0-83861AF69088 — net::ERR_ABORTED
[2026-07-31T20:07:25.184Z] ℹ️  Buscando: "Daniela Jiménez" (intento 1/5)...
✅ [API RESPONSE   +11.40s] (2210ms) 200 https://admin-dev.mediplanner.mx/api/patients/getPatients → {"status":"OK","data":{"patients":[{"id":527,"iUsuarioDrId":467,"sImagen":"https://s3.amazonaws.com/s3.mediplanner.mx/us
✅ [API RESPONSE   +11.40s] (1173ms) 200 https://admin-dev.mediplanner.mx/api/patients/getPatients → {"status":"OK","data":{"patients":[{"id":474,"iUsuarioDrId":467,"sImagen":"","sNombre":"Daniela","sPaterno":"Jiménez","s
[2026-07-31T20:07:27.220Z] ℹ️  Opciones encontradas: 1
[2026-07-31T20:07:27.363Z] ✅ Opción seleccionada (coincide "Daniela Jiménez"): "Daniela Jiménez Durán"
❌ [REQUEST FAILED +15.01s] https://www.google-analytics.com/g/collect?v=2&tid=G-ZVKJ9CWYCW&gtm=45je67t1v9248896219za200zd9248896219&_p=1785528435342&gcd=13l3l3l3l1l1&npa=0&dma=0&_eu=AEAAAAQ&ae=a&are=1&cid=1840091255.1785528142&frm=0&ngs=1&pscdl=noapi&rcb=1&sr=1536x960&uaa=x86&uab=64&uafvl=Chromium%3B145.0.7632.6%7CNot%253AA-Brand%3B99.0.0.0&uam=&uamb=0&uap=Windows&uapv=10.0&uaw=0&ul=en-us&_s=3&tag_exp=115938465~115938469~118395334~118897920~118897930~119527019~119896802~120222308&dl=https%3A%2F%2Fadmin-dev.mediplanner.mx%2FCitas%2FCrearCita&dr=https%3A%2F%2Fadmin-dev.mediplanner.mx%2FCitas&sid=1785528141&sct=1&seg=1&dt=Mediplanner&en=page_view&_et=9193&tfd=14913 — net::ERR_ABORTED
[2026-07-31T20:07:30.530Z] ℹ️  Selects en paso 2: 2
[2026-07-31T20:07:30.539Z] ℹ️  Opciones tipo consulta: 4
[2026-07-31T20:07:32.144Z] ℹ️  Opciones hospital: 6
[2026-07-31T20:07:33.368Z] ℹ️  Buscando input de fecha...
[2026-07-31T20:07:35.406Z] ✅ Input de fecha encontrado con selector: input[type="date"]
[2026-07-31T20:07:35.417Z] ℹ️  Intentando registrar cita en: 2026-07-31
📤 [API REQUEST    +20.55s] POST https://admin-dev.mediplanner.mx/api/appointments/getFreeSchedules
✅ [API RESPONSE   +21.29s] (748ms) 200 https://admin-dev.mediplanner.mx/api/appointments/getFreeSchedules → {"status":"OK","data":[]}
[2026-07-31T20:07:37.536Z] ⚠️  No hay horas disponibles en 2026-07-31
[2026-07-31T20:07:37.536Z] ℹ️  Intentando registrar cita en: 2026-08-01
📤 [API REQUEST    +22.66s] POST https://admin-dev.mediplanner.mx/api/appointments/getFreeSchedules
✅ [API RESPONSE   +23.07s] (410ms) 200 https://admin-dev.mediplanner.mx/api/appointments/getFreeSchedules → {"status":"OK","data":[]}
[2026-07-31T20:07:39.659Z] ⚠️  No hay horas disponibles en 2026-08-01
[2026-07-31T20:07:39.659Z] ℹ️  Intentando registrar cita en: 2026-08-02
📤 [API REQUEST    +24.78s] POST https://admin-dev.mediplanner.mx/api/appointments/getFreeSchedules
✅ [API RESPONSE   +25.12s] (334ms) 200 https://admin-dev.mediplanner.mx/api/appointments/getFreeSchedules → {"status":"OK","data":[]}
[2026-07-31T20:07:41.764Z] ⚠️  No hay horas disponibles en 2026-08-02
[2026-07-31T20:07:41.764Z] ℹ️  Intentando registrar cita en: 2026-08-03
📤 [API REQUEST    +26.89s] POST https://admin-dev.mediplanner.mx/api/appointments/getFreeSchedules
✅ [API RESPONSE   +27.26s] (374ms) 200 https://admin-dev.mediplanner.mx/api/appointments/getFreeSchedules → {"status":"OK","data":[{"hora_inicio":"10:05:00","hora_fin":"10:10:00"},{"hora_inicio":"10:10:00","hora_fin":"10:15:00"}
[2026-07-31T20:07:43.896Z] ✅ Horas disponibles en 2026-08-03: 190
[2026-07-31T20:07:43.921Z] ℹ️  Intentando seleccionar hora: 10:05
[2026-07-31T20:07:45.075Z] ✅ Hora seleccionada exitosamente
📤 [API REQUEST    +31.47s] POST https://admin-dev.mediplanner.mx/api/appointments/createAppointment
✅ [API RESPONSE   +34.06s] (2588ms) 200 https://admin-dev.mediplanner.mx/api/appointments/createAppointment → {"status":"OK","data":{"relacion_id":603,"message":"Cita creada correctamente"}}
[2026-07-31T20:07:49.372Z] ✅ Cita registrada exitosamente en 2026-08-03
❌ [REQUEST FAILED +35.07s] https://www.google-analytics.com/g/collect?v=2&tid=G-ZVKJ9CWYCW&gtm=45je67t1v9248896219za200zd9248896219&_p=1785528435342&gcd=13l3l3l3l1l1&npa=0&dma=0&_eu=AAAAAAQ&are=1&cid=1840091255.1785528142&frm=0&ngs=1&pscdl=noapi&rcb=1&sr=1536x960&uaa=x86&uab=64&uafvl=Chromium%3B145.0.7632.6%7CNot%253AA-Brand%3B99.0.0.0&uam=&uamb=0&uap=Windows&uapv=10.0&uaw=0&ul=en-us&_s=4&tag_exp=115938465~115938469~118395334~118897920~118897930~119527019~119896802~120222308&sid=1785528141&sct=1&seg=1&dl=https%3A%2F%2Fadmin-dev.mediplanner.mx%2FCitas%2FCrearCita&dr=https%3A%2F%2Fadmin-dev.mediplanner.mx%2FCitas&dt=Mediplanner&en=user_engagement&_et=25123&tfd=35038 — net::ERR_ABORTED
❌ [REQUEST FAILED +35.07s] https://p.clarity.ms/collect — net::ERR_ABORTED
❌ [REQUEST FAILED +35.41s] https://mediplanner-atencion.zendesk.com/frontendevents/pv?client=1B752747-577B-429A-A0E0-83861AF69088 — net::ERR_ABORTED
❌ [REQUEST FAILED +35.41s] https://www.google-analytics.com/g/collect?v=2&tid=G-ZVKJ9CWYCW&gtm=45je67t1v9248896219za200zd9248896219&_p=1785528470084&gcd=13l3l3l3l1l1&npa=0&dma=0&_eu=AAAAAAQ&are=1&cid=1840091255.1785528142&frm=0&ngs=1&pscdl=noapi&rcb=8&sr=1536x960&uaa=x86&uab=64&uafvl=Chromium%3B145.0.7632.6%7CNot%253AA-Brand%3B99.0.0.0&uam=&uamb=0&uap=Windows&uapv=10.0&uaw=0&ul=en-us&_s=1&tag_exp=115938466~115938469~118897920~118897930~119896802&sid=1785528141&sct=1&seg=1&dl=https%3A%2F%2Fadmin-dev.mediplanner.mx%2FDashboard&dt=Mediplanner&en=page_view&_ee=1&tfd=844 — net::ERR_ABORTED
❌ [REQUEST FAILED +35.44s] https://mediplanner-atencion.zendesk.com/embeddable/config — net::ERR_ABORTED
📤 [API REQUEST    +35.72s] POST https://admin-dev.mediplanner.mx/api/permissions/getPermissions
📤 [API REQUEST    +35.72s] GET https://admin-dev.mediplanner.mx/api/profile/getProfile
✅ [API RESPONSE   +36.21s] (489ms) 200 https://admin-dev.mediplanner.mx/api/permissions/getPermissions → {"status":"OK","data":[{"id":1,"name":"Consultar","module":"Usuarios","module_id":1,"active":false},{"id":2,"name":"Crea
✅ [API RESPONSE   +36.21s] (494ms) 200 https://admin-dev.mediplanner.mx/api/profile/getProfile → {"status":"OK","data":{"id":467,"sNombre":"Walter","sPaterno":"Hartwell","sMaterno":"White","sCorreo":"dpichardo@rym-sol
📤 [API REQUEST    +36.26s] POST https://admin-dev.mediplanner.mx/api/appointments/getFilteredAppointments
📤 [API REQUEST    +36.26s] POST https://admin-dev.mediplanner.mx/api/dashboard/getDashboardData
📤 [API REQUEST    +36.26s] POST https://admin-dev.mediplanner.mx/api/procedures/getLastProceduresFilesByDoctorId
📤 [API REQUEST    +36.26s] POST https://admin-dev.mediplanner.mx/api/dashboard/getDashboardPayments
📤 [API REQUEST    +36.26s] POST https://admin-dev.mediplanner.mx/api/wizard/getActiveStep
📤 [API REQUEST    +36.29s] POST https://admin-dev.mediplanner.mx/api/appointments/getAppointmentCount
✅ [API RESPONSE   +36.79s] (528ms) 200 https://admin-dev.mediplanner.mx/api/wizard/getActiveStep → {"status":"OK","data":{"activeStep":5,"date":"2026-07-31 14:06:28"}}
✅ [API RESPONSE   +36.88s] (615ms) 200 https://admin-dev.mediplanner.mx/api/procedures/getLastProceduresFilesByDoctorId → {"status":"OK","data":{"procedimientos":[{"paciente_id":894,"paciente_nombre":"Agustin Tapia Nievas","procedimiento_id":
✅ [API RESPONSE   +36.98s] (688ms) 200 https://admin-dev.mediplanner.mx/api/appointments/getAppointmentCount → {"status":"OK","data":[{"date":"2026-07-01","count":0},{"date":"2026-07-02","count":0},{"date":"2026-07-03","count":0},{
✅ [API RESPONSE   +37.08s] (814ms) 200 https://admin-dev.mediplanner.mx/api/dashboard/getDashboardData → {"status":"OK","data":{"monthConsultations":{"count":68,"percentage":0},"recurring":{"count":15,"percentage":650},"patie
✅ [API RESPONSE   +37.10s] (837ms) 200 https://admin-dev.mediplanner.mx/api/appointments/getFilteredAppointments → {"status":"OK","data":[]}
✅ [API RESPONSE   +37.29s] (1024ms) 200 https://admin-dev.mediplanner.mx/api/dashboard/getDashboardPayments → {"status":"OK","data":{"grafica_actual":[{"etiqueta":"Viernes","total_pagos":0,"monto":0}],"grafica_anterior":[{"etiquet
❌ [REQUEST FAILED +37.47s] https://mediplanner-atencion.zendesk.com/frontendevents/pv?client=1B752747-577B-429A-A0E0-83861AF69088 — net::ERR_ABORTED
📤 [API REQUEST    +38.57s] POST https://admin-dev.mediplanner.mx/api/wizard/getActiveStep
[2026-07-31T20:07:53.698Z] ℹ️  Buscando botón Iniciar para "Daniela" en los próximos 5 días...
📤 [API REQUEST    +38.88s] GET https://admin-dev.mediplanner.mx/api/profile/getProfile
📤 [API REQUEST    +38.88s] POST https://admin-dev.mediplanner.mx/api/appointments/getAppointmentTypes
📤 [API REQUEST    +38.88s] POST https://admin-dev.mediplanner.mx/api/wizard/saveStep
❌ [REQUEST FAILED +39.04s] https://www.google-analytics.com/g/collect?v=2&tid=G-ZVKJ9CWYCW&gtm=45je67t1v9248896219za200zd9248896219&_p=1785528470084&gcd=13l3l3l3l1l1&npa=0&dma=0&_eu=AEAAAAQ&ae=a&are=1&cid=1840091255.1785528142&frm=0&ngs=1&pscdl=noapi&rcb=8&sr=1536x960&uaa=x86&uab=64&uafvl=Chromium%3B145.0.7632.6%7CNot%253AA-Brand%3B99.0.0.0&uam=&uamb=0&uap=Windows&uapv=10.0&uaw=0&ul=en-us&tag_exp=115938466~115938469~118897920~118897930~119896802&sid=1785528141&sct=1&seg=1&dl=https%3A%2F%2Fadmin-dev.mediplanner.mx%2FDashboard&dt=Mediplanner&_s=2&tfd=4540 — net::ERR_ABORTED
❌ [REQUEST FAILED +39.04s] https://admin-dev.mediplanner.mx/api/profile/getProfile — net::ERR_ABORTED
❌ [REQUEST FAILED +39.04s] https://admin-dev.mediplanner.mx/api/wizard/saveStep — net::ERR_ABORTED
❌ [REQUEST FAILED +39.05s] https://admin-dev.mediplanner.mx/api/appointments/getAppointmentTypes — net::ERR_ABORTED
❌ [REQUEST FAILED +39.05s] https://www.google-analytics.com/g/collect?v=2&tid=G-ZVKJ9CWYCW&gtm=45je67t1v9248896219za200zd9248896219&_p=1785528470084&gcd=13l3l3l3l1l1&npa=0&dma=0&_eu=AAAAAAQ&are=1&cid=1840091255.1785528142&frm=0&ngs=1&pscdl=noapi&rcb=8&sr=1536x960&uaa=x86&uab=64&uafvl=Chromium%3B145.0.7632.6%7CNot%253AA-Brand%3B99.0.0.0&uam=&uamb=0&uap=Windows&uapv=10.0&uaw=0&ul=en-us&_s=3&tag_exp=115938466~115938469~118897920~118897930~119896802&sid=1785528141&sct=1&seg=1&dl=https%3A%2F%2Fadmin-dev.mediplanner.mx%2Fwizard%2Fonboarding&dr=https%3A%2F%2Fadmin-dev.mediplanner.mx%2FDashboard&dt=Mediplanner&en=user_engagement&_et=1229&tfd=4541 — net::ERR_ABORTED
❌ [REQUEST FAILED +39.05s] https://p.clarity.ms/collect — net::ERR_ABORTED
✅ [API RESPONSE   +38.87s] (300ms) 200 https://admin-dev.mediplanner.mx/api/wizard/getActiveStep
📤 [API REQUEST    +39.45s] POST https://admin-dev.mediplanner.mx/api/permissions/getPermissions
📤 [API REQUEST    +39.45s] GET https://admin-dev.mediplanner.mx/api/profile/getProfile
📤 [API REQUEST    +39.45s] POST https://admin-dev.mediplanner.mx/api/appointments/getFilteredAppointments
📤 [API REQUEST    +39.45s] POST https://admin-dev.mediplanner.mx/api/dashboard/getDashboardData
📤 [API REQUEST    +39.45s] POST https://admin-dev.mediplanner.mx/api/procedures/getLastProceduresFilesByDoctorId
📤 [API REQUEST    +39.45s] POST https://admin-dev.mediplanner.mx/api/dashboard/getDashboardPayments
📤 [API REQUEST    +39.46s] POST https://admin-dev.mediplanner.mx/api/appointments/getAppointmentCount
❌ [REQUEST FAILED +39.49s] https://www.google-analytics.com/g/collect?v=2&tid=G-ZVKJ9CWYCW&gtm=45je67t1v9248896219za200zd9248896219&_p=1785528474084&gcd=13l3l3l3l1l1&npa=0&dma=0&_eu=AAAAAAQ&are=1&cid=1840091255.1785528142&frm=0&ngs=1&pscdl=noapi&rcb=14&sr=1536x960&uaa=x86&uab=64&uafvl=Chromium%3B145.0.7632.6%7CNot%253AA-Brand%3B99.0.0.0&uam=&uamb=0&uap=Windows&uapv=10.0&uaw=0&ul=en-us&_s=1&tag_exp=115616986~115938466~115938468~118395334~118897920~118897930~119896802&sid=1785528141&sct=1&seg=1&dl=https%3A%2F%2Fadmin-dev.mediplanner.mx%2FDashboard&dt=Mediplanner&en=page_view&_ee=1&tfd=487 — net::ERR_ABORTED
❌ [REQUEST FAILED +39.50s] https://mediplanner-atencion.zendesk.com/frontendevents/pv?client=1B752747-577B-429A-A0E0-83861AF69088 — net::ERR_ABORTED
[2026-07-31T20:07:54.468Z] ⚠️  Calendario del Dashboard no renderizó (intento 1/3), recargando...
❌ [REQUEST FAILED +39.97s] https://admin-dev.mediplanner.mx/api/dashboard/getDashboardPayments — net::ERR_ABORTED
❌ [REQUEST FAILED +39.97s] https://admin-dev.mediplanner.mx/api/profile/getProfile — net::ERR_ABORTED
❌ [REQUEST FAILED +39.97s] https://admin-dev.mediplanner.mx/api/procedures/getLastProceduresFilesByDoctorId — net::ERR_ABORTED
❌ [REQUEST FAILED +39.97s] https://admin-dev.mediplanner.mx/api/appointments/getAppointmentCount — net::ERR_ABORTED
❌ [REQUEST FAILED +39.97s] https://p.clarity.ms/collect — net::ERR_ABORTED
❌ [REQUEST FAILED +39.97s] https://www.google-analytics.com/g/collect?v=2&tid=G-ZVKJ9CWYCW&gtm=45je67t1v9248896219za200zd9248896219&_p=1785528474084&gcd=13l3l3l3l1l1&npa=0&dma=0&_eu=AEAAAAQ&ae=a&are=1&cid=1840091255.1785528142&frm=0&ngs=1&pscdl=noapi&rcb=14&sr=1536x960&uaa=x86&uab=64&uafvl=Chromium%3B145.0.7632.6%7CNot%253AA-Brand%3B99.0.0.0&uam=&uamb=0&uap=Windows&uapv=10.0&uaw=0&ul=en-us&_s=2&tag_exp=115616986~115938466~115938468~118395334~118897920~118897930~119896802&sid=1785528141&sct=1&seg=1&dl=https%3A%2F%2Fadmin-dev.mediplanner.mx%2FDashboard&dt=Mediplanner&en=scroll&epn.percent_scrolled=90&_et=2&tfd=1150 — net::ERR_ABORTED
❌ [REQUEST FAILED +39.97s] https://admin-dev.mediplanner.mx/api/appointments/getFilteredAppointments — net::ERR_ABORTED
❌ [REQUEST FAILED +39.97s] https://admin-dev.mediplanner.mx/api/dashboard/getDashboardData — net::ERR_ABORTED
✅ [API RESPONSE   +39.96s] (510ms) 200 https://admin-dev.mediplanner.mx/api/permissions/getPermissions
❌ [REQUEST FAILED +40.65s] https://www.google-analytics.com/g/collect?v=2&tid=G-ZVKJ9CWYCW&gtm=45je67t1v9248896219za200zd9248896219&_p=1785528475297&gcd=13l3l3l3l1l1&npa=0&dma=0&_eu=AAAAAAQ&are=1&cid=1840091255.1785528142&frm=0&ngs=1&pscdl=noapi&rcb=6&sr=1536x960&uaa=x86&uab=64&uafvl=Chromium%3B145.0.7632.6%7CNot%253AA-Brand%3B99.0.0.0&uam=&uamb=0&uap=Windows&uapv=10.0&uaw=0&ul=en-us&_s=1&tag_exp=115938466~115938469~118395335~118897920~118897930~119896803~120222307&sid=1785528141&sct=1&seg=1&dl=https%3A%2F%2Fadmin-dev.mediplanner.mx%2FDashboard&dt=Mediplanner&en=page_view&_ee=1&tfd=909 — net::ERR_ABORTED
📤 [API REQUEST    +40.71s] POST https://admin-dev.mediplanner.mx/api/permissions/getPermissions
📤 [API REQUEST    +40.71s] GET https://admin-dev.mediplanner.mx/api/profile/getProfile
📤 [API REQUEST    +40.71s] POST https://admin-dev.mediplanner.mx/api/appointments/getFilteredAppointments
📤 [API REQUEST    +40.71s] POST https://admin-dev.mediplanner.mx/api/dashboard/getDashboardData
📤 [API REQUEST    +40.71s] POST https://admin-dev.mediplanner.mx/api/procedures/getLastProceduresFilesByDoctorId
📤 [API REQUEST    +40.71s] POST https://admin-dev.mediplanner.mx/api/dashboard/getDashboardPayments
📤 [API REQUEST    +40.73s] POST https://admin-dev.mediplanner.mx/api/appointments/getAppointmentCount
❌ [REQUEST FAILED +40.75s] https://mediplanner-atencion.zendesk.com/frontendevents/pv?client=1B752747-577B-429A-A0E0-83861AF69088 — net::ERR_ABORTED
✅ [API RESPONSE   +41.06s] (345ms) 200 https://admin-dev.mediplanner.mx/api/permissions/getPermissions → {"status":"OK","data":[{"id":1,"name":"Consultar","module":"Usuarios","module_id":1,"active":false},{"id":2,"name":"Crea
✅ [API RESPONSE   +41.61s] (894ms) 200 https://admin-dev.mediplanner.mx/api/appointments/getFilteredAppointments → {"status":"OK","data":[]}
✅ [API RESPONSE   +41.61s] (884ms) 200 https://admin-dev.mediplanner.mx/api/appointments/getAppointmentCount → {"status":"OK","data":[{"date":"2026-07-01","count":0},{"date":"2026-07-02","count":0},{"date":"2026-07-03","count":0},{
✅ [API RESPONSE   +41.63s] (917ms) 200 https://admin-dev.mediplanner.mx/api/procedures/getLastProceduresFilesByDoctorId → {"status":"OK","data":{"procedimientos":[{"paciente_id":894,"paciente_nombre":"Agustin Tapia Nievas","procedimiento_id":
✅ [API RESPONSE   +41.71s] (997ms) 200 https://admin-dev.mediplanner.mx/api/dashboard/getDashboardData → {"status":"OK","data":{"monthConsultations":{"count":68,"percentage":0},"recurring":{"count":15,"percentage":650},"patie
✅ [API RESPONSE   +41.76s] (1050ms) 200 https://admin-dev.mediplanner.mx/api/profile/getProfile → {"status":"OK","data":{"id":467,"sNombre":"Walter","sPaterno":"Hartwell","sMaterno":"White","sCorreo":"dpichardo@rym-sol
✅ [API RESPONSE   +41.81s] (1101ms) 200 https://admin-dev.mediplanner.mx/api/dashboard/getDashboardPayments → {"status":"OK","data":{"grafica_actual":[{"etiqueta":"Viernes","total_pagos":0,"monto":0}],"grafica_anterior":[{"etiquet
[2026-07-31T20:07:57.017Z] ⚠️  Calendario del Dashboard no renderizó (intento 2/3), recargando...
❌ [REQUEST FAILED +42.25s] https://www.google-analytics.com/g/collect?v=2&tid=G-ZVKJ9CWYCW&gtm=45je67t1v9248896219za200zd9248896219&_p=1785528475297&gcd=13l3l3l3l1l1&npa=0&dma=0&_eu=AAAAAAQ&are=1&cid=1840091255.1785528142&frm=0&ngs=1&pscdl=noapi&rcb=6&sr=1536x960&uaa=x86&uab=64&uafvl=Chromium%3B145.0.7632.6%7CNot%253AA-Brand%3B99.0.0.0&uam=&uamb=0&uap=Windows&uapv=10.0&uaw=0&ul=en-us&_s=3&tag_exp=115938466~115938469~118395335~118897920~118897930~119896803~120222307&sid=1785528141&sct=1&seg=1&dl=https%3A%2F%2Fadmin-dev.mediplanner.mx%2FDashboard&dt=Mediplanner&en=user_engagement&_et=1745&tfd=2658 — net::ERR_ABORTED
❌ [REQUEST FAILED +42.25s] https://p.clarity.ms/collect — net::ERR_ABORTED
❌ [REQUEST FAILED +42.25s] https://www.google-analytics.com/g/collect?v=2&tid=G-ZVKJ9CWYCW&gtm=45je67t1v9248896219za200zd9248896219&_p=1785528475297&gcd=13l3l3l3l1l1&npa=0&dma=0&_eu=AEAAAAQ&ae=a&are=1&cid=1840091255.1785528142&frm=0&ngs=1&pscdl=noapi&rcb=6&sr=1536x960&uaa=x86&uab=64&uafvl=Chromium%3B145.0.7632.6%7CNot%253AA-Brand%3B99.0.0.0&uam=&uamb=0&uap=Windows&uapv=10.0&uaw=0&ul=en-us&_s=2&tag_exp=115938466~115938469~118395335~118897920~118897930~119896803~120222307&sid=1785528141&sct=1&seg=1&dl=https%3A%2F%2Fadmin-dev.mediplanner.mx%2FDashboard&dt=Mediplanner&en=scroll&epn.percent_scrolled=90&_et=16&tfd=2657 — net::ERR_ABORTED
❌ [REQUEST FAILED +42.53s] https://www.google-analytics.com/g/collect?v=2&tid=G-ZVKJ9CWYCW&gtm=45je67t1v9248896219za200zd9248896219&_p=1785528477252&gcd=13l3l3l3l1l1&npa=0&dma=0&_eu=AAAAAAQ&are=1&cid=1840091255.1785528142&frm=0&ngs=1&pscdl=noapi&rcb=19&sr=1536x960&uaa=x86&uab=64&uafvl=Chromium%3B145.0.7632.6%7CNot%253AA-Brand%3B99.0.0.0&uam=&uamb=0&uap=Windows&uapv=10.0&uaw=0&ul=en-us&_s=1&tag_exp=115616985~115938465~115938469~118897920~118897930~119896803&sid=1785528141&sct=1&seg=1&dl=https%3A%2F%2Fadmin-dev.mediplanner.mx%2FDashboard&dt=Mediplanner&en=page_view&_ee=1&tfd=293 — net::ERR_ABORTED
📤 [API REQUEST    +42.59s] POST https://admin-dev.mediplanner.mx/api/permissions/getPermissions
📤 [API REQUEST    +42.59s] GET https://admin-dev.mediplanner.mx/api/profile/getProfile
📤 [API REQUEST    +42.59s] POST https://admin-dev.mediplanner.mx/api/appointments/getFilteredAppointments
📤 [API REQUEST    +42.59s] POST https://admin-dev.mediplanner.mx/api/dashboard/getDashboardData
📤 [API REQUEST    +42.59s] POST https://admin-dev.mediplanner.mx/api/procedures/getLastProceduresFilesByDoctorId
📤 [API REQUEST    +42.59s] POST https://admin-dev.mediplanner.mx/api/dashboard/getDashboardPayments
📤 [API REQUEST    +42.60s] POST https://admin-dev.mediplanner.mx/api/appointments/getAppointmentCount
❌ [REQUEST FAILED +42.64s] https://mediplanner-atencion.zendesk.com/frontendevents/pv?client=1B752747-577B-429A-A0E0-83861AF69088 — net::ERR_ABORTED
✅ [API RESPONSE   +43.21s] (615ms) 200 https://admin-dev.mediplanner.mx/api/procedures/getLastProceduresFilesByDoctorId → {"status":"OK","data":{"procedimientos":[{"paciente_id":894,"paciente_nombre":"Agustin Tapia Nievas","procedimiento_id":
✅ [API RESPONSE   +43.34s] (750ms) 200 https://admin-dev.mediplanner.mx/api/permissions/getPermissions → {"status":"OK","data":[{"id":1,"name":"Consultar","module":"Usuarios","module_id":1,"active":false},{"id":2,"name":"Crea
✅ [API RESPONSE   +43.40s] (804ms) 200 https://admin-dev.mediplanner.mx/api/profile/getProfile → {"status":"OK","data":{"id":467,"sNombre":"Walter","sPaterno":"Hartwell","sMaterno":"White","sCorreo":"dpichardo@rym-sol
✅ [API RESPONSE   +43.45s] (855ms) 200 https://admin-dev.mediplanner.mx/api/appointments/getAppointmentCount → {"status":"OK","data":[{"date":"2026-07-01","count":0},{"date":"2026-07-02","count":0},{"date":"2026-07-03","count":0},{
✅ [API RESPONSE   +43.46s] (862ms) 200 https://admin-dev.mediplanner.mx/api/dashboard/getDashboardData → {"status":"OK","data":{"monthConsultations":{"count":68,"percentage":0},"recurring":{"count":15,"percentage":650},"patie
✅ [API RESPONSE   +43.65s] (1058ms) 200 https://admin-dev.mediplanner.mx/api/appointments/getFilteredAppointments → {"status":"OK","data":[]}
✅ [API RESPONSE   +43.66s] (1061ms) 200 https://admin-dev.mediplanner.mx/api/dashboard/getDashboardPayments → {"status":"OK","data":{"grafica_actual":[{"etiqueta":"Viernes","total_pagos":0,"monto":0}],"grafica_anterior":[{"etiquet
[2026-07-31T20:07:59.025Z] ⚠️  Calendario del Dashboard no renderizó (intento 3/3), recargando...
❌ [REQUEST FAILED +44.28s] https://p.clarity.ms/collect — net::ERR_ABORTED
❌ [REQUEST FAILED +44.28s] https://www.google-analytics.com/g/collect?v=2&tid=G-ZVKJ9CWYCW&gtm=45je67t1v9248896219za200zd9248896219&_p=1785528477252&gcd=13l3l3l3l1l1&npa=0&dma=0&_eu=AEAAAAQ&ae=a&are=1&cid=1840091255.1785528142&frm=0&ngs=1&pscdl=noapi&rcb=19&sr=1536x960&uaa=x86&uab=64&uafvl=Chromium%3B145.0.7632.6%7CNot%253AA-Brand%3B99.0.0.0&uam=&uamb=0&uap=Windows&uapv=10.0&uaw=0&ul=en-us&_s=2&tag_exp=115616985~115938465~115938469~118897920~118897930~119896803&sid=1785528141&sct=1&seg=1&dl=https%3A%2F%2Fadmin-dev.mediplanner.mx%2FDashboard&dt=Mediplanner&en=scroll&epn.percent_scrolled=90&_et=15&tfd=2139 — net::ERR_ABORTED
❌ [REQUEST FAILED +44.28s] https://www.google-analytics.com/g/collect?v=2&tid=G-ZVKJ9CWYCW&gtm=45je67t1v9248896219za200zd9248896219&_p=1785528477252&gcd=13l3l3l3l1l1&npa=0&dma=0&_eu=AAAAAAQ&are=1&cid=1840091255.1785528142&frm=0&ngs=1&pscdl=noapi&rcb=19&sr=1536x960&uaa=x86&uab=64&uafvl=Chromium%3B145.0.7632.6%7CNot%253AA-Brand%3B99.0.0.0&uam=&uamb=0&uap=Windows&uapv=10.0&uaw=0&ul=en-us&_s=3&tag_exp=115616985~115938465~115938469~118897920~118897930~119896803&sid=1785528141&sct=1&seg=1&dl=https%3A%2F%2Fadmin-dev.mediplanner.mx%2FDashboard&dt=Mediplanner&en=user_engagement&_et=1844&tfd=2140 — net::ERR_ABORTED
❌ [REQUEST FAILED +44.28s] https://p.clarity.ms/collect — net::ERR_ABORTED
❌ [REQUEST FAILED +44.54s] https://www.google-analytics.com/g/collect?v=2&tid=G-ZVKJ9CWYCW&gtm=45je67t1v9248896219za200zd9248896219&_p=1785528479283&gcd=13l3l3l3l1l1&npa=0&dma=0&_eu=AAAAAAQ&are=1&cid=1840091255.1785528142&frm=0&ngs=1&pscdl=noapi&rcb=17&sr=1536x960&uaa=x86&uab=64&uafvl=Chromium%3B145.0.7632.6%7CNot%253AA-Brand%3B99.0.0.0&uam=&uamb=0&uap=Windows&uapv=10.0&uaw=0&ul=en-us&_s=1&tag_exp=115938466~115938469~118897920~118897930~119896803&sid=1785528141&sct=1&seg=1&dl=https%3A%2F%2Fadmin-dev.mediplanner.mx%2FDashboard&dt=Mediplanner&en=page_view&_ee=1&tfd=322 — net::ERR_ABORTED
📤 [API REQUEST    +44.65s] POST https://admin-dev.mediplanner.mx/api/permissions/getPermissions
📤 [API REQUEST    +44.65s] GET https://admin-dev.mediplanner.mx/api/profile/getProfile
📤 [API REQUEST    +44.65s] POST https://admin-dev.mediplanner.mx/api/appointments/getFilteredAppointments
📤 [API REQUEST    +44.65s] POST https://admin-dev.mediplanner.mx/api/dashboard/getDashboardData
📤 [API REQUEST    +44.65s] POST https://admin-dev.mediplanner.mx/api/procedures/getLastProceduresFilesByDoctorId
📤 [API REQUEST    +44.65s] POST https://admin-dev.mediplanner.mx/api/dashboard/getDashboardPayments
❌ [REQUEST FAILED +44.67s] https://mediplanner-atencion.zendesk.com/frontendevents/pv?client=1B752747-577B-429A-A0E0-83861AF69088 — net::ERR_ABORTED
📤 [API REQUEST    +44.67s] POST https://admin-dev.mediplanner.mx/api/appointments/getAppointmentCount
✅ [API RESPONSE   +45.23s] (584ms) 200 https://admin-dev.mediplanner.mx/api/permissions/getPermissions → {"status":"OK","data":[{"id":1,"name":"Consultar","module":"Usuarios","module_id":1,"active":false},{"id":2,"name":"Crea
✅ [API RESPONSE   +45.31s] (664ms) 200 https://admin-dev.mediplanner.mx/api/dashboard/getDashboardData → {"status":"OK","data":{"monthConsultations":{"count":68,"percentage":0},"recurring":{"count":15,"percentage":650},"patie
✅ [API RESPONSE   +45.37s] (723ms) 200 https://admin-dev.mediplanner.mx/api/profile/getProfile → {"status":"OK","data":{"id":467,"sNombre":"Walter","sPaterno":"Hartwell","sMaterno":"White","sCorreo":"dpichardo@rym-sol
✅ [API RESPONSE   +45.38s] (731ms) 200 https://admin-dev.mediplanner.mx/api/appointments/getFilteredAppointments → {"status":"OK","data":[]}
✅ [API RESPONSE   +45.47s] (816ms) 200 https://admin-dev.mediplanner.mx/api/procedures/getLastProceduresFilesByDoctorId → {"status":"OK","data":{"procedimientos":[{"paciente_id":894,"paciente_nombre":"Agustin Tapia Nievas","procedimiento_id":
✅ [API RESPONSE   +45.53s] (859ms) 200 https://admin-dev.mediplanner.mx/api/appointments/getAppointmentCount → {"status":"OK","data":[{"date":"2026-07-01","count":0},{"date":"2026-07-02","count":0},{"date":"2026-07-03","count":0},{
✅ [API RESPONSE   +45.53s] (883ms) 200 https://admin-dev.mediplanner.mx/api/dashboard/getDashboardPayments → {"status":"OK","data":{"grafica_actual":[{"etiqueta":"Viernes","total_pagos":0,"monto":0}],"grafica_anterior":[{"etiquet
[2026-07-31T20:08:01.010Z] ⚠️  El calendario del Dashboard no llegó a renderizar (td[data-day])
📤 [API REQUEST    +46.20s] POST https://admin-dev.mediplanner.mx/api/appointments/getAppointmentCount
✅ [API RESPONSE   +46.66s] (464ms) 200 https://admin-dev.mediplanner.mx/api/appointments/getAppointmentCount → {"status":"OK","data":[{"date":"2026-08-01","count":1},{"date":"2026-08-02","count":0},{"date":"2026-08-03","count":14},
📤 [API REQUEST    +46.85s] POST https://admin-dev.mediplanner.mx/api/appointments/getFilteredAppointments
✅ [API RESPONSE   +47.37s] (515ms) 200 https://admin-dev.mediplanner.mx/api/appointments/getFilteredAppointments → {"status":"OK","data":[]}
📤 [API REQUEST    +48.45s] POST https://admin-dev.mediplanner.mx/api/appointments/getFilteredAppointments
✅ [API RESPONSE   +48.89s] (441ms) 200 https://admin-dev.mediplanner.mx/api/appointments/getFilteredAppointments → {"status":"OK","data":[]}
❌ [REQUEST FAILED +49.60s] https://www.google-analytics.com/g/collect?v=2&tid=G-ZVKJ9CWYCW&gtm=45je67t1v9248896219za200zd9248896219&_p=1785528479283&gcd=13l3l3l3l1l1&npa=0&dma=0&_eu=AEAAAAQ&ae=a&are=1&cid=1840091255.1785528142&frm=0&ngs=1&pscdl=noapi&rcb=17&sr=1536x960&uaa=x86&uab=64&uafvl=Chromium%3B145.0.7632.6%7CNot%253AA-Brand%3B99.0.0.0&uam=&uamb=0&uap=Windows&uapv=10.0&uaw=0&ul=en-us&_s=2&tag_exp=115938466~115938469~118897920~118897930~119896803&sid=1785528141&sct=1&seg=1&dl=https%3A%2F%2Fadmin-dev.mediplanner.mx%2FDashboard&dt=Mediplanner&en=scroll&epn.percent_scrolled=90&_et=15&tfd=5328 — net::ERR_ABORTED
📤 [API REQUEST    +49.97s] POST https://admin-dev.mediplanner.mx/api/appointments/getFilteredAppointments
✅ [API RESPONSE   +50.53s] (561ms) 200 https://admin-dev.mediplanner.mx/api/appointments/getFilteredAppointments → {"status":"OK","data":[{"title":"Consulta inicial","doctor_id":467,"doctor_name":"Dr.Walter Hartwell White","doctor_img"
[2026-07-31T20:08:06.538Z] ✅ Botón Iniciar de "Daniela" encontrado en 2026-08-03
📤 [API REQUEST    +51.81s] POST https://admin-dev.mediplanner.mx/api/appointments/getFilteredAppointments
📤 [API REQUEST    +51.81s] POST https://admin-dev.mediplanner.mx/api/patients/getPatient
✅ [API RESPONSE   +52.37s] (555ms) 200 https://admin-dev.mediplanner.mx/api/appointments/getFilteredAppointments → {"status":"OK","data":[{"title":"Consulta inicial","doctor_id":467,"doctor_name":"Dr.Walter Hartwell White","doctor_img"
✅ [API RESPONSE   +52.91s] (1096ms) 200 https://admin-dev.mediplanner.mx/api/patients/getPatient → {"status":"OK","data":{"id":474,"iEstatusId":2,"sEstatus":"Aceptada","sImagen":"","sNombre":"Daniela","sPaterno":"Jiméne
📤 [API REQUEST    +52.94s] POST https://admin-dev.mediplanner.mx/api/patients/getPatient
📤 [API REQUEST    +53.01s] POST https://admin-dev.mediplanner.mx/api/patients/getPatient
✅ [API RESPONSE   +53.49s] (555ms) 200 https://admin-dev.mediplanner.mx/api/patients/getPatient → {"status":"OK","data":{"id":474,"iEstatusId":2,"sEstatus":"Aceptada","sImagen":"","sNombre":"Daniela","sPaterno":"Jiméne
✅ [API RESPONSE   +53.49s] (480ms) 200 https://admin-dev.mediplanner.mx/api/patients/getPatient → {"status":"OK","data":{"id":474,"iEstatusId":2,"sEstatus":"Aceptada","sImagen":"","sNombre":"Daniela","sPaterno":"Jiméne
❌ [REQUEST FAILED +58.24s] https://www.google-analytics.com/g/collect?v=2&tid=G-ZVKJ9CWYCW&gtm=45je67t1v9248896219za200zd9248896219&_p=1785528479283&gcd=13l3l3l3l1l1&npa=0&dma=0&_eu=AEEAAAQ&ae=a&are=1&cid=1840091255.1785528142&frm=0&ngs=1&pscdl=noapi&rcb=17&sr=1536x960&uaa=x86&uab=64&uafvl=Chromium%3B145.0.7632.6%7CNot%253AA-Brand%3B99.0.0.0&uam=&uamb=0&uap=Windows&uapv=10.0&uaw=0&ul=en-us&_s=3&tag_exp=115938466~115938469~118897920~118897930~119896803&sid=1785528141&sct=1&seg=1&dl=https%3A%2F%2Fadmin-dev.mediplanner.mx%2FDashboard&dt=Mediplanner&en=form_start&ep.form_id=&ep.form_destination=https%3A%2F%2Fadmin-dev.mediplanner.mx%2FDashboard&epn.form_length=10&ep.first_field_id=&ep.first_field_name=peso&ep.first_field_type=text&epn.first_field_position=7&_et=8547&tfd=13874 — net::ERR_ABORTED
  x  6 [consultation-user-errors] › tests\consultation.user-errors.spec.js:294:3 › Consulta — errores humanos reales (error guessing) › 5. Doble-click accidental en "Guardar cambios" de Tratamiento no debe duplicar el medicamento (1.4m)
[dotenv@17.3.1] injecting env (0) from .env -- tip: 🔐 prevent building .env in docker: https://dotenvx.com/prebuild
[2026-07-31T20:08:40.568Z] ℹ️  Explorando próximos 5 días para registrar una cita...
[2026-07-31T20:08:40.569Z] ℹ️  Paciente objetivo de la cita: "Daniela Jiménez"
❌ [REQUEST FAILED +1.32s] https://www.google-analytics.com/g/collect?v=2&tid=G-ZVKJ9CWYCW&gtm=45je67t1v9248896219za200zd9248896219&_p=1785528521272&gcd=13l3l3l3l1l1&npa=0&dma=0&_eu=AAAAAAQ&are=1&cid=1840091255.1785528142&frm=0&ngs=1&pscdl=noapi&rcb=14&sr=1536x960&uaa=x86&uab=64&uafvl=Chromium%3B145.0.7632.6%7CNot%253AA-Brand%3B99.0.0.0&uam=&uamb=0&uap=Windows&uapv=10.0&uaw=0&ul=en-us&_s=1&tag_exp=115616986~115938465~115938469~118395334~118897920~118897930~119896803&sid=1785528141&sct=1&seg=1&dl=https%3A%2F%2Fadmin-dev.mediplanner.mx%2FCitas&dt=Mediplanner&en=page_view&_ee=1&tfd=966 — net::ERR_ABORTED
❌ [REQUEST FAILED +3.34s] https://mediplanner-atencion.zendesk.com/frontendevents/pv?client=1B752747-577B-429A-A0E0-83861AF69088 — net::ERR_ABORTED
❌ [REQUEST FAILED +6.05s] https://www.google-analytics.com/g/collect?v=2&tid=G-ZVKJ9CWYCW&gtm=45je67t1v9248896219za200zd9248896219&_p=1785528521272&gcd=13l3l3l3l1l1&npa=0&dma=0&_eu=AEAAAAQ&ae=a&are=1&cid=1840091255.1785528142&frm=0&ngs=1&pscdl=noapi&rcb=14&sr=1536x960&uaa=x86&uab=64&uafvl=Chromium%3B145.0.7632.6%7CNot%253AA-Brand%3B99.0.0.0&uam=&uamb=0&uap=Windows&uapv=10.0&uaw=0&ul=en-us&_s=2&tag_exp=115616986~115938465~115938469~118395334~118897920~118897930~119896803&sid=1785528141&sct=1&seg=1&dl=https%3A%2F%2Fadmin-dev.mediplanner.mx%2FCitas&dt=Mediplanner&en=scroll&epn.percent_scrolled=90&_et=4&tfd=5974 — net::ERR_ABORTED
📤 [API REQUEST    +7.27s] POST https://admin-dev.mediplanner.mx/api/permissions/getPermissions
📤 [API REQUEST    +7.27s] GET https://admin-dev.mediplanner.mx/api/profile/getProfile
✅ [API RESPONSE   +7.67s] (397ms) 200 https://admin-dev.mediplanner.mx/api/profile/getProfile → {"status":"OK","data":{"id":467,"sNombre":"Walter","sPaterno":"Hartwell","sMaterno":"White","sCorreo":"dpichardo@rym-sol
✅ [API RESPONSE   +7.68s] (406ms) 200 https://admin-dev.mediplanner.mx/api/permissions/getPermissions → {"status":"OK","data":[{"id":1,"name":"Consultar","module":"Usuarios","module_id":1,"active":false},{"id":2,"name":"Crea
📤 [API REQUEST    +8.33s] POST https://admin-dev.mediplanner.mx/api/appointments/getFilteredAppointments
✅ [API RESPONSE   +9.69s] (1355ms) 200 https://admin-dev.mediplanner.mx/api/appointments/getFilteredAppointments → {"status":"OK","data":[{"title":"Consulta inicial","doctor_id":467,"doctor_name":"Dr.Walter Hartwell White","doctor_img"
[2026-07-31T20:08:52.827Z] ℹ️  Buscando botón "Agendar cita"...
❌ [REQUEST FAILED +12.74s] https://mediplanner-atencion.zendesk.com/frontendevents/pv?client=1B752747-577B-429A-A0E0-83861AF69088 — net::ERR_ABORTED
🔴 [DEVTOOLS ERROR +13.13s] data-stepper-next not found
📤 [API REQUEST    +13.14s] POST https://admin-dev.mediplanner.mx/api/patients/getPatients
📤 [API REQUEST    +13.14s] POST https://admin-dev.mediplanner.mx/api/appointments/getAppointmentTypes
[2026-07-31T20:08:53.927Z] ℹ️  Comboboxes en wizard: 1
✅ [API RESPONSE   +13.60s] (468ms) 200 https://admin-dev.mediplanner.mx/api/appointments/getAppointmentTypes → {"status":"OK","data":[{"doctor_id":467,"relacion_id":1,"cita_nombre":"Consulta inicial","duracion":5,"producto_id":0,"u
📤 [API REQUEST    +14.21s] POST https://admin-dev.mediplanner.mx/api/patients/getPatients
[2026-07-31T20:08:54.819Z] ℹ️  Buscando: "Daniela Jiménez" (intento 1/5)...
✅ [API RESPONSE   +14.93s] (1798ms) 200 https://admin-dev.mediplanner.mx/api/patients/getPatients → {"status":"OK","data":{"patients":[{"id":527,"iUsuarioDrId":467,"sImagen":"https://s3.amazonaws.com/s3.mediplanner.mx/us
✅ [API RESPONSE   +15.04s] (823ms) 200 https://admin-dev.mediplanner.mx/api/patients/getPatients → {"status":"OK","data":{"patients":[{"id":474,"iUsuarioDrId":467,"sImagen":"","sNombre":"Daniela","sPaterno":"Jiménez","s
[2026-07-31T20:08:56.842Z] ℹ️  Opciones encontradas: 1
[2026-07-31T20:08:56.999Z] ✅ Opción seleccionada (coincide "Daniela Jiménez"): "Daniela Jiménez Durán"
❌ [REQUEST FAILED +18.45s] https://www.google-analytics.com/g/collect?v=2&tid=G-ZVKJ9CWYCW&gtm=45je67t1v9248896219za200zd9248896219&_p=1785528521272&gcd=13l3l3l3l1l1&npa=0&dma=0&_eu=AEAAAAQ&ae=a&are=1&cid=1840091255.1785528142&frm=0&ngs=1&pscdl=noapi&rcb=14&sr=1536x960&uaa=x86&uab=64&uafvl=Chromium%3B145.0.7632.6%7CNot%253AA-Brand%3B99.0.0.0&uam=&uamb=0&uap=Windows&uapv=10.0&uaw=0&ul=en-us&_s=3&tag_exp=115616986~115938465~115938469~118395334~118897920~118897930~119896803&dl=https%3A%2F%2Fadmin-dev.mediplanner.mx%2FCitas%2FCrearCita&dr=https%3A%2F%2Fadmin-dev.mediplanner.mx%2FCitas&sid=1785528141&sct=1&seg=1&dt=Mediplanner&en=page_view&_et=12385&tfd=18362 — net::ERR_ABORTED
[2026-07-31T20:09:00.172Z] ℹ️  Selects en paso 2: 2
[2026-07-31T20:09:00.180Z] ℹ️  Opciones tipo consulta: 4
[2026-07-31T20:09:01.787Z] ℹ️  Opciones hospital: 6
[2026-07-31T20:09:03.004Z] ℹ️  Buscando input de fecha...
[2026-07-31T20:09:05.032Z] ✅ Input de fecha encontrado con selector: input[type="date"]
[2026-07-31T20:09:05.046Z] ℹ️  Intentando registrar cita en: 2026-07-31
📤 [API REQUEST    +24.52s] POST https://admin-dev.mediplanner.mx/api/appointments/getFreeSchedules
✅ [API RESPONSE   +25.23s] (713ms) 200 https://admin-dev.mediplanner.mx/api/appointments/getFreeSchedules → {"status":"OK","data":[]}
[2026-07-31T20:09:07.165Z] ⚠️  No hay horas disponibles en 2026-07-31
[2026-07-31T20:09:07.165Z] ℹ️  Intentando registrar cita en: 2026-08-01
📤 [API REQUEST    +26.64s] POST https://admin-dev.mediplanner.mx/api/appointments/getFreeSchedules
✅ [API RESPONSE   +27.01s] (370ms) 200 https://admin-dev.mediplanner.mx/api/appointments/getFreeSchedules → {"status":"OK","data":[]}
[2026-07-31T20:09:09.290Z] ⚠️  No hay horas disponibles en 2026-08-01
[2026-07-31T20:09:09.290Z] ℹ️  Intentando registrar cita en: 2026-08-02
📤 [API REQUEST    +28.76s] POST https://admin-dev.mediplanner.mx/api/appointments/getFreeSchedules
✅ [API RESPONSE   +29.08s] (321ms) 200 https://admin-dev.mediplanner.mx/api/appointments/getFreeSchedules → {"status":"OK","data":[]}
[2026-07-31T20:09:11.407Z] ⚠️  No hay horas disponibles en 2026-08-02
[2026-07-31T20:09:11.407Z] ℹ️  Intentando registrar cita en: 2026-08-03
📤 [API REQUEST    +30.88s] POST https://admin-dev.mediplanner.mx/api/appointments/getFreeSchedules
✅ [API RESPONSE   +31.31s] (434ms) 200 https://admin-dev.mediplanner.mx/api/appointments/getFreeSchedules → {"status":"OK","data":[{"hora_inicio":"10:10:00","hora_fin":"10:15:00"},{"hora_inicio":"10:15:00","hora_fin":"10:20:00"}
[2026-07-31T20:09:13.552Z] ✅ Horas disponibles en 2026-08-03: 188
[2026-07-31T20:09:13.587Z] ℹ️  Intentando seleccionar hora: 10:10
[2026-07-31T20:09:14.712Z] ✅ Hora seleccionada exitosamente
📤 [API REQUEST    +35.47s] POST https://admin-dev.mediplanner.mx/api/appointments/createAppointment
✅ [API RESPONSE   +38.39s] (2925ms) 200 https://admin-dev.mediplanner.mx/api/appointments/createAppointment → {"status":"OK","data":{"relacion_id":604,"message":"Cita creada correctamente"}}
[2026-07-31T20:09:19.001Z] ✅ Cita registrada exitosamente en 2026-08-03
❌ [REQUEST FAILED +38.58s] https://www.google-analytics.com/g/collect?v=2&tid=G-ZVKJ9CWYCW&gtm=45je67t1v9248896219za200zd9248896219&_p=1785528521272&gcd=13l3l3l3l1l1&npa=0&dma=0&_eu=AAAAAAQ&are=1&cid=1840091255.1785528142&frm=0&ngs=1&pscdl=noapi&rcb=14&sr=1536x960&uaa=x86&uab=64&uafvl=Chromium%3B145.0.7632.6%7CNot%253AA-Brand%3B99.0.0.0&uam=&uamb=0&uap=Windows&uapv=10.0&uaw=0&ul=en-us&_s=4&tag_exp=115616986~115938465~115938469~118395334~118897920~118897930~119896803&sid=1785528141&sct=1&seg=1&dl=https%3A%2F%2Fadmin-dev.mediplanner.mx%2FCitas%2FCrearCita&dr=https%3A%2F%2Fadmin-dev.mediplanner.mx%2FCitas&dt=Mediplanner&en=user_engagement&_et=25186&tfd=38545 — net::ERR_ABORTED
❌ [REQUEST FAILED +38.59s] https://p.clarity.ms/collect — net::ERR_ABORTED
❌ [REQUEST FAILED +38.91s] https://www.google-analytics.com/g/collect?v=2&tid=G-ZVKJ9CWYCW&gtm=45je67t1v9248896219za200zd9248896219&_p=1785528559239&gcd=13l3l3l3l1l1&npa=0&dma=0&_eu=AAAAAAQ&are=1&cid=1840091255.1785528142&frm=0&ngs=1&pscdl=noapi&rcb=8&sr=1536x960&uaa=x86&uab=64&uafvl=Chromium%3B145.0.7632.6%7CNot%253AA-Brand%3B99.0.0.0&uam=&uamb=0&uap=Windows&uapv=10.0&uaw=0&ul=en-us&_s=1&tag_exp=115938466~115938468~118897920~118897930~119896802~120222309&sid=1785528141&sct=1&seg=1&dl=https%3A%2F%2Fadmin-dev.mediplanner.mx%2FDashboard&dt=Mediplanner&en=page_view&_ee=1&tfd=381 — net::ERR_ABORTED
❌ [REQUEST FAILED +38.91s] https://mediplanner-atencion.zendesk.com/frontendevents/pv?client=1B752747-577B-429A-A0E0-83861AF69088 — net::ERR_ABORTED
📤 [API REQUEST    +39.22s] POST https://admin-dev.mediplanner.mx/api/permissions/getPermissions
📤 [API REQUEST    +39.22s] GET https://admin-dev.mediplanner.mx/api/profile/getProfile
❌ [REQUEST FAILED +39.27s] https://mediplanner-atencion.zendesk.com/embeddable/config — net::ERR_ABORTED
📤 [API REQUEST    +39.67s] POST https://admin-dev.mediplanner.mx/api/appointments/getFilteredAppointments
📤 [API REQUEST    +39.67s] POST https://admin-dev.mediplanner.mx/api/dashboard/getDashboardData
📤 [API REQUEST    +39.67s] POST https://admin-dev.mediplanner.mx/api/procedures/getLastProceduresFilesByDoctorId
📤 [API REQUEST    +39.67s] POST https://admin-dev.mediplanner.mx/api/dashboard/getDashboardPayments
📤 [API REQUEST    +39.67s] POST https://admin-dev.mediplanner.mx/api/wizard/getActiveStep
📤 [API REQUEST    +39.70s] POST https://admin-dev.mediplanner.mx/api/appointments/getAppointmentCount
✅ [API RESPONSE   +39.81s] (591ms) 200 https://admin-dev.mediplanner.mx/api/permissions/getPermissions → {"status":"OK","data":[{"id":1,"name":"Consultar","module":"Usuarios","module_id":1,"active":false},{"id":2,"name":"Crea
✅ [API RESPONSE   +40.13s] (458ms) 200 https://admin-dev.mediplanner.mx/api/dashboard/getDashboardData → {"status":"OK","data":{"monthConsultations":{"count":68,"percentage":0},"recurring":{"count":15,"percentage":650},"patie
✅ [API RESPONSE   +40.13s] (911ms) 200 https://admin-dev.mediplanner.mx/api/profile/getProfile → {"status":"OK","data":{"id":467,"sNombre":"Walter","sPaterno":"Hartwell","sMaterno":"White","sCorreo":"dpichardo@rym-sol
✅ [API RESPONSE   +40.18s] (512ms) 200 https://admin-dev.mediplanner.mx/api/procedures/getLastProceduresFilesByDoctorId → {"status":"OK","data":{"procedimientos":[{"paciente_id":894,"paciente_nombre":"Agustin Tapia Nievas","procedimiento_id":
✅ [API RESPONSE   +40.39s] (714ms) 200 https://admin-dev.mediplanner.mx/api/wizard/getActiveStep → {"status":"OK","data":{"activeStep":5,"date":"2026-07-31 14:07:54"}}
✅ [API RESPONSE   +40.39s] (718ms) 200 https://admin-dev.mediplanner.mx/api/dashboard/getDashboardPayments → {"status":"OK","data":{"grafica_actual":[{"etiqueta":"Viernes","total_pagos":0,"monto":0}],"grafica_anterior":[{"etiquet
✅ [API RESPONSE   +40.41s] (711ms) 200 https://admin-dev.mediplanner.mx/api/appointments/getAppointmentCount → {"status":"OK","data":[{"date":"2026-07-01","count":0},{"date":"2026-07-02","count":0},{"date":"2026-07-03","count":0},{
✅ [API RESPONSE   +40.77s] (1093ms) 200 https://admin-dev.mediplanner.mx/api/appointments/getFilteredAppointments → {"status":"OK","data":[]}
❌ [REQUEST FAILED +40.91s] https://mediplanner-atencion.zendesk.com/frontendevents/pv?client=1B752747-577B-429A-A0E0-83861AF69088 — net::ERR_ABORTED
[2026-07-31T20:09:23.051Z] ℹ️  Buscando botón Iniciar para "Daniela" en los próximos 5 días...
❌ [REQUEST FAILED +42.77s] https://www.google-analytics.com/g/collect?v=2&tid=G-ZVKJ9CWYCW&gtm=45je67t1v9248896219za200zd9248896219&_p=1785528559239&gcd=13l3l3l3l1l1&npa=0&dma=0&_eu=AAAAAAQ&are=1&cid=1840091255.1785528142&frm=0&ngs=1&pscdl=noapi&rcb=8&sr=1536x960&uaa=x86&uab=64&uafvl=Chromium%3B145.0.7632.6%7CNot%253AA-Brand%3B99.0.0.0&uam=&uamb=0&uap=Windows&uapv=10.0&uaw=0&ul=en-us&_s=3&tag_exp=115938466~115938468~118897920~118897930~119896802~120222309&sid=1785528141&sct=1&seg=1&dl=https%3A%2F%2Fadmin-dev.mediplanner.mx%2Fwizard%2Fonboarding&dr=https%3A%2F%2Fadmin-dev.mediplanner.mx%2FDashboard&dt=Mediplanner&en=user_engagement&_et=1360&tfd=4305 — net::ERR_ABORTED
❌ [REQUEST FAILED +42.77s] https://admin-dev.mediplanner.mx/assets/index-DaRNjsiQ.js — net::ERR_ABORTED
❌ [REQUEST FAILED +42.77s] https://p.clarity.ms/collect — net::ERR_ABORTED
❌ [REQUEST FAILED +42.77s] https://www.google-analytics.com/g/collect?v=2&tid=G-ZVKJ9CWYCW&gtm=45je67t1v9248896219za200zd9248896219&_p=1785528559239&gcd=13l3l3l3l1l1&npa=0&dma=0&_eu=AEAAAAQ&ae=a&are=1&cid=1840091255.1785528142&frm=0&ngs=1&pscdl=noapi&rcb=8&sr=1536x960&uaa=x86&uab=64&uafvl=Chromium%3B145.0.7632.6%7CNot%253AA-Brand%3B99.0.0.0&uam=&uamb=0&uap=Windows&uapv=10.0&uaw=0&ul=en-us&tag_exp=115938466~115938468~118897920~118897930~119896802~120222309&sid=1785528141&sct=1&seg=1&dl=https%3A%2F%2Fadmin-dev.mediplanner.mx%2FDashboard&dt=Mediplanner&_s=2&tfd=4305 — net::ERR_ABORTED
📤 [API REQUEST    +43.10s] POST https://admin-dev.mediplanner.mx/api/permissions/getPermissions
📤 [API REQUEST    +43.10s] GET https://admin-dev.mediplanner.mx/api/profile/getProfile
📤 [API REQUEST    +43.10s] POST https://admin-dev.mediplanner.mx/api/appointments/getFilteredAppointments
📤 [API REQUEST    +43.10s] POST https://admin-dev.mediplanner.mx/api/dashboard/getDashboardData
📤 [API REQUEST    +43.10s] POST https://admin-dev.mediplanner.mx/api/procedures/getLastProceduresFilesByDoctorId
📤 [API REQUEST    +43.10s] POST https://admin-dev.mediplanner.mx/api/dashboard/getDashboardPayments
❌ [REQUEST FAILED +43.11s] https://mediplanner-atencion.zendesk.com/frontendevents/pv?client=1B752747-577B-429A-A0E0-83861AF69088 — net::ERR_ABORTED
❌ [REQUEST FAILED +43.11s] https://www.google-analytics.com/g/collect?v=2&tid=G-ZVKJ9CWYCW&gtm=45je67t1v9248896219za200zd9248896219&_p=1785528563452&gcd=13l3l3l3l1l1&npa=0&dma=0&_eu=AAAAAAQ&are=1&cid=1840091255.1785528142&frm=0&ngs=1&pscdl=noapi&rcb=3&sr=1536x960&uaa=x86&uab=64&uafvl=Chromium%3B145.0.7632.6%7CNot%253AA-Brand%3B99.0.0.0&uam=&uamb=0&uap=Windows&uapv=10.0&uaw=0&ul=en-us&_s=1&tag_exp=115616986~115938466~115938468~118395334~118897920~118897930~119527019~119791749~119896803~120222309&sid=1785528141&sct=1&seg=1&dl=https%3A%2F%2Fadmin-dev.mediplanner.mx%2FDashboard&dt=Mediplanner&en=page_view&_ee=1&tfd=499 — net::ERR_ABORTED
📤 [API REQUEST    +43.11s] POST https://admin-dev.mediplanner.mx/api/appointments/getAppointmentCount
[2026-07-31T20:09:23.797Z] ⚠️  Calendario del Dashboard no renderizó (intento 1/3), recargando...
❌ [REQUEST FAILED +43.41s] https://admin-dev.mediplanner.mx/api/appointments/getFilteredAppointments — net::ERR_ABORTED
❌ [REQUEST FAILED +43.41s] https://admin-dev.mediplanner.mx/api/permissions/getPermissions — net::ERR_ABORTED
❌ [REQUEST FAILED +43.41s] https://www.google-analytics.com/g/collect?v=2&tid=G-ZVKJ9CWYCW&gtm=45je67t1v9248896219za200zd9248896219&_p=1785528563452&gcd=13l3l3l3l1l1&npa=0&dma=0&_eu=AEAAAAQ&ae=a&are=1&cid=1840091255.1785528142&frm=0&ngs=1&pscdl=noapi&rcb=3&sr=1536x960&uaa=x86&uab=64&uafvl=Chromium%3B145.0.7632.6%7CNot%253AA-Brand%3B99.0.0.0&uam=&uamb=0&uap=Windows&uapv=10.0&uaw=0&ul=en-us&_s=2&tag_exp=115616986~115938466~115938468~118395334~118897920~118897930~119527019~119791749~119896803~120222309&sid=1785528141&sct=1&seg=1&dl=https%3A%2F%2Fadmin-dev.mediplanner.mx%2FDashboard&dt=Mediplanner&en=scroll&epn.percent_scrolled=90&_et=1&tfd=893 — net::ERR_ABORTED
❌ [REQUEST FAILED +43.41s] https://admin-dev.mediplanner.mx/api/dashboard/getDashboardData — net::ERR_ABORTED
❌ [REQUEST FAILED +43.41s] https://admin-dev.mediplanner.mx/api/dashboard/getDashboardPayments — net::ERR_ABORTED
❌ [REQUEST FAILED +43.41s] https://p.clarity.ms/collect — net::ERR_ABORTED
❌ [REQUEST FAILED +43.41s] https://admin-dev.mediplanner.mx/api/profile/getProfile — net::ERR_ABORTED
❌ [REQUEST FAILED +43.41s] https://admin-dev.mediplanner.mx/api/procedures/getLastProceduresFilesByDoctorId — net::ERR_ABORTED
❌ [REQUEST FAILED +43.41s] https://admin-dev.mediplanner.mx/api/appointments/getAppointmentCount — net::ERR_ABORTED
❌ [REQUEST FAILED +44.04s] https://www.google-analytics.com/g/collect?v=2&tid=G-ZVKJ9CWYCW&gtm=45je67t1v9248896219za200zd9248896219&_p=1785528564435&gcd=13l3l3l3l1l1&npa=0&dma=0&_eu=AAAAAAQ&are=1&cid=1840091255.1785528142&frm=0&ngs=1&pscdl=noapi&rcb=0&sr=1536x960&uaa=x86&uab=64&uafvl=Chromium%3B145.0.7632.6%7CNot%253AA-Brand%3B99.0.0.0&uam=&uamb=0&uap=Windows&uapv=10.0&uaw=0&ul=en-us&_s=1&tag_exp=115938466~115938469~118395333~118897920~118897930~119896802&sid=1785528141&sct=1&seg=1&dl=https%3A%2F%2Fadmin-dev.mediplanner.mx%2FDashboard&dt=Mediplanner&en=page_view&_ee=1&tfd=706 — net::ERR_ABORTED
❌ [REQUEST FAILED +44.13s] https://mediplanner-atencion.zendesk.com/frontendevents/pv?client=1B752747-577B-429A-A0E0-83861AF69088 — net::ERR_ABORTED
📤 [API REQUEST    +44.16s] POST https://admin-dev.mediplanner.mx/api/permissions/getPermissions
📤 [API REQUEST    +44.16s] GET https://admin-dev.mediplanner.mx/api/profile/getProfile
📤 [API REQUEST    +44.16s] POST https://admin-dev.mediplanner.mx/api/appointments/getFilteredAppointments
📤 [API REQUEST    +44.16s] POST https://admin-dev.mediplanner.mx/api/dashboard/getDashboardData
📤 [API REQUEST    +44.16s] POST https://admin-dev.mediplanner.mx/api/procedures/getLastProceduresFilesByDoctorId
📤 [API REQUEST    +44.16s] POST https://admin-dev.mediplanner.mx/api/dashboard/getDashboardPayments
📤 [API REQUEST    +44.17s] POST https://admin-dev.mediplanner.mx/api/appointments/getAppointmentCount
✅ [API RESPONSE   +44.71s] (554ms) 200 https://admin-dev.mediplanner.mx/api/permissions/getPermissions → {"status":"OK","data":[{"id":1,"name":"Consultar","module":"Usuarios","module_id":1,"active":false},{"id":2,"name":"Crea
✅ [API RESPONSE   +44.72s] (557ms) 200 https://admin-dev.mediplanner.mx/api/profile/getProfile → {"status":"OK","data":{"id":467,"sNombre":"Walter","sPaterno":"Hartwell","sMaterno":"White","sCorreo":"dpichardo@rym-sol
✅ [API RESPONSE   +44.94s] (782ms) 200 https://admin-dev.mediplanner.mx/api/procedures/getLastProceduresFilesByDoctorId → {"status":"OK","data":{"procedimientos":[{"paciente_id":894,"paciente_nombre":"Agustin Tapia Nievas","procedimiento_id":
✅ [API RESPONSE   +44.94s] (769ms) 200 https://admin-dev.mediplanner.mx/api/appointments/getAppointmentCount → {"status":"OK","data":[{"date":"2026-07-01","count":0},{"date":"2026-07-02","count":0},{"date":"2026-07-03","count":0},{
✅ [API RESPONSE   +45.02s] (857ms) 200 https://admin-dev.mediplanner.mx/api/appointments/getFilteredAppointments → {"status":"OK","data":[]}
✅ [API RESPONSE   +45.03s] (875ms) 200 https://admin-dev.mediplanner.mx/api/dashboard/getDashboardData → {"status":"OK","data":{"monthConsultations":{"count":68,"percentage":0},"recurring":{"count":15,"percentage":650},"patie
✅ [API RESPONSE   +45.09s] (930ms) 200 https://admin-dev.mediplanner.mx/api/dashboard/getDashboardPayments → {"status":"OK","data":{"grafica_actual":[{"etiqueta":"Viernes","total_pagos":0,"monto":0}],"grafica_anterior":[{"etiquet
[2026-07-31T20:09:26.189Z] ⚠️  Calendario del Dashboard no renderizó (intento 2/3), recargando...
❌ [REQUEST FAILED +45.77s] https://www.google-analytics.com/g/collect?v=2&tid=G-ZVKJ9CWYCW&gtm=45je67t1v9248896219za200zd9248896219&_p=1785528564435&gcd=13l3l3l3l1l1&npa=0&dma=0&_eu=AAAAAAQ&are=1&cid=1840091255.1785528142&frm=0&ngs=1&pscdl=noapi&rcb=0&sr=1536x960&uaa=x86&uab=64&uafvl=Chromium%3B145.0.7632.6%7CNot%253AA-Brand%3B99.0.0.0&uam=&uamb=0&uap=Windows&uapv=10.0&uaw=0&ul=en-us&_s=3&tag_exp=115938466~115938469~118395333~118897920~118897930~119896802&sid=1785528141&sct=1&seg=1&dl=https%3A%2F%2Fadmin-dev.mediplanner.mx%2FDashboard&dt=Mediplanner&en=user_engagement&_et=1792&tfd=2502 — net::ERR_ABORTED
❌ [REQUEST FAILED +45.77s] https://p.clarity.ms/collect — net::ERR_ABORTED
❌ [REQUEST FAILED +45.77s] https://www.google-analytics.com/g/collect?v=2&tid=G-ZVKJ9CWYCW&gtm=45je67t1v9248896219za200zd9248896219&_p=1785528564435&gcd=13l3l3l3l1l1&npa=0&dma=0&_eu=AEAAAAQ&ae=a&are=1&cid=1840091255.1785528142&frm=0&ngs=1&pscdl=noapi&rcb=0&sr=1536x960&uaa=x86&uab=64&uafvl=Chromium%3B145.0.7632.6%7CNot%253AA-Brand%3B99.0.0.0&uam=&uamb=0&uap=Windows&uapv=10.0&uaw=0&ul=en-us&_s=2&tag_exp=115938466~115938469~118395333~118897920~118897930~119896802&sid=1785528141&sct=1&seg=1&dl=https%3A%2F%2Fadmin-dev.mediplanner.mx%2FDashboard&dt=Mediplanner&en=scroll&epn.percent_scrolled=90&_et=15&tfd=2501 — net::ERR_ABORTED
❌ [REQUEST FAILED +46.09s] https://www.google-analytics.com/g/collect?v=2&tid=G-ZVKJ9CWYCW&gtm=45je67t1v9248896219za200zd9248896219&_p=1785528566431&gcd=13l3l3l3l1l1&npa=0&dma=0&_eu=AAAAAAQ&are=1&cid=1840091255.1785528142&frm=0&ngs=1&pscdl=noapi&rcb=3&sr=1536x960&uaa=x86&uab=64&uafvl=Chromium%3B145.0.7632.6%7CNot%253AA-Brand%3B99.0.0.0&uam=&uamb=0&uap=Windows&uapv=10.0&uaw=0&ul=en-us&_s=1&tag_exp=115938465~115938468~118897920~118897930~119896803&sid=1785528141&sct=1&seg=1&dl=https%3A%2F%2Fadmin-dev.mediplanner.mx%2FDashboard&dt=Mediplanner&en=page_view&_ee=1&tfd=301 — net::ERR_ABORTED
📤 [API REQUEST    +46.16s] POST https://admin-dev.mediplanner.mx/api/permissions/getPermissions
📤 [API REQUEST    +46.16s] GET https://admin-dev.mediplanner.mx/api/profile/getProfile
📤 [API REQUEST    +46.16s] POST https://admin-dev.mediplanner.mx/api/appointments/getFilteredAppointments
📤 [API REQUEST    +46.16s] POST https://admin-dev.mediplanner.mx/api/dashboard/getDashboardData
📤 [API REQUEST    +46.16s] POST https://admin-dev.mediplanner.mx/api/procedures/getLastProceduresFilesByDoctorId
📤 [API REQUEST    +46.16s] POST https://admin-dev.mediplanner.mx/api/dashboard/getDashboardPayments
📤 [API REQUEST    +46.17s] POST https://admin-dev.mediplanner.mx/api/appointments/getAppointmentCount
❌ [REQUEST FAILED +46.21s] https://mediplanner-atencion.zendesk.com/frontendevents/pv?client=1B752747-577B-429A-A0E0-83861AF69088 — net::ERR_ABORTED
✅ [API RESPONSE   +46.88s] (726ms) 200 https://admin-dev.mediplanner.mx/api/dashboard/getDashboardPayments → {"status":"OK","data":{"grafica_actual":[{"etiqueta":"Viernes","total_pagos":0,"monto":0}],"grafica_anterior":[{"etiquet
✅ [API RESPONSE   +46.89s] (733ms) 200 https://admin-dev.mediplanner.mx/api/permissions/getPermissions → {"status":"OK","data":[{"id":1,"name":"Consultar","module":"Usuarios","module_id":1,"active":false},{"id":2,"name":"Crea
✅ [API RESPONSE   +46.89s] (732ms) 200 https://admin-dev.mediplanner.mx/api/procedures/getLastProceduresFilesByDoctorId → {"status":"OK","data":{"procedimientos":[{"paciente_id":894,"paciente_nombre":"Agustin Tapia Nievas","procedimiento_id":
✅ [API RESPONSE   +46.94s] (781ms) 200 https://admin-dev.mediplanner.mx/api/profile/getProfile → {"status":"OK","data":{"id":467,"sNombre":"Walter","sPaterno":"Hartwell","sMaterno":"White","sCorreo":"dpichardo@rym-sol
✅ [API RESPONSE   +46.95s] (793ms) 200 https://admin-dev.mediplanner.mx/api/dashboard/getDashboardData → {"status":"OK","data":{"monthConsultations":{"count":68,"percentage":0},"recurring":{"count":15,"percentage":650},"patie
✅ [API RESPONSE   +47.09s] (929ms) 200 https://admin-dev.mediplanner.mx/api/appointments/getFilteredAppointments → {"status":"OK","data":[]}
✅ [API RESPONSE   +47.11s] (940ms) 200 https://admin-dev.mediplanner.mx/api/appointments/getAppointmentCount → {"status":"OK","data":[{"date":"2026-07-01","count":0},{"date":"2026-07-02","count":0},{"date":"2026-07-03","count":0},{
[2026-07-31T20:09:28.249Z] ⚠️  Calendario del Dashboard no renderizó (intento 3/3), recargando...
❌ [REQUEST FAILED +47.87s] https://p.clarity.ms/collect — net::ERR_ABORTED
❌ [REQUEST FAILED +47.87s] https://www.google-analytics.com/g/collect?v=2&tid=G-ZVKJ9CWYCW&gtm=45je67t1v9248896219za200zd9248896219&_p=1785528566431&gcd=13l3l3l3l1l1&npa=0&dma=0&_eu=AEAAAAQ&ae=a&are=1&cid=1840091255.1785528142&frm=0&ngs=1&pscdl=noapi&rcb=3&sr=1536x960&uaa=x86&uab=64&uafvl=Chromium%3B145.0.7632.6%7CNot%253AA-Brand%3B99.0.0.0&uam=&uamb=0&uap=Windows&uapv=10.0&uaw=0&ul=en-us&_s=2&tag_exp=115938465~115938468~118897920~118897930~119896803&sid=1785528141&sct=1&seg=1&dl=https%3A%2F%2Fadmin-dev.mediplanner.mx%2FDashboard&dt=Mediplanner&en=scroll&epn.percent_scrolled=90&_et=17&tfd=2217 — net::ERR_ABORTED
❌ [REQUEST FAILED +47.87s] https://www.google-analytics.com/g/collect?v=2&tid=G-ZVKJ9CWYCW&gtm=45je67t1v9248896219za200zd9248896219&_p=1785528566431&gcd=13l3l3l3l1l1&npa=0&dma=0&_eu=AAAAAAQ&are=1&cid=1840091255.1785528142&frm=0&ngs=1&pscdl=noapi&rcb=3&sr=1536x960&uaa=x86&uab=64&uafvl=Chromium%3B145.0.7632.6%7CNot%253AA-Brand%3B99.0.0.0&uam=&uamb=0&uap=Windows&uapv=10.0&uaw=0&ul=en-us&_s=3&tag_exp=115938465~115938468~118897920~118897930~119896803&sid=1785528141&sct=1&seg=1&dl=https%3A%2F%2Fadmin-dev.mediplanner.mx%2FDashboard&dt=Mediplanner&en=user_engagement&_et=1912&tfd=2218 — net::ERR_ABORTED
❌ [REQUEST FAILED +48.16s] https://www.google-analytics.com/g/collect?v=2&tid=G-ZVKJ9CWYCW&gtm=45je67t1v9248896219za200zd9248896219&_p=1785528568542&gcd=13l3l3l3l1l1&npa=0&dma=0&_eu=AAAAAAQ&are=1&cid=1840091255.1785528142&frm=0&ngs=1&pscdl=noapi&rcb=2&sr=1536x960&uaa=x86&uab=64&uafvl=Chromium%3B145.0.7632.6%7CNot%253AA-Brand%3B99.0.0.0&uam=&uamb=0&uap=Windows&uapv=10.0&uaw=0&ul=en-us&_s=1&tag_exp=115616986~115938466~115938469~118897920~118897930~119527020~119896802&sid=1785528141&sct=1&seg=1&dl=https%3A%2F%2Fadmin-dev.mediplanner.mx%2FDashboard&dt=Mediplanner&en=page_view&_ee=1&tfd=359 — net::ERR_ABORTED
📤 [API REQUEST    +48.21s] POST https://admin-dev.mediplanner.mx/api/permissions/getPermissions
📤 [API REQUEST    +48.21s] GET https://admin-dev.mediplanner.mx/api/profile/getProfile
📤 [API REQUEST    +48.21s] POST https://admin-dev.mediplanner.mx/api/appointments/getFilteredAppointments
📤 [API REQUEST    +48.21s] POST https://admin-dev.mediplanner.mx/api/dashboard/getDashboardData
📤 [API REQUEST    +48.21s] POST https://admin-dev.mediplanner.mx/api/procedures/getLastProceduresFilesByDoctorId
📤 [API REQUEST    +48.21s] POST https://admin-dev.mediplanner.mx/api/dashboard/getDashboardPayments
📤 [API REQUEST    +48.23s] POST https://admin-dev.mediplanner.mx/api/appointments/getAppointmentCount
❌ [REQUEST FAILED +48.25s] https://mediplanner-atencion.zendesk.com/frontendevents/pv?client=1B752747-577B-429A-A0E0-83861AF69088 — net::ERR_ABORTED
✅ [API RESPONSE   +48.71s] (499ms) 200 https://admin-dev.mediplanner.mx/api/profile/getProfile → {"status":"OK","data":{"id":467,"sNombre":"Walter","sPaterno":"Hartwell","sMaterno":"White","sCorreo":"dpichardo@rym-sol
✅ [API RESPONSE   +48.73s] (524ms) 200 https://admin-dev.mediplanner.mx/api/permissions/getPermissions → {"status":"OK","data":[{"id":1,"name":"Consultar","module":"Usuarios","module_id":1,"active":false},{"id":2,"name":"Crea
✅ [API RESPONSE   +48.80s] (588ms) 200 https://admin-dev.mediplanner.mx/api/appointments/getFilteredAppointments → {"status":"OK","data":[]}
✅ [API RESPONSE   +49.25s] (1042ms) 200 https://admin-dev.mediplanner.mx/api/procedures/getLastProceduresFilesByDoctorId → {"status":"OK","data":{"procedimientos":[{"paciente_id":894,"paciente_nombre":"Agustin Tapia Nievas","procedimiento_id":
✅ [API RESPONSE   +49.28s] (1064ms) 200 https://admin-dev.mediplanner.mx/api/dashboard/getDashboardPayments → {"status":"OK","data":{"grafica_actual":[{"etiqueta":"Viernes","total_pagos":0,"monto":0}],"grafica_anterior":[{"etiquet
✅ [API RESPONSE   +49.28s] (1067ms) 200 https://admin-dev.mediplanner.mx/api/dashboard/getDashboardData → {"status":"OK","data":{"monthConsultations":{"count":68,"percentage":0},"recurring":{"count":15,"percentage":650},"patie
✅ [API RESPONSE   +49.28s] (1050ms) 200 https://admin-dev.mediplanner.mx/api/appointments/getAppointmentCount → {"status":"OK","data":[{"date":"2026-07-01","count":0},{"date":"2026-07-02","count":0},{"date":"2026-07-03","count":0},{
[2026-07-31T20:09:30.277Z] ⚠️  El calendario del Dashboard no llegó a renderizar (td[data-day])
📤 [API REQUEST    +49.81s] POST https://admin-dev.mediplanner.mx/api/appointments/getAppointmentCount
✅ [API RESPONSE   +50.07s] (263ms) 200 https://admin-dev.mediplanner.mx/api/appointments/getAppointmentCount → {"status":"OK","data":[{"date":"2026-08-01","count":1},{"date":"2026-08-02","count":0},{"date":"2026-08-03","count":15},
📤 [API REQUEST    +50.46s] POST https://admin-dev.mediplanner.mx/api/appointments/getFilteredAppointments
✅ [API RESPONSE   +50.88s] (420ms) 200 https://admin-dev.mediplanner.mx/api/appointments/getFilteredAppointments → {"status":"OK","data":[]}
📤 [API REQUEST    +51.98s] POST https://admin-dev.mediplanner.mx/api/appointments/getFilteredAppointments
✅ [API RESPONSE   +52.46s] (481ms) 200 https://admin-dev.mediplanner.mx/api/appointments/getFilteredAppointments → {"status":"OK","data":[]}
❌ [REQUEST FAILED +53.15s] https://www.google-analytics.com/g/collect?v=2&tid=G-ZVKJ9CWYCW&gtm=45je67t1v9248896219za200zd9248896219&_p=1785528568542&gcd=13l3l3l3l1l1&npa=0&dma=0&_eu=AEAAAAQ&ae=a&are=1&cid=1840091255.1785528142&frm=0&ngs=1&pscdl=noapi&rcb=2&sr=1536x960&uaa=x86&uab=64&uafvl=Chromium%3B145.0.7632.6%7CNot%253AA-Brand%3B99.0.0.0&uam=&uamb=0&uap=Windows&uapv=10.0&uaw=0&ul=en-us&_s=2&tag_exp=115616986~115938466~115938469~118897920~118897930~119527020~119896802&sid=1785528141&sct=1&seg=1&dl=https%3A%2F%2Fadmin-dev.mediplanner.mx%2FDashboard&dt=Mediplanner&en=scroll&epn.percent_scrolled=90&_et=19&tfd=5370 — net::ERR_ABORTED
📤 [API REQUEST    +53.57s] POST https://admin-dev.mediplanner.mx/api/appointments/getFilteredAppointments
✅ [API RESPONSE   +54.19s] (624ms) 200 https://admin-dev.mediplanner.mx/api/appointments/getFilteredAppointments → {"status":"OK","data":[{"title":"Consulta inicial","doctor_id":467,"doctor_name":"Dr.Walter Hartwell White","doctor_img"
[2026-07-31T20:09:35.832Z] ✅ Botón Iniciar de "Daniela" encontrado en 2026-08-03
📤 [API REQUEST    +55.46s] POST https://admin-dev.mediplanner.mx/api/appointments/getFilteredAppointments
📤 [API REQUEST    +55.46s] POST https://admin-dev.mediplanner.mx/api/patients/getPatient
✅ [API RESPONSE   +56.10s] (647ms) 200 https://admin-dev.mediplanner.mx/api/appointments/getFilteredAppointments → {"status":"OK","data":[{"title":"Consulta inicial","doctor_id":467,"doctor_name":"Dr.Walter Hartwell White","doctor_img"
📤 [API REQUEST    +56.59s] POST https://admin-dev.mediplanner.mx/api/patients/getPatient
📤 [API REQUEST    +56.69s] POST https://admin-dev.mediplanner.mx/api/patients/getPatient
✅ [API RESPONSE   +57.23s] (536ms) 200 https://admin-dev.mediplanner.mx/api/patients/getPatient → {"status":"OK","data":{"id":474,"iEstatusId":2,"sEstatus":"Aceptada","sImagen":"","sNombre":"Daniela","sPaterno":"Jiméne
✅ [API RESPONSE   +57.23s] (1774ms) 200 https://admin-dev.mediplanner.mx/api/patients/getPatient → {"status":"OK","data":{"id":474,"iEstatusId":2,"sEstatus":"Aceptada","sImagen":"","sNombre":"Daniela","sPaterno":"Jiméne
✅ [API RESPONSE   +57.23s] (648ms) 200 https://admin-dev.mediplanner.mx/api/patients/getPatient → {"status":"OK","data":{"id":474,"iEstatusId":2,"sEstatus":"Aceptada","sImagen":"","sNombre":"Daniela","sPaterno":"Jiméne
❌ [REQUEST FAILED +61.77s] https://www.google-analytics.com/g/collect?v=2&tid=G-ZVKJ9CWYCW&gtm=45je67t1v9248896219za200zd9248896219&_p=1785528568542&gcd=13l3l3l3l1l1&npa=0&dma=0&_eu=AEEAAAQ&ae=a&are=1&cid=1840091255.1785528142&frm=0&ngs=1&pscdl=noapi&rcb=2&sr=1536x960&uaa=x86&uab=64&uafvl=Chromium%3B145.0.7632.6%7CNot%253AA-Brand%3B99.0.0.0&uam=&uamb=0&uap=Windows&uapv=10.0&uaw=0&ul=en-us&_s=3&tag_exp=115616986~115938466~115938469~118897920~118897930~119527020~119896802&sid=1785528141&sct=1&seg=1&dl=https%3A%2F%2Fadmin-dev.mediplanner.mx%2FDashboard&dt=Mediplanner&en=form_start&ep.form_id=&ep.form_destination=https%3A%2F%2Fadmin-dev.mediplanner.mx%2FDashboard&epn.form_length=9&ep.first_field_id=&ep.first_field_name=peso&ep.first_field_type=text&epn.first_field_position=7&_et=8622&tfd=13985 — net::ERR_ABORTED
  x  7 [consultation-user-errors] › tests\consultation.user-errors.spec.js:364:3 › Consulta — errores humanos reales (error guessing) › 6. Llenar Tratamiento antes que Diagnóstico no debe hacer que uno pise al otro (1.5m)


  1) [consultation-user-errors] › tests\consultation.user-errors.spec.js:100:3 › Consulta — errores humanos reales (error guessing) › 1. Cambiar de pestaña justo tras seleccionar un diagnóstico no debe perder el dato 

    TimeoutError: locator.click: Timeout 15000ms exceeded.
    Call log:
    [2m  - waiting for getByRole('button', { name: /^Guardar$/i })[22m
    [2m    - locator resolved to <button disabled class="text-gray-500 bg-[#1e71b8] text-white px-4 py-2 rounded-md ml-4 hover:bg-[#11426b] disabled:bg-[#d3d3d3] disabled:cursor-not-allowed">Guardar</button>[22m
    [2m  - attempting click action[22m
    [2m    2 × waiting for element to be visible, enabled and stable[22m
    [2m      - element is not enabled[22m
    [2m    - retrying click action[22m
    [2m    - waiting 20ms[22m
    [2m    2 × waiting for element to be visible, enabled and stable[22m
    [2m      - element is not enabled[22m
    [2m    - retrying click action[22m
    [2m      - waiting 100ms[22m
    [2m    28 × waiting for element to be visible, enabled and stable[22m
    [2m       - element is not enabled[22m
    [2m     - retrying click action[22m
    [2m       - waiting 500ms[22m


      61 |     return btn && !btn.disabled;
      62 |   }, { timeout: 10000 }).catch(() => {});
    > 63 |   await page.getByRole('button', { name: /^Guardar$/i }).click();
         |                                                          ^
      64 |   await page.waitForTimeout(2000);
      65 |   const cerrarButton = page.getByRole('button', { name: /cerrar/i });
      66 |   if (await cerrarButton.isVisible().catch(() => false)) {
        at iniciarConsultaDeHoy (C:\Users\pandr\OneDrive\00_Pedro_Quijada\03_RYM-Solutions\Repositorios\MediplannerWebNuevo\tests\consultation.user-errors.spec.js:63:58)
        at C:\Users\pandr\OneDrive\00_Pedro_Quijada\03_RYM-Solutions\Repositorios\MediplannerWebNuevo\tests\consultation.user-errors.spec.js:103:5

    attachment #1: screenshot (image/png) ──────────────────────────────────────────────────────────
    test-results\consultation.user-errors-C-3898b-tico-no-debe-perder-el-dato-consultation-user-errors\test-failed-1.png
    ────────────────────────────────────────────────────────────────────────────────────────────────

    Error Context: test-results\consultation.user-errors-C-3898b-tico-no-debe-perder-el-dato-consultation-user-errors\error-context.md

  2) [consultation-user-errors] › tests\consultation.user-errors.spec.js:129:3 › Consulta — errores humanos reales (error guessing) › 2. Corregir un typo de dosis antes de guardar debe persistir el valor corregido, no el original 

    TimeoutError: locator.click: Timeout 15000ms exceeded.
    Call log:
    [2m  - waiting for getByRole('button', { name: /^Guardar$/i })[22m
    [2m    - locator resolved to <button disabled class="text-gray-500 bg-[#1e71b8] text-white px-4 py-2 rounded-md ml-4 hover:bg-[#11426b] disabled:bg-[#d3d3d3] disabled:cursor-not-allowed">Guardar</button>[22m
    [2m  - attempting click action[22m
    [2m    2 × waiting for element to be visible, enabled and stable[22m
    [2m      - element is not enabled[22m
    [2m    - retrying click action[22m
    [2m    - waiting 20ms[22m
    [2m    2 × waiting for element to be visible, enabled and stable[22m
    [2m      - element is not enabled[22m
    [2m    - retrying click action[22m
    [2m      - waiting 100ms[22m
    [2m    28 × waiting for element to be visible, enabled and stable[22m
    [2m       - element is not enabled[22m
    [2m     - retrying click action[22m
    [2m       - waiting 500ms[22m


      61 |     return btn && !btn.disabled;
      62 |   }, { timeout: 10000 }).catch(() => {});
    > 63 |   await page.getByRole('button', { name: /^Guardar$/i }).click();
         |                                                          ^
      64 |   await page.waitForTimeout(2000);
      65 |   const cerrarButton = page.getByRole('button', { name: /cerrar/i });
      66 |   if (await cerrarButton.isVisible().catch(() => false)) {
        at iniciarConsultaDeHoy (C:\Users\pandr\OneDrive\00_Pedro_Quijada\03_RYM-Solutions\Repositorios\MediplannerWebNuevo\tests\consultation.user-errors.spec.js:63:58)
        at C:\Users\pandr\OneDrive\00_Pedro_Quijada\03_RYM-Solutions\Repositorios\MediplannerWebNuevo\tests\consultation.user-errors.spec.js:132:5

    attachment #1: screenshot (image/png) ──────────────────────────────────────────────────────────
    test-results\consultation.user-errors-C-44839-or-corregido-no-el-original-consultation-user-errors\test-failed-1.png
    ────────────────────────────────────────────────────────────────────────────────────────────────

    Error Context: test-results\consultation.user-errors-C-44839-or-corregido-no-el-original-consultation-user-errors\error-context.md

  3) [consultation-user-errors] › tests\consultation.user-errors.spec.js:257:3 › Consulta — errores humanos reales (error guessing) › 4. Escribir en Notas del Médico y navegar fuera sin guardar no debe corromper el dato al volver 

    TimeoutError: locator.click: Timeout 15000ms exceeded.
    Call log:
    [2m  - waiting for getByRole('button', { name: /^Guardar$/i })[22m
    [2m    - locator resolved to <button disabled class="text-gray-500 bg-[#1e71b8] text-white px-4 py-2 rounded-md ml-4 hover:bg-[#11426b] disabled:bg-[#d3d3d3] disabled:cursor-not-allowed">Guardar</button>[22m
    [2m  - attempting click action[22m
    [2m    2 × waiting for element to be visible, enabled and stable[22m
    [2m      - element is not enabled[22m
    [2m    - retrying click action[22m
    [2m    - waiting 20ms[22m
    [2m    2 × waiting for element to be visible, enabled and stable[22m
    [2m      - element is not enabled[22m
    [2m    - retrying click action[22m
    [2m      - waiting 100ms[22m
    [2m    28 × waiting for element to be visible, enabled and stable[22m
    [2m       - element is not enabled[22m
    [2m     - retrying click action[22m
    [2m       - waiting 500ms[22m


      61 |     return btn && !btn.disabled;
      62 |   }, { timeout: 10000 }).catch(() => {});
    > 63 |   await page.getByRole('button', { name: /^Guardar$/i }).click();
         |                                                          ^
      64 |   await page.waitForTimeout(2000);
      65 |   const cerrarButton = page.getByRole('button', { name: /cerrar/i });
      66 |   if (await cerrarButton.isVisible().catch(() => false)) {
        at iniciarConsultaDeHoy (C:\Users\pandr\OneDrive\00_Pedro_Quijada\03_RYM-Solutions\Repositorios\MediplannerWebNuevo\tests\consultation.user-errors.spec.js:63:58)
        at C:\Users\pandr\OneDrive\00_Pedro_Quijada\03_RYM-Solutions\Repositorios\MediplannerWebNuevo\tests\consultation.user-errors.spec.js:260:5

    attachment #1: screenshot (image/png) ──────────────────────────────────────────────────────────
    test-results\consultation.user-errors-C-f5dae-corromper-el-dato-al-volver-consultation-user-errors\test-failed-1.png
    ────────────────────────────────────────────────────────────────────────────────────────────────

    Error Context: test-results\consultation.user-errors-C-f5dae-corromper-el-dato-al-volver-consultation-user-errors\error-context.md

  4) [consultation-user-errors] › tests\consultation.user-errors.spec.js:294:3 › Consulta — errores humanos reales (error guessing) › 5. Doble-click accidental en "Guardar cambios" de Tratamiento no debe duplicar el medicamento 

    TimeoutError: locator.click: Timeout 15000ms exceeded.
    Call log:
    [2m  - waiting for getByRole('button', { name: /^Guardar$/i })[22m
    [2m    - locator resolved to <button disabled class="text-gray-500 bg-[#1e71b8] text-white px-4 py-2 rounded-md ml-4 hover:bg-[#11426b] disabled:bg-[#d3d3d3] disabled:cursor-not-allowed">Guardar</button>[22m
    [2m  - attempting click action[22m
    [2m    2 × waiting for element to be visible, enabled and stable[22m
    [2m      - element is not enabled[22m
    [2m    - retrying click action[22m
    [2m    - waiting 20ms[22m
    [2m    2 × waiting for element to be visible, enabled and stable[22m
    [2m      - element is not enabled[22m
    [2m    - retrying click action[22m
    [2m      - waiting 100ms[22m
    [2m    28 × waiting for element to be visible, enabled and stable[22m
    [2m       - element is not enabled[22m
    [2m     - retrying click action[22m
    [2m       - waiting 500ms[22m


      61 |     return btn && !btn.disabled;
      62 |   }, { timeout: 10000 }).catch(() => {});
    > 63 |   await page.getByRole('button', { name: /^Guardar$/i }).click();
         |                                                          ^
      64 |   await page.waitForTimeout(2000);
      65 |   const cerrarButton = page.getByRole('button', { name: /cerrar/i });
      66 |   if (await cerrarButton.isVisible().catch(() => false)) {
        at iniciarConsultaDeHoy (C:\Users\pandr\OneDrive\00_Pedro_Quijada\03_RYM-Solutions\Repositorios\MediplannerWebNuevo\tests\consultation.user-errors.spec.js:63:58)
        at C:\Users\pandr\OneDrive\00_Pedro_Quijada\03_RYM-Solutions\Repositorios\MediplannerWebNuevo\tests\consultation.user-errors.spec.js:297:5

    attachment #1: screenshot (image/png) ──────────────────────────────────────────────────────────
    test-results\consultation.user-errors-C-1ddd4-ebe-duplicar-el-medicamento-consultation-user-errors\test-failed-1.png
    ────────────────────────────────────────────────────────────────────────────────────────────────

    Error Context: test-results\consultation.user-errors-C-1ddd4-ebe-duplicar-el-medicamento-consultation-user-errors\error-context.md

  5) [consultation-user-errors] › tests\consultation.user-errors.spec.js:364:3 › Consulta — errores humanos reales (error guessing) › 6. Llenar Tratamiento antes que Diagnóstico no debe hacer que uno pise al otro 

    TimeoutError: locator.click: Timeout 15000ms exceeded.
    Call log:
    [2m  - waiting for getByRole('button', { name: /^Guardar$/i })[22m
    [2m    - locator resolved to <button disabled class="text-gray-500 bg-[#1e71b8] text-white px-4 py-2 rounded-md ml-4 hover:bg-[#11426b] disabled:bg-[#d3d3d3] disabled:cursor-not-allowed">Guardar</button>[22m
    [2m  - attempting click action[22m
    [2m    2 × waiting for element to be visible, enabled and stable[22m
    [2m      - element is not enabled[22m
    [2m    - retrying click action[22m
    [2m    - waiting 20ms[22m
    [2m    2 × waiting for element to be visible, enabled and stable[22m
    [2m      - element is not enabled[22m
    [2m    - retrying click action[22m
    [2m      - waiting 100ms[22m
    [2m    28 × waiting for element to be visible, enabled and stable[22m
    [2m       - element is not enabled[22m
    [2m     - retrying click action[22m
    [2m       - waiting 500ms[22m


      61 |     return btn && !btn.disabled;
      62 |   }, { timeout: 10000 }).catch(() => {});
    > 63 |   await page.getByRole('button', { name: /^Guardar$/i }).click();
         |                                                          ^
      64 |   await page.waitForTimeout(2000);
      65 |   const cerrarButton = page.getByRole('button', { name: /cerrar/i });
      66 |   if (await cerrarButton.isVisible().catch(() => false)) {
        at iniciarConsultaDeHoy (C:\Users\pandr\OneDrive\00_Pedro_Quijada\03_RYM-Solutions\Repositorios\MediplannerWebNuevo\tests\consultation.user-errors.spec.js:63:58)
        at C:\Users\pandr\OneDrive\00_Pedro_Quijada\03_RYM-Solutions\Repositorios\MediplannerWebNuevo\tests\consultation.user-errors.spec.js:367:5

    attachment #1: screenshot (image/png) ──────────────────────────────────────────────────────────
    test-results\consultation.user-errors-C-678d4--hacer-que-uno-pise-al-otro-consultation-user-errors\test-failed-1.png
    ────────────────────────────────────────────────────────────────────────────────────────────────

    Error Context: test-results\consultation.user-errors-C-678d4--hacer-que-uno-pise-al-otro-consultation-user-errors\error-context.md

  5 failed
    [consultation-user-errors] › tests\consultation.user-errors.spec.js:100:3 › Consulta — errores humanos reales (error guessing) › 1. Cambiar de pestaña justo tras seleccionar un diagnóstico no debe perder el dato 
    [consultation-user-errors] › tests\consultation.user-errors.spec.js:129:3 › Consulta — errores humanos reales (error guessing) › 2. Corregir un typo de dosis antes de guardar debe persistir el valor corregido, no el original 
    [consultation-user-errors] › tests\consultation.user-errors.spec.js:257:3 › Consulta — errores humanos reales (error guessing) › 4. Escribir en Notas del Médico y navegar fuera sin guardar no debe corromper el dato al volver 
    [consultation-user-errors] › tests\consultation.user-errors.spec.js:294:3 › Consulta — errores humanos reales (error guessing) › 5. Doble-click accidental en "Guardar cambios" de Tratamiento no debe duplicar el medicamento 
    [consultation-user-errors] › tests\consultation.user-errors.spec.js:364:3 › Consulta — errores humanos reales (error guessing) › 6. Llenar Tratamiento antes que Diagnóstico no debe hacer que uno pise al otro 
  2 passed (7.8m)
=== FIN PROYECTO vuelta=1 proyecto=consultation-user-errors exit=1 14:10:08 ===
=== VUELTA 1 COMPLETA 2026-07-31 14:10:08 ===
=== VUELTA 2 INICIO 2026-07-31 14:10:08 ===
=== INICIO PROYECTO vuelta=2 proyecto=dashboard 14:10:08 ===
[dotenv@17.3.1] injecting env (4) from .env -- tip: 🛠️  run anywhere with `dotenvx run -- yourcommand`

Running 2 tests using 1 worker

[dotenv@17.3.1] injecting env (0) from .env -- tip: 🔐 prevent building .env in docker: https://dotenvx.com/prebuild
🔐 Iniciando proceso de autenticación...
🌐 URL base: https://admin-dev.mediplanner.mx/
📧 Email: dr.***@gmail.com
✅ Navegación exitosa a la página principal
⏳ Esperando formulario de login...
✅ Formulario de login detectado
✅ Campo email llenado
✅ Campo contraseña llenado
✅ Botón de login clickeado
✅ Página principal cargada
✅ Autenticación exitosa - Redirigido fuera de login
✅ Sesión guardada en storageState.json
  ok 1 [setup] › tests\auth.setup.ts:7:6 › authenticate (5.0s)
[dotenv@17.3.1] injecting env (0) from .env -- tip: 🛡️ auth for agents: https://vestauth.com
❌ [REQUEST FAILED +0.99s] https://www.google-analytics.com/g/collect?v=2&tid=G-ZVKJ9CWYCW&gtm=45je67t1v9248896219za200zd9248896219&_p=1785528618733&gcd=13l3l3l3l1l1&npa=0&dma=0&_eu=AAAAAAQ&are=1&cid=290821848.1785528612&frm=0&ngs=1&pscdl=noapi&rcb=8&sr=1536x960&uaa=x86&uab=64&uafvl=Chromium%3B145.0.7632.6%7CNot%253AA-Brand%3B99.0.0.0&uam=&uamb=0&uap=Windows&uapv=10.0&uaw=0&ul=en-us&_s=1&tag_exp=115938465~115938469~118897920~118897930~119896803&sid=1785528612&sct=1&seg=1&dl=https%3A%2F%2Fadmin-dev.mediplanner.mx%2FDashboard&dt=Mediplanner&en=page_view&_ee=1&tfd=791 — net::ERR_ABORTED
❌ [REQUEST FAILED +2.43s] https://mediplanner-atencion.zendesk.com/frontendevents/pv?client=1B752747-577B-429A-A0E0-83861AF69088 — net::ERR_ABORTED
❌ [REQUEST FAILED +5.93s] https://www.google-analytics.com/g/collect?v=2&tid=G-ZVKJ9CWYCW&gtm=45je67t1v9248896219za200zd9248896219&_p=1785528618733&gcd=13l3l3l3l1l1&npa=0&dma=0&_eu=AEAAAAQ&ae=a&are=1&cid=290821848.1785528612&frm=0&ngs=1&pscdl=noapi&rcb=8&sr=1536x960&uaa=x86&uab=64&uafvl=Chromium%3B145.0.7632.6%7CNot%253AA-Brand%3B99.0.0.0&uam=&uamb=0&uap=Windows&uapv=10.0&uaw=0&ul=en-us&_s=2&tag_exp=115938465~115938469~118897920~118897930~119896803&sid=1785528612&sct=1&seg=1&dl=https%3A%2F%2Fadmin-dev.mediplanner.mx%2FDashboard&dt=Mediplanner&en=scroll&epn.percent_scrolled=90&_et=6&tfd=5810 — net::ERR_ABORTED
📤 [API REQUEST    +8.16s] POST https://admin-dev.mediplanner.mx/api/permissions/getPermissions
📤 [API REQUEST    +8.16s] GET https://admin-dev.mediplanner.mx/api/profile/getProfile
📤 [API REQUEST    +8.60s] POST https://admin-dev.mediplanner.mx/api/appointments/getFilteredAppointments
📤 [API REQUEST    +8.60s] POST https://admin-dev.mediplanner.mx/api/dashboard/getDashboardData
📤 [API REQUEST    +8.60s] POST https://admin-dev.mediplanner.mx/api/procedures/getLastProceduresFilesByDoctorId
📤 [API REQUEST    +8.60s] POST https://admin-dev.mediplanner.mx/api/dashboard/getDashboardPayments
📤 [API REQUEST    +8.60s] POST https://admin-dev.mediplanner.mx/api/wizard/getActiveStep
📤 [API REQUEST    +8.62s] POST https://admin-dev.mediplanner.mx/api/appointments/getAppointmentCount
✅ [API RESPONSE   +8.93s] (770ms) 200 https://admin-dev.mediplanner.mx/api/permissions/getPermissions → {"status":"OK","data":[{"id":1,"name":"Consultar","module":"Usuarios","module_id":1,"active":false},{"id":2,"name":"Crea
✅ [API RESPONSE   +8.94s] (782ms) 200 https://admin-dev.mediplanner.mx/api/profile/getProfile → {"status":"OK","data":{"id":467,"sNombre":"Walter","sPaterno":"Hartwell","sMaterno":"White","sCorreo":"dpichardo@rym-sol
✅ [API RESPONSE   +9.13s] (524ms) 200 https://admin-dev.mediplanner.mx/api/procedures/getLastProceduresFilesByDoctorId → {"status":"OK","data":{"procedimientos":[{"paciente_id":894,"paciente_nombre":"Agustin Tapia Nievas","procedimiento_id":
✅ [API RESPONSE   +9.23s] (624ms) 200 https://admin-dev.mediplanner.mx/api/dashboard/getDashboardData → {"status":"OK","data":{"monthConsultations":{"count":68,"percentage":0},"recurring":{"count":15,"percentage":650},"patie
✅ [API RESPONSE   +9.24s] (641ms) 200 https://admin-dev.mediplanner.mx/api/wizard/getActiveStep → {"status":"OK","data":{"activeStep":5,"date":"2026-07-31 14:07:54"}}
✅ [API RESPONSE   +9.28s] (675ms) 200 https://admin-dev.mediplanner.mx/api/appointments/getFilteredAppointments → {"status":"OK","data":[]}
✅ [API RESPONSE   +9.34s] (722ms) 200 https://admin-dev.mediplanner.mx/api/appointments/getAppointmentCount → {"status":"OK","data":[{"date":"2026-07-01","count":0},{"date":"2026-07-02","count":0},{"date":"2026-07-03","count":0},{
✅ [API RESPONSE   +9.37s] (762ms) 200 https://admin-dev.mediplanner.mx/api/dashboard/getDashboardPayments → {"status":"OK","data":{"grafica_actual":[{"etiqueta":"Viernes","total_pagos":0,"monto":0}],"grafica_anterior":[{"etiquet
❌ [REQUEST FAILED +10.05s] https://mediplanner-atencion.zendesk.com/frontendevents/pv?client=1B752747-577B-429A-A0E0-83861AF69088 — net::ERR_ABORTED
📤 [API REQUEST    +10.60s] POST https://admin-dev.mediplanner.mx/api/wizard/getActiveStep
📊 getDashboardData: consultas=68 recurrentes=15 nuevas=4 pacientes=48
📤 [API REQUEST    +10.91s] GET https://admin-dev.mediplanner.mx/api/profile/getProfile
📤 [API REQUEST    +10.91s] POST https://admin-dev.mediplanner.mx/api/appointments/getAppointmentTypes
📤 [API REQUEST    +10.91s] POST https://admin-dev.mediplanner.mx/api/wizard/saveStep
✅ [API RESPONSE   +10.88s] (276ms) 200 https://admin-dev.mediplanner.mx/api/wizard/getActiveStep → {"status":"OK","data":{"activeStep":5,"date":"2026-07-31 14:07:54"}}
✅ [API RESPONSE   +11.18s] (269ms) 200 https://admin-dev.mediplanner.mx/api/wizard/saveStep
  x  2 [dashboard] › tests\dashboard.spec.js:25:3 › Dashboard › KPIs, calendario y paneles muestran datos reales (no solo mapeo) (11.6s)


  1) [dashboard] › tests\dashboard.spec.js:25:3 › Dashboard › KPIs, calendario y paneles muestran datos reales (no solo mapeo) 

    Error: Tarjeta "CONSULTAS" debe mostrar contenido además del título

    [2mexpect([22m[31mreceived[39m[2m).[22mnot[2m.[22mtoBe[2m([22m[32mexpected[39m[2m) // Object.is equality[22m

    Expected: not [32m""[39m

      66 |     for (const kpi of kpis) {
      67 |       const txt = await getCardText(page, kpi.label);
    > 68 |       expect(txt, `Tarjeta "${kpi.label}" debe mostrar contenido además del título`).not.toBe('');
         |                                                                                          ^
      69 |       expect(txt, `Tarjeta "${kpi.label}" debe mostrar el valor ${kpi.count} (texto real: "${txt}")`)
      70 |         .toMatch(new RegExp(`(^|\\D)${kpi.count}(\\D|$)`));
      71 |       console.log(`✅ KPI "${kpi.label}": "${txt}"`);
        at C:\Users\pandr\OneDrive\00_Pedro_Quijada\03_RYM-Solutions\Repositorios\MediplannerWebNuevo\tests\dashboard.spec.js:68:90

    attachment #1: screenshot (image/png) ──────────────────────────────────────────────────────────
    test-results\dashboard-Dashboard-KPIs-c-657a9-datos-reales-no-solo-mapeo--dashboard\test-failed-1.png
    ────────────────────────────────────────────────────────────────────────────────────────────────

    Error Context: test-results\dashboard-Dashboard-KPIs-c-657a9-datos-reales-no-solo-mapeo--dashboard\error-context.md

  1 failed
    [dashboard] › tests\dashboard.spec.js:25:3 › Dashboard › KPIs, calendario y paneles muestran datos reales (no solo mapeo) 
  1 passed (20.2s)
=== FIN PROYECTO vuelta=2 proyecto=dashboard exit=1 14:10:30 ===
=== INICIO PROYECTO vuelta=2 proyecto=reportes 14:10:30 ===
[dotenv@17.3.1] injecting env (4) from .env -- tip: 🔐 prevent committing .env to code: https://dotenvx.com/precommit

Running 2 tests using 1 worker

[dotenv@17.3.1] injecting env (0) from .env -- tip: ⚙️  load multiple .env files with { path: ['.env.local', '.env'] }
🔐 Iniciando proceso de autenticación...
🌐 URL base: https://admin-dev.mediplanner.mx/
📧 Email: dr.***@gmail.com
✅ Navegación exitosa a la página principal
⏳ Esperando formulario de login...
✅ Formulario de login detectado
✅ Campo email llenado
✅ Campo contraseña llenado
✅ Botón de login clickeado
✅ Página principal cargada
✅ Autenticación exitosa - Redirigido fuera de login
✅ Sesión guardada en storageState.json
  ok 1 [setup] › tests\auth.setup.ts:7:6 › authenticate (5.8s)
[dotenv@17.3.1] injecting env (0) from .env -- tip: 🛡️ auth for agents: https://vestauth.com
❌ [REQUEST FAILED +0.90s] https://www.google-analytics.com/g/collect?v=2&tid=G-ZVKJ9CWYCW&gtm=45je67u0h2v9248896219za200zd9248896219&_p=1785528641571&gcd=13l3l3l3l1l1&npa=0&dma=0&_eu=AAAAAAQ&are=1&cid=1204371950.1785528634&frm=0&ngs=1&pscdl=noapi&rcb=3&sr=1536x960&uaa=x86&uab=64&uafvl=Chromium%3B145.0.7632.6%7CNot%253AA-Brand%3B99.0.0.0&uam=&uamb=0&uap=Windows&uapv=10.0&uaw=0&ul=en-us&_s=1&tag_exp=115938466~115938468~118897920~118897930~119896802&sid=1785528634&sct=1&seg=1&dl=https%3A%2F%2Fadmin-dev.mediplanner.mx%2FDashboard&dt=Mediplanner&en=page_view&_ee=1&tfd=739 — net::ERR_ABORTED
❌ [REQUEST FAILED +2.09s] https://mediplanner-atencion.zendesk.com/frontendevents/pv?client=1B752747-577B-429A-A0E0-83861AF69088 — net::ERR_ABORTED
📤 [API REQUEST    +5.04s] POST https://admin-dev.mediplanner.mx/api/permissions/getPermissions
📤 [API REQUEST    +5.04s] GET https://admin-dev.mediplanner.mx/api/profile/getProfile
📤 [API REQUEST    +5.49s] POST https://admin-dev.mediplanner.mx/api/appointments/getFilteredAppointments
📤 [API REQUEST    +5.49s] POST https://admin-dev.mediplanner.mx/api/dashboard/getDashboardData
📤 [API REQUEST    +5.50s] POST https://admin-dev.mediplanner.mx/api/procedures/getLastProceduresFilesByDoctorId
📤 [API REQUEST    +5.50s] POST https://admin-dev.mediplanner.mx/api/dashboard/getDashboardPayments
📤 [API REQUEST    +5.50s] POST https://admin-dev.mediplanner.mx/api/wizard/getActiveStep
✅ [API RESPONSE   +5.47s] (431ms) 200 https://admin-dev.mediplanner.mx/api/permissions/getPermissions → {"status":"OK","data":[{"id":1,"name":"Consultar","module":"Usuarios","module_id":1,"active":false},{"id":2,"name":"Crea
📤 [API REQUEST    +5.51s] POST https://admin-dev.mediplanner.mx/api/appointments/getAppointmentCount
✅ [API RESPONSE   +5.57s] (524ms) 200 https://admin-dev.mediplanner.mx/api/profile/getProfile → {"status":"OK","data":{"id":467,"sNombre":"Walter","sPaterno":"Hartwell","sMaterno":"White","sCorreo":"dpichardo@rym-sol
❌ [REQUEST FAILED +5.80s] https://mediplanner-atencion.zendesk.com/frontendevents/pv?client=1B752747-577B-429A-A0E0-83861AF69088 — net::ERR_ABORTED
❌ [REQUEST FAILED +5.84s] https://www.google-analytics.com/g/collect?v=2&tid=G-ZVKJ9CWYCW&gtm=45je67u0h2v9248896219za200zd9248896219&_p=1785528641571&gcd=13l3l3l3l1l1&npa=0&dma=0&_eu=AEAAAAQ&ae=a&are=1&cid=1204371950.1785528634&frm=0&ngs=1&pscdl=noapi&rcb=3&sr=1536x960&uaa=x86&uab=64&uafvl=Chromium%3B145.0.7632.6%7CNot%253AA-Brand%3B99.0.0.0&uam=&uamb=0&uap=Windows&uapv=10.0&uaw=0&ul=en-us&_s=2&tag_exp=115938466~115938468~118897920~118897930~119896802&sid=1785528634&sct=1&seg=1&dl=https%3A%2F%2Fadmin-dev.mediplanner.mx%2FDashboard&dt=Mediplanner&en=scroll&epn.percent_scrolled=90&_et=3&tfd=5744 — net::ERR_ABORTED
✅ [API RESPONSE   +6.09s] (594ms) 200 https://admin-dev.mediplanner.mx/api/wizard/getActiveStep → {"status":"OK","data":{"activeStep":5,"date":"2026-07-31 14:10:29"}}
✅ [API RESPONSE   +6.14s] (644ms) 200 https://admin-dev.mediplanner.mx/api/procedures/getLastProceduresFilesByDoctorId → {"status":"OK","data":{"procedimientos":[{"paciente_id":894,"paciente_nombre":"Agustin Tapia Nievas","procedimiento_id":
✅ [API RESPONSE   +6.14s] (632ms) 200 https://admin-dev.mediplanner.mx/api/appointments/getAppointmentCount → {"status":"OK","data":[{"date":"2026-07-01","count":0},{"date":"2026-07-02","count":0},{"date":"2026-07-03","count":0},{
✅ [API RESPONSE   +6.45s] (958ms) 200 https://admin-dev.mediplanner.mx/api/dashboard/getDashboardPayments → {"status":"OK","data":{"grafica_actual":[{"etiqueta":"Viernes","total_pagos":0,"monto":0}],"grafica_anterior":[{"etiquet
✅ [API RESPONSE   +6.46s] (969ms) 200 https://admin-dev.mediplanner.mx/api/dashboard/getDashboardData → {"status":"OK","data":{"monthConsultations":{"count":68,"percentage":0},"recurring":{"count":15,"percentage":650},"patie
✅ [API RESPONSE   +6.47s] (978ms) 200 https://admin-dev.mediplanner.mx/api/appointments/getFilteredAppointments → {"status":"OK","data":[]}
❌ [REQUEST FAILED +7.97s] https://mediplanner-atencion.zendesk.com/frontendevents/pv?client=1B752747-577B-429A-A0E0-83861AF69088 — net::ERR_ABORTED
📤 [API REQUEST    +8.13s] POST https://admin-dev.mediplanner.mx/api/wizard/getActiveStep
📤 [API REQUEST    +8.38s] GET https://admin-dev.mediplanner.mx/api/profile/getProfile
📤 [API REQUEST    +8.38s] POST https://admin-dev.mediplanner.mx/api/appointments/getAppointmentTypes
📤 [API REQUEST    +8.38s] POST https://admin-dev.mediplanner.mx/api/wizard/saveStep
✅ [API RESPONSE   +8.37s] (245ms) 200 https://admin-dev.mediplanner.mx/api/wizard/getActiveStep → {"status":"OK","data":{"activeStep":5,"date":"2026-07-31 14:10:29"}}
✅ [API RESPONSE   +8.67s] (287ms) 200 https://admin-dev.mediplanner.mx/api/wizard/saveStep → {"status":"OK","data":{"activeStep":5,"date":"2026-07-31 14:10:49"}}
📤 [API REQUEST    +8.89s] POST https://admin-dev.mediplanner.mx/api/appointments/getHospitalsByAppointment
📤 [API REQUEST    +8.89s] POST https://admin-dev.mediplanner.mx/api/appointments/getHospitalsByAppointment
📤 [API REQUEST    +8.89s] POST https://admin-dev.mediplanner.mx/api/appointments/getHospitalsByAppointment
✅ [API RESPONSE   +8.89s] (506ms) 200 https://admin-dev.mediplanner.mx/api/appointments/getAppointmentTypes → {"status":"OK","data":[{"doctor_id":467,"relacion_id":1,"cita_nombre":"Consulta inicial","duracion":5,"producto_id":0,"u
✅ [API RESPONSE   +8.89s] (510ms) 200 https://admin-dev.mediplanner.mx/api/profile/getProfile → {"status":"OK","data":{"id":467,"sNombre":"Walter","sPaterno":"Hartwell","sMaterno":"White","sCorreo":"dpichardo@rym-sol
✅ [API RESPONSE   +9.19s] (300ms) 200 https://admin-dev.mediplanner.mx/api/appointments/getHospitalsByAppointment → {"status":"OK","data":[{"hospital_id":15,"relacion_id":2,"nombre":"Consultorio Personal","consultorio":"General","activo
✅ [API RESPONSE   +9.20s] (304ms) 200 https://admin-dev.mediplanner.mx/api/appointments/getHospitalsByAppointment → {"status":"OK","data":[{"hospital_id":15,"relacion_id":2,"nombre":"Consultorio Personal","consultorio":"General","activo
✅ [API RESPONSE   +9.20s] (307ms) 200 https://admin-dev.mediplanner.mx/api/appointments/getHospitalsByAppointment → {"status":"OK","data":[{"hospital_id":15,"relacion_id":2,"nombre":"Consultorio Personal","consultorio":"General","activo
❌ [REQUEST FAILED +12.17s] https://www.google-analytics.com/g/collect?v=2&tid=G-ZVKJ9CWYCW&gtm=45je67u0h2v9248896219za200zd9248896219&_p=1785528641571&gcd=13l3l3l3l1l1&npa=0&dma=0&_eu=AEAAAAQ&ae=a&are=1&cid=1204371950.1785528634&frm=0&ngs=1&pscdl=noapi&rcb=3&sr=1536x960&uaa=x86&uab=64&uafvl=Chromium%3B145.0.7632.6%7CNot%253AA-Brand%3B99.0.0.0&uam=&uamb=0&uap=Windows&uapv=10.0&uaw=0&ul=en-us&_s=3&tag_exp=115938466~115938468~118897920~118897930~119896802&dl=https%3A%2F%2Fadmin-dev.mediplanner.mx%2Fwizard%2Fonboarding&dr=https%3A%2F%2Fadmin-dev.mediplanner.mx%2FDashboard&sid=1785528634&sct=1&seg=1&dt=Mediplanner&en=page_view&_et=6335&tfd=12082 — net::ERR_ABORTED
  x  2 [reportes] › tests\reportes.spec.ts:37:5 › Reportes: cargar KPIs/Top 10, filtrar por rango de fechas y ver "Ingresos recientes" (13.9s)


  1) [reportes] › tests\reportes.spec.ts:37:5 › Reportes: cargar KPIs/Top 10, filtrar por rango de fechas y ver "Ingresos recientes" › Ir a Reportes desde el sidebar (no vía URL directa) 

    Error: [2mexpect([22m[31mpage[39m[2m).[22mtoHaveURL[2m([22m[32mexpected[39m[2m)[22m failed

    Expected pattern: [32m/\/reportes\/reporteFacturas/i[39m
    Received string:  [31m"https://admin-dev.mediplanner.mx/wizard/onboarding"[39m
    Timeout: 5000ms

    Call log:
    [2m  - Expect "toHaveURL" with timeout 5000ms[22m
    [2m    9 × unexpected value "https://admin-dev.mediplanner.mx/wizard/onboarding"[22m


      48 |   await test.step('Ir a Reportes desde el sidebar (no vía URL directa)', async () => {
      49 |     await goToReportes(page);
    > 50 |     await expect(page).toHaveURL(/\/reportes\/reporteFacturas/i);
         |                        ^
      51 |     await expect(page.getByRole('heading', { name: 'Reportes' })).toBeVisible({ timeout: 10000 });
      52 |   });
      53 |
        at C:\Users\pandr\OneDrive\00_Pedro_Quijada\03_RYM-Solutions\Repositorios\MediplannerWebNuevo\tests\reportes.spec.ts:50:24
        at C:\Users\pandr\OneDrive\00_Pedro_Quijada\03_RYM-Solutions\Repositorios\MediplannerWebNuevo\tests\reportes.spec.ts:48:3

    attachment #1: screenshot (image/png) ──────────────────────────────────────────────────────────
    test-results\reportes-Reportes-cargar-K-13d72-s-y-ver-Ingresos-recientes--reportes\test-failed-1.png
    ────────────────────────────────────────────────────────────────────────────────────────────────

    Error Context: test-results\reportes-Reportes-cargar-K-13d72-s-y-ver-Ingresos-recientes--reportes\error-context.md

  1 failed
    [reportes] › tests\reportes.spec.ts:37:5 › Reportes: cargar KPIs/Top 10, filtrar por rango de fechas y ver "Ingresos recientes" 
  1 passed (23.4s)
=== FIN PROYECTO vuelta=2 proyecto=reportes exit=1 14:10:54 ===
=== INICIO PROYECTO vuelta=2 proyecto=ajustes-servicios 14:10:54 ===
[dotenv@17.3.1] injecting env (4) from .env -- tip: ⚙️  write to custom object with { processEnv: myObject }

Running 2 tests using 1 worker

[dotenv@17.3.1] injecting env (0) from .env -- tip: ⚙️  write to custom object with { processEnv: myObject }
🔐 Iniciando proceso de autenticación...
🌐 URL base: https://admin-dev.mediplanner.mx/
📧 Email: dr.***@gmail.com
✅ Navegación exitosa a la página principal
⏳ Esperando formulario de login...
✅ Formulario de login detectado
✅ Campo email llenado
✅ Campo contraseña llenado
✅ Botón de login clickeado
✅ Página principal cargada
✅ Autenticación exitosa - Redirigido fuera de login
✅ Sesión guardada en storageState.json
  ok 1 [setup] › tests\auth.setup.ts:7:6 › authenticate (5.1s)
[dotenv@17.3.1] injecting env (0) from .env -- tip: ⚙️  load multiple .env files with { path: ['.env.local', '.env'] }
❌ [REQUEST FAILED +0.63s] https://www.google-analytics.com/g/collect?v=2&tid=G-ZVKJ9CWYCW&gtm=45je67t1v9248896219za200zd9248896219&_p=1785528665447&gcd=13l3l3l3l1l1&npa=0&dma=0&_eu=AAAAAAQ&are=1&cid=784039964.1785528659&frm=0&ngs=1&pscdl=noapi&rcb=5&sr=1536x960&uaa=x86&uab=64&uafvl=Chromium%3B145.0.7632.6%7CNot%253AA-Brand%3B99.0.0.0&uam=&uamb=0&uap=Windows&uapv=10.0&uaw=0&ul=en-us&_s=1&tag_exp=115938466~115938468~118395335~118897920~118897930~119896803&sid=1785528658&sct=1&seg=1&dl=https%3A%2F%2Fadmin-dev.mediplanner.mx%2FDashboard&dt=Mediplanner&en=page_view&_ee=1&tfd=483 — net::ERR_ABORTED
❌ [REQUEST FAILED +2.12s] https://mediplanner-atencion.zendesk.com/frontendevents/pv?client=1B752747-577B-429A-A0E0-83861AF69088 — net::ERR_ABORTED
📤 [API REQUEST    +2.51s] POST https://admin-dev.mediplanner.mx/api/permissions/getPermissions
📤 [API REQUEST    +2.51s] GET https://admin-dev.mediplanner.mx/api/profile/getProfile
📤 [API REQUEST    +2.84s] POST https://admin-dev.mediplanner.mx/api/appointments/getFilteredAppointments
📤 [API REQUEST    +2.84s] POST https://admin-dev.mediplanner.mx/api/dashboard/getDashboardData
📤 [API REQUEST    +2.84s] POST https://admin-dev.mediplanner.mx/api/procedures/getLastProceduresFilesByDoctorId
📤 [API REQUEST    +2.84s] POST https://admin-dev.mediplanner.mx/api/dashboard/getDashboardPayments
📤 [API REQUEST    +2.84s] POST https://admin-dev.mediplanner.mx/api/wizard/getActiveStep
✅ [API RESPONSE   +2.82s] (308ms) 200 https://admin-dev.mediplanner.mx/api/permissions/getPermissions → {"status":"OK","data":[{"id":1,"name":"Consultar","module":"Usuarios","module_id":1,"active":false},{"id":2,"name":"Crea
📤 [API REQUEST    +2.87s] POST https://admin-dev.mediplanner.mx/api/appointments/getAppointmentCount
✅ [API RESPONSE   +3.17s] (654ms) 200 https://admin-dev.mediplanner.mx/api/profile/getProfile → {"status":"OK","data":{"id":467,"sNombre":"Walter","sPaterno":"Hartwell","sMaterno":"White","sCorreo":"dpichardo@rym-sol
✅ [API RESPONSE   +3.40s] (559ms) 200 https://admin-dev.mediplanner.mx/api/wizard/getActiveStep → {"status":"OK","data":{"activeStep":5,"date":"2026-07-31 14:10:49"}}
✅ [API RESPONSE   +3.40s] (563ms) 200 https://admin-dev.mediplanner.mx/api/procedures/getLastProceduresFilesByDoctorId → {"status":"OK","data":{"procedimientos":[{"paciente_id":894,"paciente_nombre":"Agustin Tapia Nievas","procedimiento_id":
✅ [API RESPONSE   +3.46s] (623ms) 200 https://admin-dev.mediplanner.mx/api/appointments/getFilteredAppointments → {"status":"OK","data":[]}
✅ [API RESPONSE   +3.46s] (625ms) 200 https://admin-dev.mediplanner.mx/api/dashboard/getDashboardData → {"status":"OK","data":{"monthConsultations":{"count":68,"percentage":0},"recurring":{"count":15,"percentage":650},"patie
✅ [API RESPONSE   +3.54s] (700ms) 200 https://admin-dev.mediplanner.mx/api/dashboard/getDashboardPayments → {"status":"OK","data":{"grafica_actual":[{"etiqueta":"Viernes","total_pagos":0,"monto":0}],"grafica_anterior":[{"etiquet
✅ [API RESPONSE   +3.68s] (814ms) 200 https://admin-dev.mediplanner.mx/api/appointments/getAppointmentCount → {"status":"OK","data":[{"date":"2026-07-01","count":0},{"date":"2026-07-02","count":0},{"date":"2026-07-03","count":0},{
❌ [REQUEST FAILED +3.79s] https://mediplanner-atencion.zendesk.com/frontendevents/pv?client=1B752747-577B-429A-A0E0-83861AF69088 — net::ERR_ABORTED
📤 [API REQUEST    +4.54s] POST https://admin-dev.mediplanner.mx/api/wizard/getActiveStep
📤 [API REQUEST    +4.83s] GET https://admin-dev.mediplanner.mx/api/profile/getProfile
📤 [API REQUEST    +4.83s] POST https://admin-dev.mediplanner.mx/api/appointments/getAppointmentTypes
📤 [API REQUEST    +4.83s] POST https://admin-dev.mediplanner.mx/api/wizard/saveStep
✅ [API RESPONSE   +4.83s] (281ms) 200 https://admin-dev.mediplanner.mx/api/wizard/getActiveStep → {"status":"OK","data":{"activeStep":5,"date":"2026-07-31 14:10:49"}}
✅ [API RESPONSE   +5.13s] (301ms) 200 https://admin-dev.mediplanner.mx/api/wizard/saveStep → {"status":"OK","data":{"activeStep":5,"date":"2026-07-31 14:11:10"}}
📤 [API REQUEST    +5.34s] POST https://admin-dev.mediplanner.mx/api/appointments/getHospitalsByAppointment
📤 [API REQUEST    +5.35s] POST https://admin-dev.mediplanner.mx/api/appointments/getHospitalsByAppointment
📤 [API REQUEST    +5.35s] POST https://admin-dev.mediplanner.mx/api/appointments/getHospitalsByAppointment
✅ [API RESPONSE   +5.34s] (509ms) 200 https://admin-dev.mediplanner.mx/api/appointments/getAppointmentTypes → {"status":"OK","data":[{"doctor_id":467,"relacion_id":1,"cita_nombre":"Consulta inicial","duracion":5,"producto_id":0,"u
✅ [API RESPONSE   +5.38s] (549ms) 200 https://admin-dev.mediplanner.mx/api/profile/getProfile → {"status":"OK","data":{"id":467,"sNombre":"Walter","sPaterno":"Hartwell","sMaterno":"White","sCorreo":"dpichardo@rym-sol
❌ [REQUEST FAILED +5.60s] https://www.google-analytics.com/g/collect?v=2&tid=G-ZVKJ9CWYCW&gtm=45je67t1v9248896219za200zd9248896219&_p=1785528665447&gcd=13l3l3l3l1l1&npa=0&dma=0&_eu=AEAAAAQ&ae=a&are=1&cid=784039964.1785528659&frm=0&ngs=1&pscdl=noapi&rcb=5&sr=1536x960&uaa=x86&uab=64&uafvl=Chromium%3B145.0.7632.6%7CNot%253AA-Brand%3B99.0.0.0&uam=&uamb=0&uap=Windows&uapv=10.0&uaw=0&ul=en-us&tag_exp=115938466~115938468~118395335~118897920~118897930~119896803&sid=1785528658&sct=1&seg=1&dl=https%3A%2F%2Fadmin-dev.mediplanner.mx%2FDashboard&dt=Mediplanner&_s=2&tfd=5502 — net::ERR_ABORTED
✅ [API RESPONSE   +5.74s] (392ms) 200 https://admin-dev.mediplanner.mx/api/appointments/getHospitalsByAppointment → {"status":"OK","data":[{"hospital_id":15,"relacion_id":2,"nombre":"Consultorio Personal","consultorio":"General","activo
✅ [API RESPONSE   +5.74s] (394ms) 200 https://admin-dev.mediplanner.mx/api/appointments/getHospitalsByAppointment → {"status":"OK","data":[{"hospital_id":15,"relacion_id":2,"nombre":"Consultorio Personal","consultorio":"General","activo
✅ [API RESPONSE   +5.74s] (396ms) 200 https://admin-dev.mediplanner.mx/api/appointments/getHospitalsByAppointment → {"status":"OK","data":[{"hospital_id":15,"relacion_id":2,"nombre":"Consultorio Personal","consultorio":"General","activo
  x  2 [ajustes-servicios] › tests\ajustes.servicios.spec.ts:44:5 › Ajustes › Servicios: catálogo carga, filtro "Sólo activos" y alta de un servicio (26.4s)


  1) [ajustes-servicios] › tests\ajustes.servicios.spec.ts:44:5 › Ajustes › Servicios: catálogo carga, filtro "Sólo activos" y alta de un servicio › Ir a Ajustes › Servicios y validar carga (getServices 200) 

    TimeoutError: locator.click: Timeout 20000ms exceeded.
    Call log:
    [2m  - waiting for getByText('Servicios', { exact: true }).first()[22m


      37 |   // a/button directo) — getByText exact + force evita el timeout de
      38 |   // actionability que da un selector CSS más estricto.
    > 39 |   await page.getByText('Servicios', { exact: true }).first().click({ force: true, timeout: 20000 });
         |                                                              ^
      40 |   await page.waitForLoadState('load', { timeout: 15000 }).catch(() => {});
      41 |   await page.waitForTimeout(2000);
      42 | }
        at irAServicios (C:\Users\pandr\OneDrive\00_Pedro_Quijada\03_RYM-Solutions\Repositorios\MediplannerWebNuevo\tests\ajustes.servicios.spec.ts:39:62)
        at C:\Users\pandr\OneDrive\00_Pedro_Quijada\03_RYM-Solutions\Repositorios\MediplannerWebNuevo\tests\ajustes.servicios.spec.ts:57:5
        at C:\Users\pandr\OneDrive\00_Pedro_Quijada\03_RYM-Solutions\Repositorios\MediplannerWebNuevo\tests\ajustes.servicios.spec.ts:55:3

    attachment #1: screenshot (image/png) ──────────────────────────────────────────────────────────
    test-results\ajustes.servicios-Ajustes--7a2e0-tivos-y-alta-de-un-servicio-ajustes-servicios\test-failed-1.png
    ────────────────────────────────────────────────────────────────────────────────────────────────

    Error Context: test-results\ajustes.servicios-Ajustes--7a2e0-tivos-y-alta-de-un-servicio-ajustes-servicios\error-context.md

  1 failed
    [ajustes-servicios] › tests\ajustes.servicios.spec.ts:44:5 › Ajustes › Servicios: catálogo carga, filtro "Sólo activos" y alta de un servicio 
  1 passed (35.1s)
=== FIN PROYECTO vuelta=2 proyecto=ajustes-servicios exit=1 14:11:31 ===
=== INICIO PROYECTO vuelta=2 proyecto=percentil-explorar 14:11:31 ===
[dotenv@17.3.1] injecting env (4) from .env -- tip: ⚙️  enable debug logging with { debug: true }

Running 2 tests using 1 worker

[dotenv@17.3.1] injecting env (0) from .env -- tip: ⚙️  enable debug logging with { debug: true }
🔐 Iniciando proceso de autenticación...
🌐 URL base: https://admin-dev.mediplanner.mx/
📧 Email: dr.***@gmail.com
✅ Navegación exitosa a la página principal
⏳ Esperando formulario de login...
✅ Formulario de login detectado
✅ Campo email llenado
✅ Campo contraseña llenado
✅ Botón de login clickeado
✅ Página principal cargada
✅ Autenticación exitosa - Redirigido fuera de login
✅ Sesión guardada en storageState.json
  ok 1 [setup] › tests\auth.setup.ts:7:6 › authenticate (6.1s)
[dotenv@17.3.1] injecting env (0) from .env -- tip: ⚙️  load multiple .env files with { path: ['.env.local', '.env'] }
❌ [REQUEST FAILED +0.81s] https://www.google-analytics.com/g/collect?v=2&tid=G-ZVKJ9CWYCW&gtm=45je67t1h1v9248896219za200zd9248896219&_p=1785528703204&gcd=13l3l3l3l1l1&npa=0&dma=0&_eu=AAAAAAQ&are=1&cid=1388831922.1785528696&frm=0&ngs=1&pscdl=noapi&rcb=5&sr=1536x960&uaa=x86&uab=64&uafvl=Chromium%3B145.0.7632.6%7CNot%253AA-Brand%3B99.0.0.0&uam=&uamb=0&uap=Windows&uapv=10.0&uaw=0&ul=en-us&_s=1&tag_exp=115616985~115938465~115938468~118012007~118897920~118897930~119381663~119896802~120222309&sid=1785528695&sct=1&seg=1&dl=https%3A%2F%2Fadmin-dev.mediplanner.mx%2FPacientes&dt=Mediplanner&en=page_view&_ee=1&tfd=599 — net::ERR_ABORTED
❌ [REQUEST FAILED +2.16s] https://mediplanner-atencion.zendesk.com/frontendevents/pv?client=1B752747-577B-429A-A0E0-83861AF69088 — net::ERR_ABORTED
📤 [API REQUEST    +3.02s] POST https://admin-dev.mediplanner.mx/api/permissions/getPermissions
📤 [API REQUEST    +3.02s] GET https://admin-dev.mediplanner.mx/api/profile/getProfile
📤 [API REQUEST    +3.34s] POST https://admin-dev.mediplanner.mx/api/patients/getPatients
✅ [API RESPONSE   +3.41s] (396ms) 200 https://admin-dev.mediplanner.mx/api/permissions/getPermissions → {"status":"OK","data":[{"id":1,"name":"Consultar","module":"Usuarios","module_id":1,"active":false},{"id":2,"name":"Crea
✅ [API RESPONSE   +3.42s] (404ms) 200 https://admin-dev.mediplanner.mx/api/profile/getProfile → {"status":"OK","data":{"id":467,"sNombre":"Walter","sPaterno":"Hartwell","sMaterno":"White","sCorreo":"dpichardo@rym-sol
🔎 Buscando "percentil" en el campo "Buscar Usuarios"...
✅ [API RESPONSE   +5.46s] (2124ms) 200 https://admin-dev.mediplanner.mx/api/patients/getPatients → {"status":"OK","data":{"patients":[{"id":527,"iUsuarioDrId":467,"sImagen":"https://s3.amazonaws.com/s3.mediplanner.mx/us
❌ [REQUEST FAILED +5.70s] https://www.google-analytics.com/g/collect?v=2&tid=G-ZVKJ9CWYCW&gtm=45je67t1h1v9248896219za200zd9248896219&_p=1785528703204&gcd=13l3l3l3l1l1&npa=0&dma=0&_eu=AEAAAAQ&ae=a&are=1&cid=1388831922.1785528696&frm=0&ngs=1&pscdl=noapi&rcb=5&sr=1536x960&uaa=x86&uab=64&uafvl=Chromium%3B145.0.7632.6%7CNot%253AA-Brand%3B99.0.0.0&uam=&uamb=0&uap=Windows&uapv=10.0&uaw=0&ul=en-us&_s=2&tag_exp=115616985~115938465~115938468~118012007~118897920~118897930~119381663~119896802~120222309&sid=1785528695&sct=1&seg=1&dl=https%3A%2F%2Fadmin-dev.mediplanner.mx%2FPacientes&dt=Mediplanner&en=scroll&epn.percent_scrolled=90&_et=4&tfd=5612 — net::ERR_ABORTED
  x  2 [percentil-explorar] › tests\percentil.explorar.spec.js:9:1 › Buscar paciente y mapear acciones (25.0s)


  1) [percentil-explorar] › tests\percentil.explorar.spec.js:9:1 › Buscar paciente y mapear acciones 

    TimeoutError: locator.waitFor: Timeout 20000ms exceeded.
    Call log:
    [2m  - waiting for locator('input[placeholder="Buscar Usuarios"]').first() to be visible[22m


      17 |   console.log(`🔎 Buscando "${PACIENTE}" en el campo "Buscar Usuarios"...`);
      18 |   const buscar = page.locator('input[placeholder="Buscar Usuarios"]').first();
    > 19 |   await buscar.waitFor({ state: 'visible', timeout: 20000 });
         |                ^
      20 |   await buscar.click();
      21 |   await buscar.fill(PACIENTE);
      22 |   await page.waitForTimeout(3000);
        at C:\Users\pandr\OneDrive\00_Pedro_Quijada\03_RYM-Solutions\Repositorios\MediplannerWebNuevo\tests\percentil.explorar.spec.js:19:16

    attachment #1: screenshot (image/png) ──────────────────────────────────────────────────────────
    test-results\percentil.explorar-Buscar-paciente-y-mapear-acciones-percentil-explorar\test-failed-1.png
    ────────────────────────────────────────────────────────────────────────────────────────────────

    Error Context: test-results\percentil.explorar-Buscar-paciente-y-mapear-acciones-percentil-explorar\error-context.md

  1 failed
    [percentil-explorar] › tests\percentil.explorar.spec.js:9:1 › Buscar paciente y mapear acciones 
  1 passed (34.7s)
=== FIN PROYECTO vuelta=2 proyecto=percentil-explorar exit=1 14:12:07 ===
=== INICIO PROYECTO vuelta=2 proyecto=vacunacion-ciclo-completo 14:12:07 ===
[dotenv@17.3.1] injecting env (4) from .env -- tip: 🛠️  run anywhere with `dotenvx run -- yourcommand`

Running 2 tests using 1 worker

[dotenv@17.3.1] injecting env (0) from .env -- tip: ⚙️  enable debug logging with { debug: true }
🔐 Iniciando proceso de autenticación...
🌐 URL base: https://admin-dev.mediplanner.mx/
📧 Email: dr.***@gmail.com
✅ Navegación exitosa a la página principal
⏳ Esperando formulario de login...
✅ Formulario de login detectado
✅ Campo email llenado
✅ Campo contraseña llenado
✅ Botón de login clickeado
✅ Página principal cargada
✅ Autenticación exitosa - Redirigido fuera de login
✅ Sesión guardada en storageState.json
  ok 1 [setup] › tests\auth.setup.ts:7:6 › authenticate (5.4s)
[dotenv@17.3.1] injecting env (0) from .env -- tip: ⚙️  suppress all logs with { quiet: true }
❌ [REQUEST FAILED +0.74s] https://www.google-analytics.com/g/collect?v=2&tid=G-ZVKJ9CWYCW&gtm=45je67u0h2v9248896219za200zd9248896219&_p=1785528738747&gcd=13l3l3l3l1l1&npa=0&dma=0&_eu=AAAAAAQ&are=1&cid=1612722455.1785528732&frm=0&ngs=1&pscdl=noapi&rcb=6&sr=1536x960&uaa=x86&uab=64&uafvl=Chromium%3B145.0.7632.6%7CNot%253AA-Brand%3B99.0.0.0&uam=&uamb=0&uap=Windows&uapv=10.0&uaw=0&ul=en-us&_s=1&tag_exp=115938466~115938468~118395333~118897920~118897930~119896803~120222308&sid=1785528731&sct=1&seg=1&dl=https%3A%2F%2Fadmin-dev.mediplanner.mx%2FPacientes&dt=Mediplanner&en=page_view&_ee=1&tfd=557 — net::ERR_ABORTED
❌ [REQUEST FAILED +2.02s] https://mediplanner-atencion.zendesk.com/frontendevents/pv?client=1B752747-577B-429A-A0E0-83861AF69088 — net::ERR_ABORTED
📤 [API REQUEST    +4.66s] POST https://admin-dev.mediplanner.mx/api/permissions/getPermissions
📤 [API REQUEST    +4.66s] GET https://admin-dev.mediplanner.mx/api/profile/getProfile
📤 [API REQUEST    +5.07s] POST https://admin-dev.mediplanner.mx/api/patients/getPatients
✅ [API RESPONSE   +5.08s] (427ms) 200 https://admin-dev.mediplanner.mx/api/permissions/getPermissions → {"status":"OK","data":[{"id":1,"name":"Consultar","module":"Usuarios","module_id":1,"active":false},{"id":2,"name":"Crea
✅ [API RESPONSE   +5.10s] (438ms) 200 https://admin-dev.mediplanner.mx/api/profile/getProfile → {"status":"OK","data":{"id":467,"sNombre":"Walter","sPaterno":"Hartwell","sMaterno":"White","sCorreo":"dpichardo@rym-sol
❌ [REQUEST FAILED +5.64s] https://www.google-analytics.com/g/collect?v=2&tid=G-ZVKJ9CWYCW&gtm=45je67u0h2v9248896219za200zd9248896219&_p=1785528738747&gcd=13l3l3l3l1l1&npa=0&dma=0&_eu=AEAAAAQ&ae=a&are=1&cid=1612722455.1785528732&frm=0&ngs=1&pscdl=noapi&rcb=6&sr=1536x960&uaa=x86&uab=64&uafvl=Chromium%3B145.0.7632.6%7CNot%253AA-Brand%3B99.0.0.0&uam=&uamb=0&uap=Windows&uapv=10.0&uaw=0&ul=en-us&_s=2&tag_exp=115938466~115938468~118395333~118897920~118897930~119896803~120222308&sid=1785528731&sct=1&seg=1&dl=https%3A%2F%2Fadmin-dev.mediplanner.mx%2FPacientes&dt=Mediplanner&en=scroll&epn.percent_scrolled=90&_et=3&tfd=5560 — net::ERR_ABORTED
✅ [API RESPONSE   +5.74s] (678ms) 200 https://admin-dev.mediplanner.mx/api/patients/getPatients → {"status":"OK","data":{"patients":[{"id":527,"iUsuarioDrId":467,"sImagen":"https://s3.amazonaws.com/s3.mediplanner.mx/us
📤 [API REQUEST    +6.45s] POST https://admin-dev.mediplanner.mx/api/patients/getPatients
✅ [API RESPONSE   +7.48s] (1032ms) 200 https://admin-dev.mediplanner.mx/api/patients/getPatients → {"status":"OK","data":{"patients":[{"id":527,"iUsuarioDrId":467,"sImagen":"https://s3.amazonaws.com/s3.mediplanner.mx/us
📤 [API REQUEST    +9.73s] GET https://admin-dev.mediplanner.mx/api/profile/getProfile
📤 [API REQUEST    +9.73s] POST https://admin-dev.mediplanner.mx/api/appointments/getAppointmentTypes
📤 [API REQUEST    +9.73s] POST https://admin-dev.mediplanner.mx/api/consultations/getRecentVitalSigns
📤 [API REQUEST    +9.73s] POST https://admin-dev.mediplanner.mx/api/patients/getPatient
❌ [REQUEST FAILED +9.73s] https://mediplanner-atencion.zendesk.com/frontendevents/pv?client=1B752747-577B-429A-A0E0-83861AF69088 — net::ERR_ABORTED
✅ [API RESPONSE   +10.25s] (520ms) 200 https://admin-dev.mediplanner.mx/api/consultations/getRecentVitalSigns → {"status":"OK","data":{"presion":"120","oxigenacion":"99","temperatura":"36.5","peso":"77","imc":"23.25","frecuencia_car
✅ [API RESPONSE   +10.35s] (621ms) 200 https://admin-dev.mediplanner.mx/api/appointments/getAppointmentTypes → {"status":"OK","data":[{"doctor_id":467,"relacion_id":1,"cita_nombre":"Consulta inicial","duracion":5,"producto_id":0,"u
✅ [API RESPONSE   +10.36s] (627ms) 200 https://admin-dev.mediplanner.mx/api/profile/getProfile → {"status":"OK","data":{"id":467,"sNombre":"Walter","sPaterno":"Hartwell","sMaterno":"White","sCorreo":"dpichardo@rym-sol
✅ [API RESPONSE   +10.42s] (688ms) 200 https://admin-dev.mediplanner.mx/api/patients/getPatient → {"status":"OK","data":{"id":894,"iEstatusId":2,"sEstatus":"Aceptada","sImagen":"https://s3.amazonaws.com/s3.mediplanner.
📤 [API REQUEST    +11.52s] POST https://admin-dev.mediplanner.mx/api/catalogs/getCatalogs
📤 [API REQUEST    +11.52s] POST https://admin-dev.mediplanner.mx/api/patients/getPatient
✅ [API RESPONSE   +11.94s] (419ms) 200 https://admin-dev.mediplanner.mx/api/catalogs/getCatalogs → {"status":"OK","data":{"tipos_sexo":[{"id":1,"name":"Masculino"},{"id":2,"name":"Femenino"}],"tipos_estado_civil":[{"id"
✅ [API RESPONSE   +11.94s] (422ms) 200 https://admin-dev.mediplanner.mx/api/patients/getPatient → {"status":"OK","data":{"id":894,"iEstatusId":2,"sEstatus":"Aceptada","sImagen":"https://s3.amazonaws.com/s3.mediplanner.
📤 [API REQUEST    +12.20s] POST https://admin-dev.mediplanner.mx/api/vaccines/getVaccines
📤 [API REQUEST    +12.51s] POST https://admin-dev.mediplanner.mx/api/patients/getPatient
✅ [API RESPONSE   +12.51s] (310ms) 200 https://admin-dev.mediplanner.mx/api/vaccines/getVaccines → {"status":"OK","data":[{"tipo":"Básicas","tipo_id":1,"vacunas":[{"id":1,"nombre":"BCG","descripcion":"Protege contra la 
📤 [API REQUEST    +12.89s] POST https://admin-dev.mediplanner.mx/api/vaccines/getVaccinesUser
✅ [API RESPONSE   +12.89s] (379ms) 200 https://admin-dev.mediplanner.mx/api/patients/getPatient → {"status":"OK","data":{"id":894,"iEstatusId":2,"sEstatus":"Aceptada","sImagen":"https://s3.amazonaws.com/s3.mediplanner.
✅ [API RESPONSE   +13.35s] (450ms) 200 https://admin-dev.mediplanner.mx/api/vaccines/getVaccinesUser → {"status":"OK","data":[[{"id":5,"secuencia":52,"nombre":"HEXAVALENTE","descripcion":"Protege Difteria, Tétanos, Tos feri
❌ [REQUEST FAILED +15.70s] https://www.google-analytics.com/g/collect?v=2&tid=G-ZVKJ9CWYCW&gtm=45je67u0h2v9248896219za200zd9248896219&_p=1785528738747&gcd=13l3l3l3l1l1&npa=0&dma=0&_eu=AEAAAAQ&ae=a&are=1&cid=1612722455.1785528732&frm=0&ngs=1&pscdl=noapi&rcb=6&sr=1536x960&uaa=x86&uab=64&uafvl=Chromium%3B145.0.7632.6%7CNot%253AA-Brand%3B99.0.0.0&uam=&uamb=0&uap=Windows&uapv=10.0&uaw=0&ul=en-us&_s=3&tag_exp=115938466~115938468~118395333~118897920~118897930~119896803~120222308&dl=https%3A%2F%2Fadmin-dev.mediplanner.mx%2FPacientes%2FDashboard&dr=https%3A%2F%2Fadmin-dev.mediplanner.mx%2FPacientes&sid=1785528731&sct=1&seg=1&dt=Mediplanner&en=page_view&_et=10000&tfd=15574 — net::ERR_ABORTED
📊 Inicial → dosis registradas: 32, filas otra-vacuna: 32
   📝 [HALLAZGO] No apareció "Guardar cambios" tras borrar dosis (¿la cartilla persiste de otro modo?)
🗑️ Borrado de dosis (clic rápido + guardado batch):
     Dosis iniciales:                 0
     Clics dados en ×:                0
     saveVaccinesUser por-clic (200): 0  (esperado 0: el borrado no auto-guarda)
     saveVaccinesUser de "Guardar":   0
     Botones × restantes:             0
🗑️ Borrado otra-vacuna: filas iniciales=32, clics=30, restantes=32
❌ [REQUEST FAILED +85.02s] https://p.clarity.ms/collect — net::ERR_ABORTED
❌ [REQUEST FAILED +85.02s] https://www.google-analytics.com/g/collect?v=2&tid=G-ZVKJ9CWYCW&gtm=45je67u0h2v9248896219za200zd9248896219&_p=1785528738747&gcd=13l3l3l3l1l1&npa=0&dma=0&_eu=AAAAAAQ&are=1&cid=1612722455.1785528732&frm=0&ngs=1&pscdl=noapi&rcb=6&sr=1536x960&uaa=x86&uab=64&uafvl=Chromium%3B145.0.7632.6%7CNot%253AA-Brand%3B99.0.0.0&uam=&uamb=0&uap=Windows&uapv=10.0&uaw=0&ul=en-us&_s=4&tag_exp=115938466~115938468~118395333~118897920~118897930~119896803~120222308&sid=1785528731&sct=1&seg=1&dl=https%3A%2F%2Fadmin-dev.mediplanner.mx%2FPacientes%2FDashboard&dr=https%3A%2F%2Fadmin-dev.mediplanner.mx%2FPacientes&dt=Mediplanner&en=user_engagement&_et=74410&tfd=84974 — net::ERR_ABORTED
📤 [API REQUEST    +85.38s] POST https://admin-dev.mediplanner.mx/api/permissions/getPermissions
📤 [API REQUEST    +85.38s] GET https://admin-dev.mediplanner.mx/api/profile/getProfile
📤 [API REQUEST    +85.38s] POST https://admin-dev.mediplanner.mx/api/patients/getPatients
❌ [REQUEST FAILED +85.39s] https://mediplanner-atencion.zendesk.com/frontendevents/pv?client=1B752747-577B-429A-A0E0-83861AF69088 — net::ERR_ABORTED
❌ [REQUEST FAILED +85.51s] https://www.google-analytics.com/g/collect?v=2&tid=G-ZVKJ9CWYCW&gtm=45je67u0h2v9248896219za200zd9248896219&_p=1785528823548&gcd=13l3l3l3l1l1&npa=0&dma=0&_eu=AAAAAAQ&are=1&cid=1612722455.1785528732&frm=0&ngs=1&pscdl=noapi&rcb=14&sr=1536x960&uaa=x86&uab=64&uafvl=Chromium%3B145.0.7632.6%7CNot%253AA-Brand%3B99.0.0.0&uam=&uamb=0&uap=Windows&uapv=10.0&uaw=0&ul=en-us&_s=1&tag_exp=115938466~115938469~118897920~118897930~119527019~119896802&sid=1785528731&sct=1&seg=1&dl=https%3A%2F%2Fadmin-dev.mediplanner.mx%2FPacientes&dt=Mediplanner&en=page_view&_ee=1&tfd=524 — net::ERR_ABORTED
❌ [REQUEST FAILED +85.52s] https://mediplanner-atencion.zendesk.com/embeddable/config — net::ERR_ABORTED
✅ [API RESPONSE   +85.84s] (461ms) 200 https://admin-dev.mediplanner.mx/api/profile/getProfile → {"status":"OK","data":{"id":467,"sNombre":"Walter","sPaterno":"Hartwell","sMaterno":"White","sCorreo":"dpichardo@rym-sol
✅ [API RESPONSE   +86.23s] (853ms) 200 https://admin-dev.mediplanner.mx/api/patients/getPatients → {"status":"OK","data":{"patients":[{"id":527,"iUsuarioDrId":467,"sImagen":"https://s3.amazonaws.com/s3.mediplanner.mx/us
✅ [API RESPONSE   +86.30s] (922ms) 200 https://admin-dev.mediplanner.mx/api/permissions/getPermissions → {"status":"OK","data":[{"id":1,"name":"Consultar","module":"Usuarios","module_id":1,"active":false},{"id":2,"name":"Crea
📤 [API REQUEST    +87.20s] POST https://admin-dev.mediplanner.mx/api/patients/getPatients
✅ [API RESPONSE   +88.55s] (1348ms) 200 https://admin-dev.mediplanner.mx/api/patients/getPatients → {"status":"OK","data":{"patients":[{"id":527,"iUsuarioDrId":467,"sImagen":"https://s3.amazonaws.com/s3.mediplanner.mx/us
📤 [API REQUEST    +90.35s] GET https://admin-dev.mediplanner.mx/api/profile/getProfile
📤 [API REQUEST    +90.35s] POST https://admin-dev.mediplanner.mx/api/appointments/getAppointmentTypes
📤 [API REQUEST    +90.35s] POST https://admin-dev.mediplanner.mx/api/consultations/getRecentVitalSigns
📤 [API REQUEST    +90.35s] POST https://admin-dev.mediplanner.mx/api/patients/getPatient
❌ [REQUEST FAILED +90.48s] https://www.google-analytics.com/g/collect?v=2&tid=G-ZVKJ9CWYCW&gtm=45je67u0h2v9248896219za200zd9248896219&_p=1785528823548&gcd=13l3l3l3l1l1&npa=0&dma=0&_eu=AEAAAAQ&ae=a&are=1&cid=1612722455.1785528732&frm=0&ngs=1&pscdl=noapi&rcb=14&sr=1536x960&uaa=x86&uab=64&uafvl=Chromium%3B145.0.7632.6%7CNot%253AA-Brand%3B99.0.0.0&uam=&uamb=0&uap=Windows&uapv=10.0&uaw=0&ul=en-us&_s=2&tag_exp=115938466~115938469~118897920~118897930~119527019~119896802&sid=1785528731&sct=1&seg=1&dl=https%3A%2F%2Fadmin-dev.mediplanner.mx%2FPacientes&dt=Mediplanner&en=scroll&epn.percent_scrolled=90&_et=1&tfd=5530 — net::ERR_ABORTED
✅ [API RESPONSE   +91.04s] (696ms) 200 https://admin-dev.mediplanner.mx/api/consultations/getRecentVitalSigns → {"status":"OK","data":{"presion":"120","oxigenacion":"99","temperatura":"36.5","peso":"77","imc":"23.25","frecuencia_car
✅ [API RESPONSE   +91.05s] (699ms) 200 https://admin-dev.mediplanner.mx/api/profile/getProfile → {"status":"OK","data":{"id":467,"sNombre":"Walter","sPaterno":"Hartwell","sMaterno":"White","sCorreo":"dpichardo@rym-sol
✅ [API RESPONSE   +91.05s] (706ms) 200 https://admin-dev.mediplanner.mx/api/appointments/getAppointmentTypes → {"status":"OK","data":[{"doctor_id":467,"relacion_id":1,"cita_nombre":"Consulta inicial","duracion":5,"producto_id":0,"u
✅ [API RESPONSE   +91.14s] (798ms) 200 https://admin-dev.mediplanner.mx/api/patients/getPatient → {"status":"OK","data":{"id":894,"iEstatusId":2,"sEstatus":"Aceptada","sImagen":"https://s3.amazonaws.com/s3.mediplanner.
📤 [API REQUEST    +91.20s] POST https://admin-dev.mediplanner.mx/api/catalogs/getCatalogs
📤 [API REQUEST    +91.20s] POST https://admin-dev.mediplanner.mx/api/patients/getPatient
✅ [API RESPONSE   +91.45s] (254ms) 200 https://admin-dev.mediplanner.mx/api/catalogs/getCatalogs → {"status":"OK","data":{"tipos_sexo":[{"id":1,"name":"Masculino"},{"id":2,"name":"Femenino"}],"tipos_estado_civil":[{"id"
❌ [REQUEST FAILED +91.55s] https://mediplanner-atencion.zendesk.com/frontendevents/pv?client=1B752747-577B-429A-A0E0-83861AF69088 — net::ERR_ABORTED
✅ [API RESPONSE   +91.56s] (363ms) 200 https://admin-dev.mediplanner.mx/api/patients/getPatient → {"status":"OK","data":{"id":894,"iEstatusId":2,"sEstatus":"Aceptada","sImagen":"https://s3.amazonaws.com/s3.mediplanner.
📤 [API REQUEST    +92.93s] POST https://admin-dev.mediplanner.mx/api/vaccines/getVaccines
📤 [API REQUEST    +93.20s] POST https://admin-dev.mediplanner.mx/api/patients/getPatient
✅ [API RESPONSE   +93.20s] (265ms) 200 https://admin-dev.mediplanner.mx/api/vaccines/getVaccines → {"status":"OK","data":[{"tipo":"Básicas","tipo_id":1,"vacunas":[{"id":1,"nombre":"BCG","descripcion":"Protege contra la 
📤 [API REQUEST    +93.61s] POST https://admin-dev.mediplanner.mx/api/vaccines/getVaccinesUser
✅ [API RESPONSE   +93.60s] (404ms) 200 https://admin-dev.mediplanner.mx/api/patients/getPatient → {"status":"OK","data":{"id":894,"iEstatusId":2,"sEstatus":"Aceptada","sImagen":"https://s3.amazonaws.com/s3.mediplanner.
✅ [API RESPONSE   +93.82s] (215ms) 200 https://admin-dev.mediplanner.mx/api/vaccines/getVaccinesUser → {"status":"OK","data":[[{"id":5,"secuencia":52,"nombre":"HEXAVALENTE","descripcion":"Protege Difteria, Tétanos, Tos feri
❌ [REQUEST FAILED +96.42s] https://www.google-analytics.com/g/collect?v=2&tid=G-ZVKJ9CWYCW&gtm=45je67u0h2v9248896219za200zd9248896219&_p=1785528823548&gcd=13l3l3l3l1l1&npa=0&dma=0&_eu=AEAAAAQ&ae=a&are=1&cid=1612722455.1785528732&frm=0&ngs=1&pscdl=noapi&rcb=14&sr=1536x960&uaa=x86&uab=64&uafvl=Chromium%3B145.0.7632.6%7CNot%253AA-Brand%3B99.0.0.0&uam=&uamb=0&uap=Windows&uapv=10.0&uaw=0&ul=en-us&_s=3&tag_exp=115938466~115938469~118897920~118897930~119527019~119896802&dl=https%3A%2F%2Fadmin-dev.mediplanner.mx%2FPacientes%2FDashboard&dr=https%3A%2F%2Fadmin-dev.mediplanner.mx%2FPacientes&sid=1785528731&sct=1&seg=1&dt=Mediplanner&en=page_view&_et=5912&tfd=11441 — net::ERR_ABORTED
✅ Post-borrado tras refrescar → dosis registradas: 32, filas otra-vacuna: 32
  x  2 [vacunacion-ciclo-completo] › tests\vacunacion.ciclo-completo.spec.ts:154:5 › Vacunación: ciclo completo borrar-todo → vacío → registrar-todo → verificar (1.6m)


  1) [vacunacion-ciclo-completo] › tests\vacunacion.ciclo-completo.spec.ts:154:5 › Vacunación: ciclo completo borrar-todo → vacío → registrar-todo → verificar › VERIFICAR vacío (tras refrescar) 

    Error: Tras borrar y refrescar no debe quedar ninguna dosis registrada

    [2mexpect([22m[31mreceived[39m[2m).[22mtoBe[2m([22m[32mexpected[39m[2m) // Object.is equality[22m

    Expected: [32m0[39m
    Received: [31m32[39m

      264 |     console.log(`✅ Post-borrado tras refrescar → dosis registradas: ${reg}, filas otra-vacuna: ${otras}`);
      265 |     await page.screenshot({ path: 'test-results/vac-ciclo-01-vacio.png', fullPage: true });
    > 266 |     expect(reg, 'Tras borrar y refrescar no debe quedar ninguna dosis registrada').toBe(0);
          |                                                                                    ^
      267 |     if (otras > 0) note(`Tras borrar y refrescar quedaron ${otras} fila(s) de "otra vacuna" (el borrado no persistió)`);
      268 |   });
      269 |
        at C:\Users\pandr\OneDrive\00_Pedro_Quijada\03_RYM-Solutions\Repositorios\MediplannerWebNuevo\tests\vacunacion.ciclo-completo.spec.ts:266:84
        at C:\Users\pandr\OneDrive\00_Pedro_Quijada\03_RYM-Solutions\Repositorios\MediplannerWebNuevo\tests\vacunacion.ciclo-completo.spec.ts:260:3

    attachment #1: screenshot (image/png) ──────────────────────────────────────────────────────────
    test-results\vacunacion.ciclo-completo--2355f--registrar-todo-→-verificar-vacunacion-ciclo-completo\test-failed-1.png
    ────────────────────────────────────────────────────────────────────────────────────────────────

    Error Context: test-results\vacunacion.ciclo-completo--2355f--registrar-todo-→-verificar-vacunacion-ciclo-completo\error-context.md

  1 failed
    [vacunacion-ciclo-completo] › tests\vacunacion.ciclo-completo.spec.ts:154:5 › Vacunación: ciclo completo borrar-todo → vacío → registrar-todo → verificar 
  1 passed (1.8m)
=== FIN PROYECTO vuelta=2 proyecto=vacunacion-ciclo-completo exit=1 14:13:57 ===
=== INICIO PROYECTO vuelta=2 proyecto=subir-estudios 14:13:57 ===
[dotenv@17.3.1] injecting env (4) from .env -- tip: ⚙️  load multiple .env files with { path: ['.env.local', '.env'] }

Running 1 test using 1 worker

[dotenv@17.3.1] injecting env (0) from .env -- tip: ⚙️  specify custom .env file path with { path: '/custom/path/.env' }
[2026-07-31T20:14:00.461Z] ℹ️  Navegando al Dashboard...
  x  1 [subir-estudios] › tests\subir-estudios.spec.ts:7:7 › Subir Estudios › Acceder a estudios del paciente (31.7s)


  1) [subir-estudios] › tests\subir-estudios.spec.ts:7:7 › Subir Estudios › Acceder a estudios del paciente 

    TimeoutError: page.waitForLoadState: Timeout 30000ms exceeded.

      14 |     await page.goto('/Dashboard');
      15 |     await expect(page).toHaveURL(/Dashboard/);
    > 16 |     await page.waitForLoadState('networkidle');
         |                ^
      17 |     await page.waitForTimeout(2000);
      18 |
      19 |     // 2. Dar clic en "Pacientes" desde la barra lateral
        at C:\Users\pandr\OneDrive\00_Pedro_Quijada\03_RYM-Solutions\Repositorios\MediplannerWebNuevo\tests\subir-estudios.spec.ts:16:16

    attachment #1: screenshot (image/png) ──────────────────────────────────────────────────────────
    test-results\subir-estudios-Subir-Estud-99ee6-der-a-estudios-del-paciente-subir-estudios\test-failed-1.png
    ────────────────────────────────────────────────────────────────────────────────────────────────

    Error Context: test-results\subir-estudios-Subir-Estud-99ee6-der-a-estudios-del-paciente-subir-estudios\error-context.md

  1 failed
    [subir-estudios] › tests\subir-estudios.spec.ts:7:7 › Subir Estudios › Acceder a estudios del paciente 
=== FIN PROYECTO vuelta=2 proyecto=subir-estudios exit=1 14:14:32 ===
=== INICIO PROYECTO vuelta=2 proyecto=stress-diagnosticos 14:14:32 ===
[dotenv@17.3.1] injecting env (4) from .env -- tip: ⚙️  suppress all logs with { quiet: true }

Running 2 tests using 1 worker

[dotenv@17.3.1] injecting env (0) from .env -- tip: ⚡️ secrets for agents: https://dotenvx.com/as2
🔐 Iniciando proceso de autenticación...
🌐 URL base: https://admin-dev.mediplanner.mx/
📧 Email: dr.***@gmail.com
✅ Navegación exitosa a la página principal
⏳ Esperando formulario de login...
✅ Formulario de login detectado
✅ Campo email llenado
✅ Campo contraseña llenado
✅ Botón de login clickeado
✅ Página principal cargada
✅ Autenticación exitosa - Redirigido fuera de login
✅ Sesión guardada en storageState.json
  ok 1 [setup] › tests\auth.setup.ts:7:6 › authenticate (5.8s)
[dotenv@17.3.1] injecting env (0) from .env -- tip: 🔐 encrypt with Dotenvx: https://dotenvx.com
🔍 [MONITOR] DevTools monitor activo


🚀 === STRESS TEST - DIAGNÓSTICOS DEL PACIENTE ===

📋 Navegando a /Pacientes...
❌ [REQUEST FAILED +0.82s] https://www.google-analytics.com/g/collect?v=2&tid=G-ZVKJ9CWYCW&gtm=45je67t1v9248896219za200zd9248896219&_p=1785528883643&gcd=13l3l3l3l1l1&npa=0&dma=0&_eu=AAAAAAQ&are=1&cid=295800714.1785528876&frm=0&ngs=1&pscdl=noapi&rcb=7&sr=1536x960&uaa=x86&uab=64&uafvl=Chromium%3B145.0.7632.6%7CNot%253AA-Brand%3B99.0.0.0&uam=&uamb=0&uap=Windows&uapv=10.0&uaw=0&ul=en-us&_s=1&tag_exp=115938466~115938469~118897920~118897930~119337768~119896802&sid=1785528876&sct=1&seg=1&dl=https%3A%2F%2Fadmin-dev.mediplanner.mx%2FPacientes&dt=Mediplanner&en=page_view&_ee=1&tfd=663 — net::ERR_ABORTED
❌ [REQUEST FAILED +1.99s] https://mediplanner-atencion.zendesk.com/frontendevents/pv?client=1B752747-577B-429A-A0E0-83861AF69088 — net::ERR_ABORTED
📋 Buscando paciente: Daniela Jiménez Durán...
📤 [API REQUEST    +3.97s] POST https://admin-dev.mediplanner.mx/api/permissions/getPermissions
📤 [API REQUEST    +3.97s] GET https://admin-dev.mediplanner.mx/api/profile/getProfile
📋 ⚠ Paciente no encontrado, seleccionando primero...
✅ [API RESPONSE   +4.43s] (458ms) 200 https://admin-dev.mediplanner.mx/api/permissions/getPermissions → {"status":"OK","data":[{"id":1,"name":"Consultar","module":"Usuarios","module_id":1,"active":false},{"id":2,"name":"Crea
✅ [API RESPONSE   +4.44s] (466ms) 200 https://admin-dev.mediplanner.mx/api/profile/getProfile → {"status":"OK","data":{"id":467,"sNombre":"Walter","sPaterno":"Hartwell","sMaterno":"White","sCorreo":"dpichardo@rym-sol
📤 [API REQUEST    +4.46s] POST https://admin-dev.mediplanner.mx/api/patients/getPatients
✅ [API RESPONSE   +5.16s] (700ms) 200 https://admin-dev.mediplanner.mx/api/patients/getPatients → {"status":"OK","data":{"patients":[{"id":527,"iUsuarioDrId":467,"sImagen":"https://s3.amazonaws.com/s3.mediplanner.mx/us
❌ [REQUEST FAILED +5.76s] https://www.google-analytics.com/g/collect?v=2&tid=G-ZVKJ9CWYCW&gtm=45je67t1v9248896219za200zd9248896219&_p=1785528883643&gcd=13l3l3l3l1l1&npa=0&dma=0&_eu=AEAAAAQ&ae=a&are=1&cid=295800714.1785528876&frm=0&ngs=1&pscdl=noapi&rcb=7&sr=1536x960&uaa=x86&uab=64&uafvl=Chromium%3B145.0.7632.6%7CNot%253AA-Brand%3B99.0.0.0&uam=&uamb=0&uap=Windows&uapv=10.0&uaw=0&ul=en-us&_s=2&tag_exp=115938466~115938469~118897920~118897930~119337768~119896802&sid=1785528876&sct=1&seg=1&dl=https%3A%2F%2Fadmin-dev.mediplanner.mx%2FPacientes&dt=Mediplanner&en=scroll&epn.percent_scrolled=90&_et=4&tfd=5671 — net::ERR_ABORTED
  x  2 [stress-diagnosticos] › tests\stress tests\diagnosticos.stress.test.ts:539:7 › Diagnósticos del Paciente - Stress Tests › Stress Test Diagnósticos (19.8s)


  1) [stress-diagnosticos] › tests\stress tests\diagnosticos.stress.test.ts:539:7 › Diagnósticos del Paciente - Stress Tests › Stress Test Diagnósticos 

    TimeoutError: locator.click: Timeout 15000ms exceeded.
    Call log:
    [2m  - waiting for locator('a.font-semibold, a[class*="patient"], tr td a, [class*="nombre"] a, a[href*="Paciente"]').first()[22m


      587 |     if (!selectedPatient) {
      588 |       console.log(`📋 ⚠ Paciente no encontrado, seleccionando primero...`);
    > 589 |       await patientLinks.first().click();
          |                                  ^
      590 |     }
      591 |
      592 |     await page.waitForTimeout(3000);
        at C:\Users\pandr\OneDrive\00_Pedro_Quijada\03_RYM-Solutions\Repositorios\MediplannerWebNuevo\tests\stress tests\diagnosticos.stress.test.ts:589:34

    attachment #1: screenshot (image/png) ──────────────────────────────────────────────────────────
    test-results\stress tests-diagnosticos.-f28f4-ts-Stress-Test-Diagnósticos-stress-diagnosticos\test-failed-1.png
    ────────────────────────────────────────────────────────────────────────────────────────────────

    Error Context: test-results\stress tests-diagnosticos.-f28f4-ts-Stress-Test-Diagnósticos-stress-diagnosticos\error-context.md

  1 failed
    [stress-diagnosticos] › tests\stress tests\diagnosticos.stress.test.ts:539:7 › Diagnósticos del Paciente - Stress Tests › Stress Test Diagnósticos 
  1 passed (29.5s)
=== FIN PROYECTO vuelta=2 proyecto=stress-diagnosticos exit=1 14:15:03 ===
=== INICIO PROYECTO vuelta=2 proyecto=doctor-consultation 14:15:03 ===
[dotenv@17.3.1] injecting env (4) from .env -- tip: ⚙️  load multiple .env files with { path: ['.env.local', '.env'] }

Running 2 tests using 1 worker

[dotenv@17.3.1] injecting env (0) from .env -- tip: 🛡️ auth for agents: https://vestauth.com
🔐 Iniciando proceso de autenticación...
🌐 URL base: https://admin-dev.mediplanner.mx/
📧 Email: dr.***@gmail.com
✅ Navegación exitosa a la página principal
⏳ Esperando formulario de login...
✅ Formulario de login detectado
✅ Campo email llenado
✅ Campo contraseña llenado
✅ Botón de login clickeado
✅ Página principal cargada
✅ Autenticación exitosa - Redirigido fuera de login
✅ Sesión guardada en storageState.json
  ok 1 [setup] › tests\auth.setup.ts:7:6 › authenticate (5.5s)
[dotenv@17.3.1] injecting env (0) from .env -- tip: ⚙️  override existing env vars with { override: true }
🔍 [MONITOR] DevTools monitor activo — capturando consola y red...

🎯 Paciente objetivo: "Percentil Prueba Prueba" — set #1 (peso=13 talla=92 perímetro=48)
📅 Creando cita para "Percentil Prueba Prueba"...
[2026-07-31T20:15:13.846Z] ℹ️  Explorando próximos 5 días para registrar una cita...
[2026-07-31T20:15:13.847Z] ℹ️  Paciente objetivo de la cita: "Percentil"
❌ [REQUEST FAILED +0.75s] https://www.google-analytics.com/g/collect?v=2&tid=G-ZVKJ9CWYCW&gtm=45je67t1v9248896219za200zd9248896219&_p=1785528914081&gcd=13l3l3l3l1l1&npa=0&dma=0&_eu=AAAAAAQ&are=1&cid=1224622135.1785528908&frm=0&ngs=1&pscdl=noapi&rcb=9&sr=1536x960&uaa=x86&uab=64&uafvl=Chromium%3B145.0.7632.6%7CNot%253AA-Brand%3B99.0.0.0&uam=&uamb=0&uap=Windows&uapv=10.0&uaw=0&ul=en-us&_s=1&tag_exp=115938465~115938468~118897920~118897930~119527020~119896803&sid=1785528907&sct=1&seg=1&dl=https%3A%2F%2Fadmin-dev.mediplanner.mx%2FCitas&dt=Mediplanner&en=page_view&_ee=1&tfd=609 — net::ERR_ABORTED
❌ [REQUEST FAILED +2.36s] https://mediplanner-atencion.zendesk.com/frontendevents/pv?client=1B752747-577B-429A-A0E0-83861AF69088 — net::ERR_ABORTED
📤 [API REQUEST    +3.45s] POST https://admin-dev.mediplanner.mx/api/permissions/getPermissions
📤 [API REQUEST    +3.45s] GET https://admin-dev.mediplanner.mx/api/profile/getProfile
✅ [API RESPONSE   +3.91s] (462ms) 200 https://admin-dev.mediplanner.mx/api/permissions/getPermissions → {"status":"OK","data":[{"id":1,"name":"Consultar","module":"Usuarios","module_id":1,"active":false},{"id":2,"name":"Crea
📤 [API REQUEST    +3.98s] POST https://admin-dev.mediplanner.mx/api/appointments/getFilteredAppointments
✅ [API RESPONSE   +3.93s] (474ms) 200 https://admin-dev.mediplanner.mx/api/profile/getProfile → {"status":"OK","data":{"id":467,"sNombre":"Walter","sPaterno":"Hartwell","sMaterno":"White","sCorreo":"dpichardo@rym-sol
✅ [API RESPONSE   +5.04s] (1063ms) 200 https://admin-dev.mediplanner.mx/api/appointments/getFilteredAppointments → {"status":"OK","data":[{"title":"Consulta inicial","doctor_id":467,"doctor_name":"Dr.Walter Hartwell White","doctor_img"
❌ [REQUEST FAILED +5.71s] https://www.google-analytics.com/g/collect?v=2&tid=G-ZVKJ9CWYCW&gtm=45je67t1v9248896219za200zd9248896219&_p=1785528914081&gcd=13l3l3l3l1l1&npa=0&dma=0&_eu=AEAAAAQ&ae=a&are=1&cid=1224622135.1785528908&frm=0&ngs=1&pscdl=noapi&rcb=9&sr=1536x960&uaa=x86&uab=64&uafvl=Chromium%3B145.0.7632.6%7CNot%253AA-Brand%3B99.0.0.0&uam=&uamb=0&uap=Windows&uapv=10.0&uaw=0&ul=en-us&_s=2&tag_exp=115938465~115938468~118897920~118897930~119527020~119896803&sid=1785528907&sct=1&seg=1&dl=https%3A%2F%2Fadmin-dev.mediplanner.mx%2FCitas&dt=Mediplanner&en=scroll&epn.percent_scrolled=90&_et=3&tfd=5619 — net::ERR_ABORTED
[2026-07-31T20:15:21.440Z] ℹ️  Buscando botón "Agendar cita"...
❌ [REQUEST FAILED +7.93s] https://mediplanner-atencion.zendesk.com/frontendevents/pv?client=1B752747-577B-429A-A0E0-83861AF69088 — net::ERR_ABORTED
🔴 [DEVTOOLS ERROR +8.12s] data-stepper-next not found
📤 [API REQUEST    +8.12s] POST https://admin-dev.mediplanner.mx/api/patients/getPatients
📤 [API REQUEST    +8.13s] POST https://admin-dev.mediplanner.mx/api/appointments/getAppointmentTypes
[2026-07-31T20:15:22.016Z] ℹ️  Comboboxes en wizard: 1
✅ [API RESPONSE   +8.52s] (394ms) 200 https://admin-dev.mediplanner.mx/api/appointments/getAppointmentTypes → {"status":"OK","data":[{"doctor_id":467,"relacion_id":1,"cita_nombre":"Consulta inicial","duracion":5,"producto_id":0,"u
✅ [API RESPONSE   +8.73s] (602ms) 200 https://admin-dev.mediplanner.mx/api/patients/getPatients → {"status":"OK","data":{"patients":[{"id":527,"iUsuarioDrId":467,"sImagen":"https://s3.amazonaws.com/s3.mediplanner.mx/us
📤 [API REQUEST    +9.02s] POST https://admin-dev.mediplanner.mx/api/patients/getPatients
[2026-07-31T20:15:22.917Z] ℹ️  Buscando: "Percentil" (intento 1/5)...
✅ [API RESPONSE   +9.54s] (523ms) 200 https://admin-dev.mediplanner.mx/api/patients/getPatients → {"status":"OK","data":{"patients":[{"id":903,"iUsuarioDrId":467,"sImagen":"","sNombre":"Percentil","sPaterno":"Prueba","
[2026-07-31T20:15:24.952Z] ℹ️  Opciones encontradas: 1
[2026-07-31T20:15:25.083Z] ✅ Opción seleccionada (coincide "Percentil"): "Percentil Prueba Prueba"
❌ [REQUEST FAILED +13.79s] https://www.google-analytics.com/g/collect?v=2&tid=G-ZVKJ9CWYCW&gtm=45je67t1v9248896219za200zd9248896219&_p=1785528914081&gcd=13l3l3l3l1l1&npa=0&dma=0&_eu=AEAAAAQ&ae=a&are=1&cid=1224622135.1785528908&frm=0&ngs=1&pscdl=noapi&rcb=9&sr=1536x960&uaa=x86&uab=64&uafvl=Chromium%3B145.0.7632.6%7CNot%253AA-Brand%3B99.0.0.0&uam=&uamb=0&uap=Windows&uapv=10.0&uaw=0&ul=en-us&_s=3&tag_exp=115938465~115938468~118897920~118897930~119527020~119896803&dl=https%3A%2F%2Fadmin-dev.mediplanner.mx%2FCitas%2FCrearCita&dr=https%3A%2F%2Fadmin-dev.mediplanner.mx%2FCitas&sid=1785528907&sct=1&seg=1&dt=Mediplanner&en=page_view&_et=8079&tfd=13707 — net::ERR_ABORTED
[2026-07-31T20:15:28.266Z] ℹ️  Selects en paso 2: 2
[2026-07-31T20:15:28.275Z] ℹ️  Opciones tipo consulta: 4
[2026-07-31T20:15:29.890Z] ℹ️  Opciones hospital: 6
[2026-07-31T20:15:31.084Z] ℹ️  Buscando input de fecha...
[2026-07-31T20:15:33.116Z] ✅ Input de fecha encontrado con selector: input[type="date"]
[2026-07-31T20:15:33.126Z] ℹ️  Intentando registrar cita en: 2026-07-31
📤 [API REQUEST    +19.32s] POST https://admin-dev.mediplanner.mx/api/appointments/getFreeSchedules
✅ [API RESPONSE   +20.09s] (768ms) 200 https://admin-dev.mediplanner.mx/api/appointments/getFreeSchedules → {"status":"OK","data":[]}
[2026-07-31T20:15:35.252Z] ⚠️  No hay horas disponibles en 2026-07-31
[2026-07-31T20:15:35.253Z] ℹ️  Intentando registrar cita en: 2026-08-01
📤 [API REQUEST    +21.45s] POST https://admin-dev.mediplanner.mx/api/appointments/getFreeSchedules
✅ [API RESPONSE   +21.84s] (390ms) 200 https://admin-dev.mediplanner.mx/api/appointments/getFreeSchedules → {"status":"OK","data":[]}
[2026-07-31T20:15:37.396Z] ⚠️  No hay horas disponibles en 2026-08-01
[2026-07-31T20:15:37.396Z] ℹ️  Intentando registrar cita en: 2026-08-02
📤 [API REQUEST    +23.60s] POST https://admin-dev.mediplanner.mx/api/appointments/getFreeSchedules
✅ [API RESPONSE   +23.99s] (394ms) 200 https://admin-dev.mediplanner.mx/api/appointments/getFreeSchedules → {"status":"OK","data":[]}
[2026-07-31T20:15:39.526Z] ⚠️  No hay horas disponibles en 2026-08-02
[2026-07-31T20:15:39.526Z] ℹ️  Intentando registrar cita en: 2026-08-03
📤 [API REQUEST    +25.72s] POST https://admin-dev.mediplanner.mx/api/appointments/getFreeSchedules
✅ [API RESPONSE   +26.13s] (411ms) 200 https://admin-dev.mediplanner.mx/api/appointments/getFreeSchedules → {"status":"OK","data":[{"hora_inicio":"10:15:00","hora_fin":"10:20:00"},{"hora_inicio":"10:20:00","hora_fin":"10:25:00"}
[2026-07-31T20:15:41.639Z] ✅ Horas disponibles en 2026-08-03: 186
[2026-07-31T20:15:41.662Z] ℹ️  Intentando seleccionar hora: 10:15
[2026-07-31T20:15:42.809Z] ✅ Hora seleccionada exitosamente
📤 [API REQUEST    +30.27s] POST https://admin-dev.mediplanner.mx/api/appointments/createAppointment
✅ [API RESPONSE   +33.10s] (2831ms) 200 https://admin-dev.mediplanner.mx/api/appointments/createAppointment → {"status":"OK","data":{"relacion_id":605,"message":"Cita creada correctamente"}}
[2026-07-31T20:15:47.114Z] ✅ Cita registrada exitosamente en 2026-08-03
🏠 Volviendo a Dashboard para iniciar SU cita...
❌ [REQUEST FAILED +33.42s] https://mediplanner-atencion.zendesk.com/frontendevents/dl?client=1B752747-577B-429A-A0E0-83861AF69088 — net::ERR_ABORTED
❌ [REQUEST FAILED +33.42s] https://p.clarity.ms/collect — net::ERR_ABORTED
❌ [REQUEST FAILED +33.42s] https://www.google-analytics.com/g/collect?v=2&tid=G-ZVKJ9CWYCW&gtm=45je67t1v9248896219za200zd9248896219&_p=1785528914081&gcd=13l3l3l3l1l1&npa=0&dma=0&_eu=AAAAAAQ&are=1&cid=1224622135.1785528908&frm=0&ngs=1&pscdl=noapi&rcb=9&sr=1536x960&uaa=x86&uab=64&uafvl=Chromium%3B145.0.7632.6%7CNot%253AA-Brand%3B99.0.0.0&uam=&uamb=0&uap=Windows&uapv=10.0&uaw=0&ul=en-us&_s=4&tag_exp=115938465~115938468~118897920~118897930~119527020~119896803&sid=1785528907&sct=1&seg=1&dl=https%3A%2F%2Fadmin-dev.mediplanner.mx%2FCitas%2FCrearCita&dr=https%3A%2F%2Fadmin-dev.mediplanner.mx%2FCitas&dt=Mediplanner&en=user_engagement&_et=24689&tfd=33387 — net::ERR_ABORTED
❌ [REQUEST FAILED +33.75s] https://mediplanner-atencion.zendesk.com/embeddable/config — net::ERR_ABORTED
❌ [REQUEST FAILED +33.80s] https://mediplanner-atencion.zendesk.com/frontendevents/pv?client=1B752747-577B-429A-A0E0-83861AF69088 — net::ERR_ABORTED
❌ [REQUEST FAILED +33.80s] https://www.google-analytics.com/g/collect?v=2&tid=G-ZVKJ9CWYCW&gtm=45je67t1v9248896219za200zd9248896219&_p=1785528947382&gcd=13l3l3l3l1l1&npa=0&dma=0&_eu=AAAAAAQ&are=1&cid=1224622135.1785528908&frm=0&ngs=1&pscdl=noapi&rcb=11&sr=1536x960&uaa=x86&uab=64&uafvl=Chromium%3B145.0.7632.6%7CNot%253AA-Brand%3B99.0.0.0&uam=&uamb=0&uap=Windows&uapv=10.0&uaw=0&ul=en-us&_s=1&tag_exp=115616985~115938466~115938468~118897920~118897930~119896802~120222309&sid=1785528907&sct=1&seg=1&dl=https%3A%2F%2Fadmin-dev.mediplanner.mx%2FDashboard&dt=Mediplanner&en=page_view&_ee=1&tfd=417 — net::ERR_ABORTED
📤 [API REQUEST    +34.09s] POST https://admin-dev.mediplanner.mx/api/permissions/getPermissions
📤 [API REQUEST    +34.09s] GET https://admin-dev.mediplanner.mx/api/profile/getProfile
📤 [API REQUEST    +34.48s] POST https://admin-dev.mediplanner.mx/api/appointments/getFilteredAppointments
📤 [API REQUEST    +34.48s] POST https://admin-dev.mediplanner.mx/api/dashboard/getDashboardData
📤 [API REQUEST    +34.48s] POST https://admin-dev.mediplanner.mx/api/procedures/getLastProceduresFilesByDoctorId
📤 [API REQUEST    +34.48s] POST https://admin-dev.mediplanner.mx/api/dashboard/getDashboardPayments
📤 [API REQUEST    +34.48s] POST https://admin-dev.mediplanner.mx/api/wizard/getActiveStep
📤 [API REQUEST    +34.50s] POST https://admin-dev.mediplanner.mx/api/appointments/getAppointmentCount
✅ [API RESPONSE   +34.63s] (543ms) 200 https://admin-dev.mediplanner.mx/api/permissions/getPermissions → {"status":"OK","data":[{"id":1,"name":"Consultar","module":"Usuarios","module_id":1,"active":false},{"id":2,"name":"Crea
✅ [API RESPONSE   +34.83s] (743ms) 200 https://admin-dev.mediplanner.mx/api/profile/getProfile → {"status":"OK","data":{"id":467,"sNombre":"Walter","sPaterno":"Hartwell","sMaterno":"White","sCorreo":"dpichardo@rym-sol
✅ [API RESPONSE   +35.03s] (555ms) 200 https://admin-dev.mediplanner.mx/api/procedures/getLastProceduresFilesByDoctorId → {"status":"OK","data":{"procedimientos":[{"paciente_id":894,"paciente_nombre":"Agustin Tapia Nievas","procedimiento_id":
✅ [API RESPONSE   +35.10s] (616ms) 200 https://admin-dev.mediplanner.mx/api/wizard/getActiveStep → {"status":"OK","data":{"activeStep":5,"date":"2026-07-31 14:14:13"}}
✅ [API RESPONSE   +35.18s] (705ms) 200 https://admin-dev.mediplanner.mx/api/dashboard/getDashboardData → {"status":"OK","data":{"monthConsultations":{"count":68,"percentage":0},"recurring":{"count":15,"percentage":650},"patie
✅ [API RESPONSE   +35.19s] (685ms) 200 https://admin-dev.mediplanner.mx/api/appointments/getAppointmentCount → {"status":"OK","data":[{"date":"2026-07-01","count":0},{"date":"2026-07-02","count":0},{"date":"2026-07-03","count":0},{
✅ [API RESPONSE   +35.32s] (837ms) 200 https://admin-dev.mediplanner.mx/api/dashboard/getDashboardPayments → {"status":"OK","data":{"grafica_actual":[{"etiqueta":"Viernes","total_pagos":0,"monto":0}],"grafica_anterior":[{"etiquet
✅ [API RESPONSE   +35.64s] (1161ms) 200 https://admin-dev.mediplanner.mx/api/appointments/getFilteredAppointments → {"status":"OK","data":[]}
❌ [REQUEST FAILED +35.76s] https://mediplanner-atencion.zendesk.com/frontendevents/pv?client=1B752747-577B-429A-A0E0-83861AF69088 — net::ERR_ABORTED
[2026-07-31T20:15:50.036Z] ℹ️  Buscando botón Iniciar para "Percentil" en los próximos 5 días...
📤 [API REQUEST    +36.31s] POST https://admin-dev.mediplanner.mx/api/wizard/getActiveStep
❌ [REQUEST FAILED +36.35s] https://p.clarity.ms/collect — net::ERR_ABORTED
❌ [REQUEST FAILED +36.35s] https://admin-dev.mediplanner.mx/api/wizard/getActiveStep — net::ERR_ABORTED
❌ [REQUEST FAILED +36.35s] https://www.google-analytics.com/g/collect?v=2&tid=G-ZVKJ9CWYCW&gtm=45je67t1v9248896219za200zd9248896219&_p=1785528947382&gcd=13l3l3l3l1l1&npa=0&dma=0&_eu=AEAAAAQ&ae=a&are=1&cid=1224622135.1785528908&frm=0&ngs=1&pscdl=noapi&rcb=11&sr=1536x960&uaa=x86&uab=64&uafvl=Chromium%3B145.0.7632.6%7CNot%253AA-Brand%3B99.0.0.0&uam=&uamb=0&uap=Windows&uapv=10.0&uaw=0&ul=en-us&tag_exp=115616985~115938466~115938468~118897920~118897930~119896802~120222309&sid=1785528907&sct=1&seg=1&dl=https%3A%2F%2Fadmin-dev.mediplanner.mx%2FDashboard&dt=Mediplanner&_s=2&tfd=3041 — net::ERR_ABORTED
📤 [API REQUEST    +36.64s] POST https://admin-dev.mediplanner.mx/api/permissions/getPermissions
📤 [API REQUEST    +36.64s] GET https://admin-dev.mediplanner.mx/api/profile/getProfile
📤 [API REQUEST    +36.64s] POST https://admin-dev.mediplanner.mx/api/appointments/getFilteredAppointments
📤 [API REQUEST    +36.65s] POST https://admin-dev.mediplanner.mx/api/dashboard/getDashboardData
📤 [API REQUEST    +36.65s] POST https://admin-dev.mediplanner.mx/api/procedures/getLastProceduresFilesByDoctorId
📤 [API REQUEST    +36.65s] POST https://admin-dev.mediplanner.mx/api/dashboard/getDashboardPayments
📤 [API REQUEST    +36.65s] POST https://admin-dev.mediplanner.mx/api/appointments/getAppointmentCount
❌ [REQUEST FAILED +36.74s] https://mediplanner-atencion.zendesk.com/frontendevents/pv?client=1B752747-577B-429A-A0E0-83861AF69088 — net::ERR_ABORTED
[2026-07-31T20:15:50.688Z] ⚠️  Calendario del Dashboard no renderizó (intento 1/3), recargando...
❌ [REQUEST FAILED +37.40s] https://admin-dev.mediplanner.mx/api/dashboard/getDashboardPayments — net::ERR_ABORTED
❌ [REQUEST FAILED +37.40s] https://admin-dev.mediplanner.mx/api/appointments/getAppointmentCount — net::ERR_ABORTED
❌ [REQUEST FAILED +37.40s] https://p.clarity.ms/collect — net::ERR_ABORTED
❌ [REQUEST FAILED +37.40s] https://admin-dev.mediplanner.mx/api/appointments/getFilteredAppointments — net::ERR_ABORTED
❌ [REQUEST FAILED +37.40s] https://www.google-analytics.com/g/collect?v=2&tid=G-ZVKJ9CWYCW&gtm=45je67t1v9248896219za200zd9248896219&_p=1785528950275&gcd=13l3l3l3l1l1&npa=0&dma=0&_eu=AAAAAAQ&are=1&cid=1224622135.1785528908&frm=0&ngs=1&pscdl=noapi&rcb=3&sr=1536x960&uaa=x86&uab=64&uafvl=Chromium%3B145.0.7632.6%7CNot%253AA-Brand%3B99.0.0.0&uam=&uamb=0&uap=Windows&uapv=10.0&uaw=0&ul=en-us&_s=1&tag_exp=115616986~115938465~115938468~118897920~118897930~119896803&sid=1785528907&sct=1&seg=1&dl=https%3A%2F%2Fadmin-dev.mediplanner.mx%2FDashboard&dt=Mediplanner&en=page_view&_ee=1&tfd=1179 — net::ERR_ABORTED
✅ [API RESPONSE   +37.17s] (529ms) 200 https://admin-dev.mediplanner.mx/api/dashboard/getDashboardData
✅ [API RESPONSE   +37.30s] (651ms) 200 https://admin-dev.mediplanner.mx/api/procedures/getLastProceduresFilesByDoctorId
✅ [API RESPONSE   +37.37s] (726ms) 200 https://admin-dev.mediplanner.mx/api/permissions/getPermissions
✅ [API RESPONSE   +37.38s] (739ms) 200 https://admin-dev.mediplanner.mx/api/profile/getProfile
❌ [REQUEST FAILED +37.65s] https://www.google-analytics.com/g/collect?v=2&tid=G-ZVKJ9CWYCW&gtm=45je67t1v9248896219za200zd9248896219&_p=1785528951331&gcd=13l3l3l3l1l1&npa=0&dma=0&_eu=AAAAAAQ&are=1&cid=1224622135.1785528908&frm=0&ngs=1&pscdl=noapi&rcb=1&sr=1536x960&uaa=x86&uab=64&uafvl=Chromium%3B145.0.7632.6%7CNot%253AA-Brand%3B99.0.0.0&uam=&uamb=0&uap=Windows&uapv=10.0&uaw=0&ul=en-us&_s=1&tag_exp=115938466~115938468~118897920~118897930~119793972~119896803&sid=1785528907&sct=1&seg=1&dl=https%3A%2F%2Fadmin-dev.mediplanner.mx%2FDashboard&dt=Mediplanner&en=page_view&_ee=1&tfd=705 — net::ERR_ABORTED
📤 [API REQUEST    +37.77s] POST https://admin-dev.mediplanner.mx/api/permissions/getPermissions
📤 [API REQUEST    +37.77s] GET https://admin-dev.mediplanner.mx/api/profile/getProfile
📤 [API REQUEST    +37.77s] POST https://admin-dev.mediplanner.mx/api/appointments/getFilteredAppointments
📤 [API REQUEST    +37.77s] POST https://admin-dev.mediplanner.mx/api/dashboard/getDashboardData
📤 [API REQUEST    +37.77s] POST https://admin-dev.mediplanner.mx/api/procedures/getLastProceduresFilesByDoctorId
📤 [API REQUEST    +37.77s] POST https://admin-dev.mediplanner.mx/api/dashboard/getDashboardPayments
❌ [REQUEST FAILED +37.77s] https://mediplanner-atencion.zendesk.com/frontendevents/pv?client=1B752747-577B-429A-A0E0-83861AF69088 — net::ERR_ABORTED
📤 [API REQUEST    +37.79s] POST https://admin-dev.mediplanner.mx/api/appointments/getAppointmentCount
✅ [API RESPONSE   +38.25s] (479ms) 200 https://admin-dev.mediplanner.mx/api/profile/getProfile → {"status":"OK","data":{"id":467,"sNombre":"Walter","sPaterno":"Hartwell","sMaterno":"White","sCorreo":"dpichardo@rym-sol
✅ [API RESPONSE   +38.32s] (547ms) 200 https://admin-dev.mediplanner.mx/api/appointments/getFilteredAppointments → {"status":"OK","data":[]}
✅ [API RESPONSE   +38.32s] (554ms) 200 https://admin-dev.mediplanner.mx/api/permissions/getPermissions → {"status":"OK","data":[{"id":1,"name":"Consultar","module":"Usuarios","module_id":1,"active":false},{"id":2,"name":"Crea
✅ [API RESPONSE   +38.53s] (764ms) 200 https://admin-dev.mediplanner.mx/api/dashboard/getDashboardData → {"status":"OK","data":{"monthConsultations":{"count":68,"percentage":0},"recurring":{"count":15,"percentage":650},"patie
✅ [API RESPONSE   +38.58s] (806ms) 200 https://admin-dev.mediplanner.mx/api/procedures/getLastProceduresFilesByDoctorId → {"status":"OK","data":{"procedimientos":[{"paciente_id":894,"paciente_nombre":"Agustin Tapia Nievas","procedimiento_id":
✅ [API RESPONSE   +38.58s] (789ms) 200 https://admin-dev.mediplanner.mx/api/appointments/getAppointmentCount → {"status":"OK","data":[{"date":"2026-07-01","count":0},{"date":"2026-07-02","count":0},{"date":"2026-07-03","count":0},{
✅ [API RESPONSE   +38.80s] (1025ms) 200 https://admin-dev.mediplanner.mx/api/dashboard/getDashboardPayments → {"status":"OK","data":{"grafica_actual":[{"etiqueta":"Viernes","total_pagos":0,"monto":0}],"grafica_anterior":[{"etiquet
[2026-07-31T20:15:53.080Z] ⚠️  Calendario del Dashboard no renderizó (intento 2/3), recargando...
❌ [REQUEST FAILED +39.41s] https://www.google-analytics.com/g/collect?v=2&tid=G-ZVKJ9CWYCW&gtm=45je67t1v9248896219za200zd9248896219&_p=1785528951331&gcd=13l3l3l3l1l1&npa=0&dma=0&_eu=AEAAAAQ&ae=a&are=1&cid=1224622135.1785528908&frm=0&ngs=1&pscdl=noapi&rcb=1&sr=1536x960&uaa=x86&uab=64&uafvl=Chromium%3B145.0.7632.6%7CNot%253AA-Brand%3B99.0.0.0&uam=&uamb=0&uap=Windows&uapv=10.0&uaw=0&ul=en-us&_s=2&tag_exp=115938466~115938468~118897920~118897930~119793972~119896803&sid=1785528907&sct=1&seg=1&dl=https%3A%2F%2Fadmin-dev.mediplanner.mx%2FDashboard&dt=Mediplanner&en=scroll&epn.percent_scrolled=90&_et=14&tfd=2530 — net::ERR_ABORTED
❌ [REQUEST FAILED +39.41s] https://www.google-analytics.com/g/collect?v=2&tid=G-ZVKJ9CWYCW&gtm=45je67t1v9248896219za200zd9248896219&_p=1785528951331&gcd=13l3l3l3l1l1&npa=0&dma=0&_eu=AAAAAAQ&are=1&cid=1224622135.1785528908&frm=0&ngs=1&pscdl=noapi&rcb=1&sr=1536x960&uaa=x86&uab=64&uafvl=Chromium%3B145.0.7632.6%7CNot%253AA-Brand%3B99.0.0.0&uam=&uamb=0&uap=Windows&uapv=10.0&uaw=0&ul=en-us&_s=3&tag_exp=115938466~115938468~118897920~118897930~119793972~119896803&sid=1785528907&sct=1&seg=1&dl=https%3A%2F%2Fadmin-dev.mediplanner.mx%2FDashboard&dt=Mediplanner&en=user_engagement&_et=1822&tfd=2530 — net::ERR_ABORTED
❌ [REQUEST FAILED +39.41s] https://p.clarity.ms/collect — net::ERR_ABORTED
❌ [REQUEST FAILED +39.76s] https://www.google-analytics.com/g/collect?v=2&tid=G-ZVKJ9CWYCW&gtm=45je67t1v9248896219za200zd9248896219&_p=1785528953366&gcd=13l3l3l3l1l1&npa=0&dma=0&_eu=AAAAAAQ&are=1&cid=1224622135.1785528908&frm=0&ngs=1&pscdl=noapi&rcb=4&sr=1536x960&uaa=x86&uab=64&uafvl=Chromium%3B145.0.7632.6%7CNot%253AA-Brand%3B99.0.0.0&uam=&uamb=0&uap=Windows&uapv=10.0&uaw=0&ul=en-us&_s=1&tag_exp=115938466~115938468~118395333~118897920~118897930~119896802~120222309&sid=1785528907&sct=1&seg=1&dl=https%3A%2F%2Fadmin-dev.mediplanner.mx%2FDashboard&dt=Mediplanner&en=page_view&_ee=1&tfd=350 — net::ERR_ABORTED
📤 [API REQUEST    +39.81s] POST https://admin-dev.mediplanner.mx/api/permissions/getPermissions
📤 [API REQUEST    +39.82s] GET https://admin-dev.mediplanner.mx/api/profile/getProfile
📤 [API REQUEST    +39.82s] POST https://admin-dev.mediplanner.mx/api/appointments/getFilteredAppointments
📤 [API REQUEST    +39.82s] POST https://admin-dev.mediplanner.mx/api/dashboard/getDashboardData
📤 [API REQUEST    +39.82s] POST https://admin-dev.mediplanner.mx/api/procedures/getLastProceduresFilesByDoctorId
📤 [API REQUEST    +39.82s] POST https://admin-dev.mediplanner.mx/api/dashboard/getDashboardPayments
📤 [API REQUEST    +39.83s] POST https://admin-dev.mediplanner.mx/api/appointments/getAppointmentCount
❌ [REQUEST FAILED +39.87s] https://mediplanner-atencion.zendesk.com/frontendevents/pv?client=1B752747-577B-429A-A0E0-83861AF69088 — net::ERR_ABORTED
✅ [API RESPONSE   +40.57s] (748ms) 200 https://admin-dev.mediplanner.mx/api/procedures/getLastProceduresFilesByDoctorId → {"status":"OK","data":{"procedimientos":[{"paciente_id":894,"paciente_nombre":"Agustin Tapia Nievas","procedimiento_id":
✅ [API RESPONSE   +40.58s] (770ms) 200 https://admin-dev.mediplanner.mx/api/permissions/getPermissions → {"status":"OK","data":[{"id":1,"name":"Consultar","module":"Usuarios","module_id":1,"active":false},{"id":2,"name":"Crea
✅ [API RESPONSE   +40.59s] (771ms) 200 https://admin-dev.mediplanner.mx/api/appointments/getFilteredAppointments → {"status":"OK","data":[]}
✅ [API RESPONSE   +40.59s] (774ms) 200 https://admin-dev.mediplanner.mx/api/dashboard/getDashboardData → {"status":"OK","data":{"monthConsultations":{"count":68,"percentage":0},"recurring":{"count":15,"percentage":650},"patie
✅ [API RESPONSE   +40.63s] (811ms) 200 https://admin-dev.mediplanner.mx/api/profile/getProfile → {"status":"OK","data":{"id":467,"sNombre":"Walter","sPaterno":"Hartwell","sMaterno":"White","sCorreo":"dpichardo@rym-sol
✅ [API RESPONSE   +40.69s] (875ms) 200 https://admin-dev.mediplanner.mx/api/dashboard/getDashboardPayments → {"status":"OK","data":{"grafica_actual":[{"etiqueta":"Viernes","total_pagos":0,"monto":0}],"grafica_anterior":[{"etiquet
✅ [API RESPONSE   +40.77s] (937ms) 200 https://admin-dev.mediplanner.mx/api/appointments/getAppointmentCount → {"status":"OK","data":[{"date":"2026-07-01","count":0},{"date":"2026-07-02","count":0},{"date":"2026-07-03","count":0},{
[2026-07-31T20:15:55.183Z] ⚠️  Calendario del Dashboard no renderizó (intento 3/3), recargando...
❌ [REQUEST FAILED +41.51s] https://www.google-analytics.com/g/collect?v=2&tid=G-ZVKJ9CWYCW&gtm=45je67t1v9248896219za200zd9248896219&_p=1785528953366&gcd=13l3l3l3l1l1&npa=0&dma=0&_eu=AEAAAAQ&ae=a&are=1&cid=1224622135.1785528908&frm=0&ngs=1&pscdl=noapi&rcb=4&sr=1536x960&uaa=x86&uab=64&uafvl=Chromium%3B145.0.7632.6%7CNot%253AA-Brand%3B99.0.0.0&uam=&uamb=0&uap=Windows&uapv=10.0&uaw=0&ul=en-us&_s=2&tag_exp=115938466~115938468~118395333~118897920~118897930~119896802~120222309&sid=1785528907&sct=1&seg=1&dl=https%3A%2F%2Fadmin-dev.mediplanner.mx%2FDashboard&dt=Mediplanner&en=scroll&epn.percent_scrolled=90&_et=14&tfd=2235 — net::ERR_ABORTED
❌ [REQUEST FAILED +41.51s] https://www.google-analytics.com/g/collect?v=2&tid=G-ZVKJ9CWYCW&gtm=45je67t1v9248896219za200zd9248896219&_p=1785528953366&gcd=13l3l3l3l1l1&npa=0&dma=0&_eu=AAAAAAQ&are=1&cid=1224622135.1785528908&frm=0&ngs=1&pscdl=noapi&rcb=4&sr=1536x960&uaa=x86&uab=64&uafvl=Chromium%3B145.0.7632.6%7CNot%253AA-Brand%3B99.0.0.0&uam=&uamb=0&uap=Windows&uapv=10.0&uaw=0&ul=en-us&_s=3&tag_exp=115938466~115938468~118395333~118897920~118897930~119896802~120222309&sid=1785528907&sct=1&seg=1&dl=https%3A%2F%2Fadmin-dev.mediplanner.mx%2FDashboard&dt=Mediplanner&en=user_engagement&_et=1881&tfd=2236 — net::ERR_ABORTED
❌ [REQUEST FAILED +41.51s] https://p.clarity.ms/collect — net::ERR_ABORTED
❌ [REQUEST FAILED +41.80s] https://www.google-analytics.com/g/collect?v=2&tid=G-ZVKJ9CWYCW&gtm=45je67t1v9248896219za200zd9248896219&_p=1785528955463&gcd=13l3l3l3l1l1&npa=0&dma=0&_eu=AAAAAAQ&are=1&cid=1224622135.1785528908&frm=0&ngs=1&pscdl=noapi&rcb=12&sr=1536x960&uaa=x86&uab=64&uafvl=Chromium%3B145.0.7632.6%7CNot%253AA-Brand%3B99.0.0.0&uam=&uamb=0&uap=Windows&uapv=10.0&uaw=0&ul=en-us&_s=1&tag_exp=115616985~115938465~115938468~118395334~118897920~118897930~119527019~119896802~120222307&sid=1785528907&sct=1&seg=1&dl=https%3A%2F%2Fadmin-dev.mediplanner.mx%2FDashboard&dt=Mediplanner&en=page_view&_ee=1&tfd=346 — net::ERR_ABORTED
📤 [API REQUEST    +41.85s] POST https://admin-dev.mediplanner.mx/api/permissions/getPermissions
📤 [API REQUEST    +41.85s] GET https://admin-dev.mediplanner.mx/api/profile/getProfile
📤 [API REQUEST    +41.85s] POST https://admin-dev.mediplanner.mx/api/appointments/getFilteredAppointments
📤 [API REQUEST    +41.85s] POST https://admin-dev.mediplanner.mx/api/dashboard/getDashboardData
📤 [API REQUEST    +41.85s] POST https://admin-dev.mediplanner.mx/api/procedures/getLastProceduresFilesByDoctorId
📤 [API REQUEST    +41.85s] POST https://admin-dev.mediplanner.mx/api/dashboard/getDashboardPayments
📤 [API REQUEST    +41.88s] POST https://admin-dev.mediplanner.mx/api/appointments/getAppointmentCount
❌ [REQUEST FAILED +41.90s] https://mediplanner-atencion.zendesk.com/frontendevents/pv?client=1B752747-577B-429A-A0E0-83861AF69088 — net::ERR_ABORTED
✅ [API RESPONSE   +42.47s] (615ms) 200 https://admin-dev.mediplanner.mx/api/procedures/getLastProceduresFilesByDoctorId → {"status":"OK","data":{"procedimientos":[{"paciente_id":894,"paciente_nombre":"Agustin Tapia Nievas","procedimiento_id":
✅ [API RESPONSE   +42.63s] (779ms) 200 https://admin-dev.mediplanner.mx/api/permissions/getPermissions → {"status":"OK","data":[{"id":1,"name":"Consultar","module":"Usuarios","module_id":1,"active":false},{"id":2,"name":"Crea
✅ [API RESPONSE   +42.69s] (813ms) 200 https://admin-dev.mediplanner.mx/api/appointments/getAppointmentCount → {"status":"OK","data":[{"date":"2026-07-01","count":0},{"date":"2026-07-02","count":0},{"date":"2026-07-03","count":0},{
✅ [API RESPONSE   +42.71s] (859ms) 200 https://admin-dev.mediplanner.mx/api/profile/getProfile → {"status":"OK","data":{"id":467,"sNombre":"Walter","sPaterno":"Hartwell","sMaterno":"White","sCorreo":"dpichardo@rym-sol
✅ [API RESPONSE   +42.73s] (884ms) 200 https://admin-dev.mediplanner.mx/api/dashboard/getDashboardData → {"status":"OK","data":{"monthConsultations":{"count":68,"percentage":0},"recurring":{"count":15,"percentage":650},"patie
✅ [API RESPONSE   +42.74s] (887ms) 200 https://admin-dev.mediplanner.mx/api/appointments/getFilteredAppointments → {"status":"OK","data":[]}
✅ [API RESPONSE   +42.80s] (944ms) 200 https://admin-dev.mediplanner.mx/api/dashboard/getDashboardPayments → {"status":"OK","data":{"grafica_actual":[{"etiqueta":"Viernes","total_pagos":0,"monto":0}],"grafica_anterior":[{"etiquet
[2026-07-31T20:15:57.219Z] ⚠️  El calendario del Dashboard no llegó a renderizar (td[data-day])
📤 [API REQUEST    +43.48s] POST https://admin-dev.mediplanner.mx/api/appointments/getAppointmentCount
✅ [API RESPONSE   +43.71s] (223ms) 200 https://admin-dev.mediplanner.mx/api/appointments/getAppointmentCount → {"status":"OK","data":[{"date":"2026-08-01","count":1},{"date":"2026-08-02","count":0},{"date":"2026-08-03","count":16},
📤 [API REQUEST    +44.12s] POST https://admin-dev.mediplanner.mx/api/appointments/getFilteredAppointments
✅ [API RESPONSE   +44.51s] (389ms) 200 https://admin-dev.mediplanner.mx/api/appointments/getFilteredAppointments → {"status":"OK","data":[]}
📤 [API REQUEST    +45.60s] POST https://admin-dev.mediplanner.mx/api/appointments/getFilteredAppointments
✅ [API RESPONSE   +45.99s] (395ms) 200 https://admin-dev.mediplanner.mx/api/appointments/getFilteredAppointments → {"status":"OK","data":[]}
❌ [REQUEST FAILED +46.82s] https://www.google-analytics.com/g/collect?v=2&tid=G-ZVKJ9CWYCW&gtm=45je67t1v9248896219za200zd9248896219&_p=1785528955463&gcd=13l3l3l3l1l1&npa=0&dma=0&_eu=AEAAAAQ&ae=a&are=1&cid=1224622135.1785528908&frm=0&ngs=1&pscdl=noapi&rcb=12&sr=1536x960&uaa=x86&uab=64&uafvl=Chromium%3B145.0.7632.6%7CNot%253AA-Brand%3B99.0.0.0&uam=&uamb=0&uap=Windows&uapv=10.0&uaw=0&ul=en-us&_s=2&tag_exp=115616985~115938465~115938468~118395334~118897920~118897930~119527019~119896802~120222307&sid=1785528907&sct=1&seg=1&dl=https%3A%2F%2Fadmin-dev.mediplanner.mx%2FDashboard&dt=Mediplanner&en=scroll&epn.percent_scrolled=90&_et=19&tfd=5356 — net::ERR_ABORTED
📤 [API REQUEST    +47.12s] POST https://admin-dev.mediplanner.mx/api/appointments/getFilteredAppointments
✅ [API RESPONSE   +48.24s] (1129ms) 200 https://admin-dev.mediplanner.mx/api/appointments/getFilteredAppointments → {"status":"OK","data":[{"title":"Consulta inicial","doctor_id":467,"doctor_name":"Dr.Walter Hartwell White","doctor_img"
[2026-07-31T20:16:03.121Z] ✅ Botón Iniciar de "Percentil" encontrado en 2026-08-03
▶️ Iniciando consulta de "Percentil Prueba Prueba" (set #1)...
📤 [API REQUEST    +49.49s] POST https://admin-dev.mediplanner.mx/api/appointments/getFilteredAppointments
📤 [API REQUEST    +49.49s] POST https://admin-dev.mediplanner.mx/api/patients/getPatient
💉 Llenando signos vitales...
✅ [API RESPONSE   +50.09s] (608ms) 200 https://admin-dev.mediplanner.mx/api/appointments/getFilteredAppointments → {"status":"OK","data":[{"title":"Consulta inicial","doctor_id":467,"doctor_name":"Dr.Walter Hartwell White","doctor_img"
✅ [API RESPONSE   +50.51s] (1022ms) 200 https://admin-dev.mediplanner.mx/api/patients/getPatient → {"status":"OK","data":{"id":903,"iEstatusId":2,"sEstatus":"Aceptada","sImagen":"","sNombre":"Percentil","sPaterno":"Prue
💉 Signos vitales [set #1]: peso=13 talla=92 perímetro=48 PA=110/070 temp=36.7 FC=78 sat=97 FR=18 glucosa=100
📤 [API REQUEST    +50.60s] POST https://admin-dev.mediplanner.mx/api/patients/getPatient
📤 [API REQUEST    +50.71s] POST https://admin-dev.mediplanner.mx/api/patients/getPatient
ℹ️ No se encontró campo de perímetro cefálico en signos vitales (puede no aplicar).
📤 [API REQUEST    +50.82s] POST https://admin-dev.mediplanner.mx/api/patients/getPatient
📤 [API REQUEST    +50.90s] POST https://admin-dev.mediplanner.mx/api/patients/getPatient
📤 [API REQUEST    +51.00s] POST https://admin-dev.mediplanner.mx/api/patients/getPatient
✅ [API RESPONSE   +51.03s] (423ms) 200 https://admin-dev.mediplanner.mx/api/patients/getPatient → {"status":"OK","data":{"id":903,"iEstatusId":2,"sEstatus":"Aceptada","sImagen":"","sNombre":"Percentil","sPaterno":"Prue
📤 [API REQUEST    +51.11s] POST https://admin-dev.mediplanner.mx/api/patients/getPatient
✅ [API RESPONSE   +51.10s] (390ms) 200 https://admin-dev.mediplanner.mx/api/patients/getPatient → {"status":"OK","data":{"id":903,"iEstatusId":2,"sEstatus":"Aceptada","sImagen":"","sNombre":"Percentil","sPaterno":"Prue
📤 [API REQUEST    +51.21s] POST https://admin-dev.mediplanner.mx/api/patients/getPatient
✅ [API RESPONSE   +51.35s] (530ms) 200 https://admin-dev.mediplanner.mx/api/patients/getPatient → {"status":"OK","data":{"id":903,"iEstatusId":2,"sEstatus":"Aceptada","sImagen":"","sNombre":"Percentil","sPaterno":"Prue
✅ [API RESPONSE   +51.53s] (629ms) 200 https://admin-dev.mediplanner.mx/api/patients/getPatient → {"status":"OK","data":{"id":903,"iEstatusId":2,"sEstatus":"Aceptada","sImagen":"","sNombre":"Percentil","sPaterno":"Prue
✅ [API RESPONSE   +51.68s] (681ms) 200 https://admin-dev.mediplanner.mx/api/patients/getPatient → {"status":"OK","data":{"id":903,"iEstatusId":2,"sEstatus":"Aceptada","sImagen":"","sNombre":"Percentil","sPaterno":"Prue
✅ [API RESPONSE   +51.71s] (600ms) 200 https://admin-dev.mediplanner.mx/api/patients/getPatient → {"status":"OK","data":{"id":903,"iEstatusId":2,"sEstatus":"Aceptada","sImagen":"","sNombre":"Percentil","sPaterno":"Prue
✅ [API RESPONSE   +51.73s] (521ms) 200 https://admin-dev.mediplanner.mx/api/patients/getPatient → {"status":"OK","data":{"id":903,"iEstatusId":2,"sEstatus":"Aceptada","sImagen":"","sNombre":"Percentil","sPaterno":"Prue
📤 [API REQUEST    +52.90s] POST https://admin-dev.mediplanner.mx/api/consultations/registerVitalSigns
✅ Signos vitales guardados
📤 [API REQUEST    +53.36s] POST https://admin-dev.mediplanner.mx/api/appointments/updateAppointmentStatus
✅ [API RESPONSE   +53.35s] (453ms) 200 https://admin-dev.mediplanner.mx/api/consultations/registerVitalSigns → {"status":"OK","data":{"message":"Signos vitales registrados correctamente","consulta_id":41}}
✅ [API RESPONSE   +53.60s] (241ms) 200 https://admin-dev.mediplanner.mx/api/appointments/updateAppointmentStatus → {"status":"OK","data":{"relacion_id":590,"message":"Estado de la cita actualizado correctamente"}}
🔄 Esperando redirección...
✅ Redirigido a página de consulta
⏳ Esperando carga completa de la consulta...
❌ [REQUEST FAILED +55.53s] https://www.google-analytics.com/g/collect?v=2&tid=G-ZVKJ9CWYCW&gtm=45je67t1v9248896219za200zd9248896219&_p=1785528955463&gcd=13l3l3l3l1l1&npa=0&dma=0&_eu=AEEAAAQ&ae=a&are=1&cid=1224622135.1785528908&frm=0&ngs=1&pscdl=noapi&rcb=12&sr=1536x960&uaa=x86&uab=64&uafvl=Chromium%3B145.0.7632.6%7CNot%253AA-Brand%3B99.0.0.0&uam=&uamb=0&uap=Windows&uapv=10.0&uaw=0&ul=en-us&_s=3&tag_exp=115616985~115938465~115938468~118395334~118897920~118897930~119527019~119896802~120222307&sid=1785528907&sct=1&seg=1&dl=https%3A%2F%2Fadmin-dev.mediplanner.mx%2FDashboard&dt=Mediplanner&en=form_start&ep.form_id=&ep.form_destination=https%3A%2F%2Fadmin-dev.mediplanner.mx%2FDashboard&epn.form_length=9&ep.first_field_id=&ep.first_field_name=peso&ep.first_field_type=text&epn.first_field_position=7&_et=8986&tfd=14080 — net::ERR_ABORTED
📤 [API REQUEST    +55.73s] POST https://admin-dev.mediplanner.mx/api/treatments/getActiveTemplates
📤 [API REQUEST    +55.73s] POST https://admin-dev.mediplanner.mx/api/catalogs/getCatalogs
📤 [API REQUEST    +55.73s] POST https://admin-dev.mediplanner.mx/api/consultations/getTreatments
📤 [API REQUEST    +55.73s] POST https://admin-dev.mediplanner.mx/api/treatments/getUserTemplate
📤 [API REQUEST    +55.73s] POST https://admin-dev.mediplanner.mx/api/appointments/getAppointmentTypes
📤 [API REQUEST    +55.73s] POST https://admin-dev.mediplanner.mx/api/consultations/getConsultation
📤 [API REQUEST    +55.73s] POST https://admin-dev.mediplanner.mx/api/catalogs/getConfigurations
📤 [API REQUEST    +55.73s] POST https://admin-dev.mediplanner.mx/api/patients/getHistoryForms
📤 [API REQUEST    +55.73s] POST https://admin-dev.mediplanner.mx/api/patients/getPatient
❌ [REQUEST FAILED +55.91s] https://mediplanner-atencion.zendesk.com/frontendevents/pv?client=1B752747-577B-429A-A0E0-83861AF69088 — net::ERR_ABORTED
✅ [API RESPONSE   +56.23s] (508ms) 200 https://admin-dev.mediplanner.mx/api/catalogs/getCatalogs → {"status":"OK","data":{"medicamentos_tiempo":[{"id":1,"name":"Día","pluralName":"Días"},{"id":2,"name":"Semana","pluralN
✅ [API RESPONSE   +56.34s] (609ms) 200 https://admin-dev.mediplanner.mx/api/treatments/getActiveTemplates → {"status":"OK","data":{"plantillas_personalizadas":[{"id":1,"nombre":"","hospital_id":0,"hospital_nombre":"","ultima_act
✅ [API RESPONSE   +56.44s] (717ms) 200 https://admin-dev.mediplanner.mx/api/consultations/getTreatments → {"status":"OK","data":[]}
✅ [API RESPONSE   +56.45s] (718ms) 200 https://admin-dev.mediplanner.mx/api/appointments/getAppointmentTypes → {"status":"OK","data":[{"doctor_id":467,"relacion_id":1,"cita_nombre":"Consulta inicial","duracion":5,"producto_id":0,"u
✅ [API RESPONSE   +56.51s] (781ms) 200 https://admin-dev.mediplanner.mx/api/catalogs/getConfigurations → {"status":"OK","data":{"configurations":[{"type":1,"value":"30","name":"time_save","description":"Tiempo de guardado","i
📤 [API REQUEST    +56.53s] POST https://admin-dev.mediplanner.mx/api/forms/getFormsByCategory
📤 [API REQUEST    +56.53s] POST https://admin-dev.mediplanner.mx/api/consultations/getVitalSigns
📤 [API REQUEST    +56.54s] POST https://admin-dev.mediplanner.mx/api/patients/getPatient
📤 [API REQUEST    +56.54s] POST https://admin-dev.mediplanner.mx/api/consultations/getConsultations
📤 [API REQUEST    +56.54s] POST https://admin-dev.mediplanner.mx/api/procedures/getConsultationProcedures
📤 [API REQUEST    +56.54s] POST https://admin-dev.mediplanner.mx/api/patients/getHistoryForms
📤 [API REQUEST    +56.54s] POST https://admin-dev.mediplanner.mx/api/consultations/getForms
📤 [API REQUEST    +56.54s] POST https://admin-dev.mediplanner.mx/api/catalogs/getCatalogs
📤 [API REQUEST    +56.54s] GET https://admin-dev.mediplanner.mx/api/hospitals/getDrHospitals
📤 [API REQUEST    +56.54s] POST https://admin-dev.mediplanner.mx/api/consultations/getNotes
📤 [API REQUEST    +56.54s] POST https://admin-dev.mediplanner.mx/api/patients/getAllergiesByPatientId
✅ [API RESPONSE   +56.52s] (790ms) 200 https://admin-dev.mediplanner.mx/api/treatments/getUserTemplate → {"status":"OK","data":{"plantilla_id":1,"tipo_plantilla_id":2,"ancho_encabezado":800,"ancho_pie_pagina":800,"elemento1_i
✅ [API RESPONSE   +56.53s] (803ms) 200 https://admin-dev.mediplanner.mx/api/consultations/getConsultation → {"status":"OK","data":{"id":41,"doctor_id":467,"doctor_titulo":"Dr.","doctor_nombre":"Walter Hartwell White","doctor_img
📤 [API REQUEST    +56.76s] POST https://admin-dev.mediplanner.mx/api/patients/getFilledForm
📤 [API REQUEST    +56.76s] POST https://admin-dev.mediplanner.mx/api/patients/getFilledForm
📤 [API REQUEST    +56.76s] POST https://admin-dev.mediplanner.mx/api/patients/getFilledForm
📤 [API REQUEST    +56.76s] POST https://admin-dev.mediplanner.mx/api/patients/getFilledForm
📤 [API REQUEST    +56.76s] POST https://admin-dev.mediplanner.mx/api/patients/getFilledForm
✅ [API RESPONSE   +56.75s] (1018ms) 200 https://admin-dev.mediplanner.mx/api/patients/getHistoryForms → {"status":"OK","data":[{"relacion_id":1,"nombre":"Antecedentes","fecha_creacion":"26/05/2026","fecha_actualizacion":"26/
✅ [API RESPONSE   +56.86s] (1129ms) 200 https://admin-dev.mediplanner.mx/api/patients/getPatient → {"status":"OK","data":{"id":903,"iEstatusId":2,"sEstatus":"Aceptada","sImagen":"","sNombre":"Percentil","sPaterno":"Prue
✅ [API RESPONSE   +56.95s] (414ms) 200 https://admin-dev.mediplanner.mx/api/consultations/getVitalSigns → {"status":"OK","data":{"presion":"110/070","oxigenacion":"97","temperatura":"36.7","peso":"13","imc":"15.36","frecuencia
📤 [API REQUEST    +57.28s] POST https://admin-dev.mediplanner.mx/api/patients/getFilledForm
✅ [API RESPONSE   +57.27s] (725ms) 200 https://admin-dev.mediplanner.mx/api/procedures/getConsultationProcedures → {"status":"OK","data":[]}
✅ [API RESPONSE   +57.27s] (734ms) 200 https://admin-dev.mediplanner.mx/api/patients/getPatient → {"status":"OK","data":{"id":903,"iEstatusId":2,"sEstatus":"Aceptada","sImagen":"","sNombre":"Percentil","sPaterno":"Prue
✅ [API RESPONSE   +57.27s] (734ms) 200 https://admin-dev.mediplanner.mx/api/patients/getHistoryForms → {"status":"OK","data":[{"relacion_id":3,"nombre":"ANTECEDENTES HEREDOFAMILIARES (2025)","fecha_creacion":"05/11/2025","f
✅ [API RESPONSE   +57.46s] (921ms) 200 https://admin-dev.mediplanner.mx/api/consultations/getForms → {"status":"OK","data":[{"formulario_padre":115,"relacion_id":207,"nombre":"Tratamiento","fecha_creacion":"31/07/2026","f
📤 [API REQUEST    +57.48s] POST https://admin-dev.mediplanner.mx/api/patients/getFilledForm
📤 [API REQUEST    +57.48s] POST https://admin-dev.mediplanner.mx/api/patients/getFilledForm
📋 Llenando sección General...
✅ [API RESPONSE   +57.60s] (1062ms) 200 https://admin-dev.mediplanner.mx/api/catalogs/getCatalogs → {"status":"OK","data":{"tipos_consulta":[{"id":1,"name":"Consulta General"},{"id":2,"name":"Seguimiento"}]}}
✅ Motivo de la consulta llenado
✅ Padecimiento actual llenado
✅ [API RESPONSE   +57.77s] (1227ms) 200 https://admin-dev.mediplanner.mx/api/consultations/getNotes → {"status":"OK","data":[]}
✅ Notas de evolución llenadas
✅ [API RESPONSE   +57.88s] (1336ms) 200 https://admin-dev.mediplanner.mx/api/patients/getAllergiesByPatientId → {"status":"OK","data":[]}
📤 [API REQUEST    +57.91s] POST https://admin-dev.mediplanner.mx/api/services/getServices
✅ [API RESPONSE   +57.91s] (1364ms) 200 https://admin-dev.mediplanner.mx/api/hospitals/getDrHospitals → {"status":"OK","data":[{"hospital_id":15,"relacion_id":2,"nombre":"Consultorio Personal","lugar":"","consultorio":"Gener
✅ Nombre referido llenado
✅ Sección General completada
👤 Llenando Apariencia general...
✅ Apariencia general llenada
🔍 Llenando Exploración segmentaria...
✅ [API RESPONSE   +58.91s] (2155ms) 200 https://admin-dev.mediplanner.mx/api/patients/getFilledForm → {"status":"OK","data":{"id":90,"sNombre":"Antecedentes","sVersion":"1.0","bActivo":true,"sEmoji":"","sDescripcion":"Desc
✅ [API RESPONSE   +58.92s] (2156ms) 200 https://admin-dev.mediplanner.mx/api/patients/getFilledForm → {"status":"OK","data":{"id":126,"sNombre":"ANTECEDENTES HEREDOFAMILIARES (2025)","sVersion":"1.0","bActivo":true,"sEmoji
✅ [API RESPONSE   +58.92s] (2160ms) 200 https://admin-dev.mediplanner.mx/api/patients/getFilledForm → {"status":"OK","data":{"id":124,"sNombre":"ANTECEDENTES PERSONALES NO PATOLÓGICOS (2025)","sVersion":"1.0","bActivo":tru
✅ [API RESPONSE   +58.92s] (2164ms) 200 https://admin-dev.mediplanner.mx/api/patients/getFilledForm → {"status":"OK","data":{"id":189,"sNombre":"Perinatales","sVersion":"1.0","bActivo":true,"sEmoji":"","sDescripcion":"","d
✅ [API RESPONSE   +59.71s] (2953ms) 200 https://admin-dev.mediplanner.mx/api/patients/getFilledForm → {"status":"OK","data":{"id":125,"sNombre":"ANTECEDENTES PERSONALES PATOLÓGICOS (2025)","sVersion":"1.0","bActivo":true,"
✅ [API RESPONSE   +59.73s] (2452ms) 200 https://admin-dev.mediplanner.mx/api/patients/getFilledForm → {"status":"OK","data":{"id":126,"sNombre":"ANTECEDENTES HEREDOFAMILIARES (2025)","sVersion":"1.0","bActivo":true,"sEmoji
✅ [API RESPONSE   +59.73s] (2249ms) 200 https://admin-dev.mediplanner.mx/api/patients/getFilledForm → {"status":"OK","data":{"id":5,"iUsuarioId":467,"sNombre":"Exploracion segmentaria","sVersion":"","bActivo":true,"sEmoji"
☑️ Exploración segmentaria: 8 checkboxes encontrados
✅ [API RESPONSE   +59.77s] (2294ms) 200 https://admin-dev.mediplanner.mx/api/patients/getFilledForm → {"status":"OK","data":{"id":4,"iUsuarioId":467,"sNombre":"Aparatos y sistemas","sVersion":"","bActivo":true,"sEmoji":"",
✅ [API RESPONSE   +60.02s] (2111ms) 200 https://admin-dev.mediplanner.mx/api/services/getServices → {"status":"OK","data":[{"servicio_id":1,"nombre":"Certificado Médico","duracion":15,"producto_id":239,"unidad_id":2,"obj
✅ [API RESPONSE   +60.33s] (3786ms) 200 https://admin-dev.mediplanner.mx/api/consultations/getConsultations → {"status":"OK","data":[{"id":40,"doctor_id":467,"doctor_titulo":"Dr.","doctor_nombre":"Walter Hartwell White","doctor_im
❌ [REQUEST FAILED +60.54s] https://www.google-analytics.com/g/collect?v=2&tid=G-ZVKJ9CWYCW&gtm=45je67t1v9248896219za200zd9248896219&_p=1785528955463&gcd=13l3l3l3l1l1&npa=0&dma=0&_eu=AEAAAAQ&ae=a&are=1&cid=1224622135.1785528908&frm=0&ngs=1&pscdl=noapi&rcb=12&sr=1536x960&uaa=x86&uab=64&uafvl=Chromium%3B145.0.7632.6%7CNot%253AA-Brand%3B99.0.0.0&uam=&uamb=0&uap=Windows&uapv=10.0&uaw=0&ul=en-us&_s=4&tag_exp=115616985~115938465~115938468~118395334~118897920~118897930~119527019~119896802~120222307&dl=https%3A%2F%2Fadmin-dev.mediplanner.mx%2FConsulta%2FConsultaGeneral&dr=https%3A%2F%2Fadmin-dev.mediplanner.mx%2FDashboard&sid=1785528907&sct=1&seg=1&dt=Mediplanner&en=page_view&_et=4740&tfd=19091 — net::ERR_ABORTED
📤 [API REQUEST    +61.05s] POST https://admin-dev.mediplanner.mx/api/procedures/searchProcedures
📤 [API REQUEST    +61.05s] POST https://admin-dev.mediplanner.mx/api/procedures/getProceduresList
✅ [API RESPONSE   +61.05s] (4516ms) 200 https://admin-dev.mediplanner.mx/api/forms/getFormsByCategory → {"status":"OK","data":[{"id":115,"sNombre":"Tratamiento","sVersion":"1.0","bActivo":false,"sEmoji":"","sDescripcion":"Tr
📤 [API REQUEST    +61.08s] POST https://admin-dev.mediplanner.mx/api/consultations/getDiagnosis
✅ [API RESPONSE   +61.47s] (391ms) 200 https://admin-dev.mediplanner.mx/api/consultations/getDiagnosis → {"status":"OK","data":[]}
✅ [API RESPONSE   +61.47s] (419ms) 200 https://admin-dev.mediplanner.mx/api/procedures/getProceduresList → {"status":"OK","data":{"procedures":[{"fecha_procedimiento":"2026-07-31 13:07:52","diagnosticos":[{"nombre":"CERVICALGIA
✅ [API RESPONSE   +61.95s] (900ms) 200 https://admin-dev.mediplanner.mx/api/procedures/searchProcedures → {"status":"OK","data":{"procedures":[{"procedimiento_id":5628,"nombre":"'OTRA RECONSTRUCCIÓN TOTAL DE MAMA","tipo_id":2,
✅ Exploración segmentaria: 8/8 checkbox(es) marcados → [Cabeza, Cuello, Tórax, Abdomen, Columna vertebral, Miembros superiores, Genitales, Miembros inferiores]
Exploración segmentaria: 16 botones Normal/Anormal (esperados 16) | 8 campos de Observaciones (esperados 8)
✅ Exploración segmentaria: Normal/Anormal y Observaciones resueltos para los 8 ítems → [Cabeza, Cuello, Tórax, Abdomen, Columna vertebral, Miembros superiores, Genitales, Miembros inferiores]
📤 [API REQUEST    +67.87s] POST https://admin-dev.mediplanner.mx/api/patients/registerAnswers
✅ [API RESPONSE   +68.42s] (550ms) 200 https://admin-dev.mediplanner.mx/api/patients/registerAnswers → {"status":"OK","data":[]}
💾 Exploración segmentaria: "Guardar Respuestas" clickeado
🔍 Llenando Aparatos y sistemas...
☑️ Aparatos y sistemas: 15 checkboxes encontrados
✅ Aparatos y sistemas: 15/15 checkbox(es) marcados → [Articulado, Cardiovascular, Circulatorio, Digestivo, Endocrino, Esqueletico, Excretor, Inmunitario, Integumentario, Linfatico, Locomotor, Muscular, Nervioso, Reproductor, Respiratorio]
Aparatos y sistemas: 30 botones Normal/Anormal (esperados 30) | 15 campos de Observaciones (esperados 15)
✅ Aparatos y sistemas: Normal/Anormal y Observaciones resueltos para los 15 ítems → [Articulado, Cardiovascular, Circulatorio, Digestivo, Endocrino, Esqueletico, Excretor, Inmunitario, Integumentario, Linfatico, Locomotor, Muscular, Nervioso, Reproductor, Respiratorio]
📤 [API REQUEST    +82.96s] POST https://admin-dev.mediplanner.mx/api/patients/registerAnswers
✅ [API RESPONSE   +83.51s] (548ms) 200 https://admin-dev.mediplanner.mx/api/patients/registerAnswers → {"status":"OK","data":[]}
💾 Aparatos y sistemas: "Guardar Respuestas" clickeado
🩺 Llenando sección de Diagnóstico...
📤 [API REQUEST    +85.81s] POST https://admin-dev.mediplanner.mx/api/consultations/searchDiagnoses
📤 [API REQUEST    +86.52s] POST https://admin-dev.mediplanner.mx/api/consultations/editConsultation
✅ [API RESPONSE   +86.85s] (323ms) 200 https://admin-dev.mediplanner.mx/api/consultations/editConsultation → {"status":"OK","data":{"consulta_id":41,"message":"Consulta actualizada exitosamente"}}
✅ [API RESPONSE   +86.92s] (1109ms) 200 https://admin-dev.mediplanner.mx/api/consultations/searchDiagnoses → {"status":"OK","data":{"diagnosticos":[{"id":8145,"letra":null,"nombre":"TOS","codigo":"R05X","capitulo":null,"grupo":"S
✅ Diagnóstico CIE-10 seleccionado: "R05X - TOS..."
✅ Impresión diagnóstica llenada
📤 [API REQUEST    +88.78s] POST https://admin-dev.mediplanner.mx/api/consultations/searchDiagnoses
✅ Observaciones del diagnóstico llenadas
✅ Sección de Diagnóstico completada
💊 Llenando sección de Tratamiento...
✅ [API RESPONSE   +89.53s] (748ms) 200 https://admin-dev.mediplanner.mx/api/consultations/searchDiagnoses → {"status":"OK","data":{"diagnosticos":[],"current_page":1,"from":0,"last_page":1,"per_page":20,"to":0,"total":0}}
✅ Indicaciones generales de tratamiento llenadas
📤 [API REQUEST    +90.22s] POST https://admin-dev.mediplanner.mx/api/medications/searchMedications
✅ [API RESPONSE   +93.21s] (2993ms) 200 https://admin-dev.mediplanner.mx/api/medications/searchMedications → {"status":"OK","data":{"medications":[{"id":4993,"nombre":"CAXICUM Tabletas","presentacion":"1 Frasco(s), 10 Tabletas, 8
✅ Medicamento seleccionado: "CAXICUM TabletasÁCIDO CLAVULÁNICO, AMOXICILINAACCORD FARMA" (buscado: "Amoxicilina")
✅ Formulario del medicamento llenado
✅ "Otros medicamentos" llenado: "Dieta blanda"
✅ Sección de Tratamiento completada (se guarda con el botón global "Guardar cambios")
🔬 Llenando Laboratorios y Procedimientos...
✅ Indicaciones de laboratorio llenadas
📤 [API REQUEST    +98.94s] POST https://admin-dev.mediplanner.mx/api/procedures/searchProcedures
✅ [API RESPONSE   +99.96s] (1019ms) 200 https://admin-dev.mediplanner.mx/api/procedures/searchProcedures → {"status":"OK","data":{"procedures":[{"procedimiento_id":2,"nombre":"BIOMETRÍA HEMÁTICA","tipo_id":1,"tipo_nombre":"Labo
✅ Laboratorio seleccionado: "BIOMETRÍA HEMÁTICA" (buscado: "Biometría")
✅ Procedimiento llenado
✅ Laboratorios y Procedimientos completado (se guarda con el botón global "Guardar cambios")
📋 Llenando Notas del Médico...
✅ Notas del médico llenadas
🏥 Llenando sección de Servicios...
📋 2 opciones de servicio disponibles
✅ Servicio seleccionado: "Certificado Médico $15"
✅ Sección de Servicios completada (se guarda con el botón global "Guardar cambios")
💾 Clickeando "Guardar cambios" (global)...
📤 [API REQUEST    +104.21s] POST https://admin-dev.mediplanner.mx/api/consultations/addDiagnosis
📤 [API REQUEST    +104.42s] POST https://admin-dev.mediplanner.mx/api/consultations/setTreatments
✅ [API RESPONSE   +104.42s] (213ms) 200 https://admin-dev.mediplanner.mx/api/consultations/addDiagnosis → {"status":"OK","data":{"message":"Diagnósticos de consulta actualizados exitosamente"}}
📤 [API REQUEST    +104.77s] POST https://admin-dev.mediplanner.mx/api/consultations/setFreeTreatmentsConsultation
✅ [API RESPONSE   +104.77s] (342ms) 200 https://admin-dev.mediplanner.mx/api/consultations/setTreatments → {"status":"OK","data":{"message":"Tratamientos de consulta actualizados exitosamente"}}
📤 [API REQUEST    +105.08s] POST https://admin-dev.mediplanner.mx/api/procedures/setProceduresConsultation
✅ [API RESPONSE   +105.08s] (310ms) 200 https://admin-dev.mediplanner.mx/api/consultations/setFreeTreatmentsConsultation → {"status":"OK","data":"Tratamientos de consulta registrados exitosamente"}
📤 [API REQUEST    +105.39s] POST https://admin-dev.mediplanner.mx/api/consultations/addServices
✅ [API RESPONSE   +105.39s] (304ms) 200 https://admin-dev.mediplanner.mx/api/procedures/setProceduresConsultation → {"status":"OK","data":{"message":"Procedimientos de consulta actualizados exitosamente","nuevos":[{"relacion_id":1,"nomb
📤 [API REQUEST    +105.61s] POST https://admin-dev.mediplanner.mx/api/consultations/addNote
✅ [API RESPONSE   +105.61s] (218ms) 200 https://admin-dev.mediplanner.mx/api/consultations/addServices → {"status":"OK","data":"Servicios de consulta actualizados exitosamente"}
📤 [API REQUEST    +105.86s] POST https://admin-dev.mediplanner.mx/api/consultations/getNotes
✅ [API RESPONSE   +105.85s] (243ms) 200 https://admin-dev.mediplanner.mx/api/consultations/addNote → {"status":"OK","data":{"nota_id":1,"message":"Notas de consulta actualizadas exitosamente"}}
✅ [API RESPONSE   +106.36s] (505ms) 200 https://admin-dev.mediplanner.mx/api/consultations/getNotes → {"status":"OK","data":[{"nota_id":1,"texto":"<p>Notas del médico: Seguimiento de evolución clínica favorable. Paciente r
💾 Llamadas de guardado disparadas por "Guardar cambios": 6
   200 consultations/addDiagnosis
   200 consultations/setTreatments
   200 consultations/setFreeTreatmentsConsultation
   200 procedures/setProceduresConsultation
   200 consultations/addServices
   200 consultations/addNote

🏁 === INICIANDO FINALIZACIÓN DE CONSULTA ===
🏁 Esperando botón de finalizar consulta...
✅ Botón de finalizar encontrado y habilitado
📤 [API REQUEST    +109.40s] POST https://admin-dev.mediplanner.mx/api/consultations/finishConsultation
ℹ️ finishConsultation body → consulta_id=41 paciente_id=903
✅ Consulta finalizada
✅ [API RESPONSE   +110.00s] (596ms) 200 https://admin-dev.mediplanner.mx/api/consultations/finishConsultation → {"status":"OK","data":{"message":"Consulta finalizada exitosamente"}}
✅ Confirmación clickeada

🔎 === VERIFICANDO QUE LO LLENADO SIGUE GUARDADO Y ES CORRECTO ===
📤 [API REQUEST    +111.32s] POST https://admin-dev.mediplanner.mx/api/patients/getFilledForm
📤 [API REQUEST    +111.32s] POST https://admin-dev.mediplanner.mx/api/patients/getFilledForm
📤 [API REQUEST    +111.32s] POST https://admin-dev.mediplanner.mx/api/treatments/getActiveTemplates
📤 [API REQUEST    +111.32s] POST https://admin-dev.mediplanner.mx/api/catalogs/getCatalogs
📤 [API REQUEST    +111.32s] POST https://admin-dev.mediplanner.mx/api/consultations/getTreatments
📤 [API REQUEST    +111.32s] POST https://admin-dev.mediplanner.mx/api/treatments/getUserTemplate
📤 [API REQUEST    +111.32s] POST https://admin-dev.mediplanner.mx/api/forms/getFormsByCategory
📤 [API REQUEST    +111.32s] POST https://admin-dev.mediplanner.mx/api/appointments/getAppointmentTypes
📤 [API REQUEST    +111.32s] POST https://admin-dev.mediplanner.mx/api/consultations/getVitalSigns
📤 [API REQUEST    +111.32s] POST https://admin-dev.mediplanner.mx/api/patients/getPatient
📤 [API REQUEST    +111.32s] POST https://admin-dev.mediplanner.mx/api/consultations/getConsultation
📤 [API REQUEST    +111.32s] POST https://admin-dev.mediplanner.mx/api/consultations/getConsultations
📤 [API REQUEST    +111.33s] POST https://admin-dev.mediplanner.mx/api/consultations/getDiagnosis
📤 [API REQUEST    +111.33s] POST https://admin-dev.mediplanner.mx/api/procedures/getConsultationProcedures
📤 [API REQUEST    +111.34s] POST https://admin-dev.mediplanner.mx/api/patients/getHistoryForms
📤 [API REQUEST    +111.34s] POST https://admin-dev.mediplanner.mx/api/consultations/getNotes
📤 [API REQUEST    +111.34s] POST https://admin-dev.mediplanner.mx/api/patients/getAllergiesByPatientId
📤 [API REQUEST    +111.34s] POST https://admin-dev.mediplanner.mx/api/catalogs/getCatalogs
📤 [API REQUEST    +111.34s] POST https://admin-dev.mediplanner.mx/api/treatments/getActiveTemplates
📤 [API REQUEST    +111.34s] POST https://admin-dev.mediplanner.mx/api/patients/getHistoryForms
📤 [API REQUEST    +111.34s] POST https://admin-dev.mediplanner.mx/api/patients/getPatient
✅ [API RESPONSE   +111.71s] (387ms) 200 https://admin-dev.mediplanner.mx/api/catalogs/getCatalogs → {"status":"OK","data":{"medicamentos_tiempo":[{"id":1,"name":"Día","pluralName":"Días"},{"id":2,"name":"Semana","pluralN
✅ [API RESPONSE   +111.79s] (472ms) 200 https://admin-dev.mediplanner.mx/api/treatments/getActiveTemplates → {"status":"OK","data":{"plantillas_personalizadas":[{"id":1,"nombre":"","hospital_id":0,"hospital_nombre":"","ultima_act
❌ [REQUEST FAILED +112.07s] https://mediplanner-atencion.zendesk.com/frontendevents/pv?client=1B752747-577B-429A-A0E0-83861AF69088 — net::ERR_ABORTED
✅ [API RESPONSE   +112.20s] (880ms) 200 https://admin-dev.mediplanner.mx/api/consultations/getTreatments → {"status":"OK","data":[{"tratamiento_id":1,"medicamento_id":4993,"medicamento_nombre":"CAXICUM Tabletas","indicaciones":
✅ [API RESPONSE   +112.21s] (887ms) 200 https://admin-dev.mediplanner.mx/api/treatments/getUserTemplate → {"status":"OK","data":{"plantilla_id":1,"tipo_plantilla_id":2,"ancho_encabezado":800,"ancho_pie_pagina":800,"elemento1_i
✅ [API RESPONSE   +112.50s] (1176ms) 200 https://admin-dev.mediplanner.mx/api/consultations/getVitalSigns → {"status":"OK","data":{"presion":"110/070","oxigenacion":"97","temperatura":"36.7","peso":"13","imc":"15.36","frecuencia
🔴 [DEVTOOLS ERROR +112.74s] Failed to load resource: the server responded with a status of 404 (Not Found)
🔴 [DEVTOOLS ERROR +112.74s] Error fetching formularios paciente: undefined
🔴 [DEVTOOLS ERROR +112.74s] Failed to load resource: the server responded with a status of 404 (Not Found)
🔴 [DEVTOOLS ERROR +112.74s] Error fetching formularios paciente: undefined
🟠 [API RESPONSE   +112.73s] (1415ms) 404 https://admin-dev.mediplanner.mx/api/patients/getFilledForm → {"status":"ERROR","message":"No se encontró el formulario asignado al paciente"}
🟠 [API RESPONSE   +112.74s] (1422ms) 404 https://admin-dev.mediplanner.mx/api/patients/getFilledForm → {"status":"ERROR","message":"No se encontró el formulario asignado al paciente"}
✅ [API RESPONSE   +112.96s] (1635ms) 200 https://admin-dev.mediplanner.mx/api/consultations/getConsultation → {"status":"OK","data":{"id":41,"doctor_id":467,"doctor_titulo":"Dr.","doctor_nombre":"Walter Hartwell White","doctor_img
✅ [API RESPONSE   +113.03s] (1712ms) 200 https://admin-dev.mediplanner.mx/api/appointments/getAppointmentTypes → {"status":"OK","data":[{"doctor_id":467,"relacion_id":1,"cita_nombre":"Consulta inicial","duracion":5,"producto_id":0,"u
✅ [API RESPONSE   +113.04s] (1712ms) 200 https://admin-dev.mediplanner.mx/api/consultations/getDiagnosis → {"status":"OK","data":[{"diagnostico_id":8145,"nombre":"TOS","codigo":"R05X","fecha_creacion":"31/07/2026","fecha_actual
✅ [API RESPONSE   +113.24s] (1916ms) 200 https://admin-dev.mediplanner.mx/api/patients/getPatient → {"status":"OK","data":{"id":903,"iEstatusId":2,"sEstatus":"Aceptada","sImagen":"","sNombre":"Percentil","sPaterno":"Prue
✅ [API RESPONSE   +113.28s] (1951ms) 200 https://admin-dev.mediplanner.mx/api/procedures/getConsultationProcedures → {"status":"OK","data":[{"procedimiento_id":2,"relacion_id":1,"nombre":"BIOMETRÍA HEMÁTICA","indicaciones":"Biometría hem
✅ [API RESPONSE   +113.34s] (1999ms) 200 https://admin-dev.mediplanner.mx/api/consultations/getNotes → {"status":"OK","data":[{"nota_id":1,"texto":"<p>Notas del médico: Seguimiento de evolución clínica favorable. Paciente r
📤 [API REQUEST    +113.36s] POST https://admin-dev.mediplanner.mx/api/patients/getFilledForm
✅ [API RESPONSE   +113.36s] (2023ms) 200 https://admin-dev.mediplanner.mx/api/patients/getHistoryForms → {"status":"OK","data":[{"relacion_id":3,"nombre":"ANTECEDENTES HEREDOFAMILIARES (2025)","fecha_creacion":"05/11/2025","f
✅ [API RESPONSE   +113.67s] (2326ms) 200 https://admin-dev.mediplanner.mx/api/catalogs/getCatalogs → {"status":"OK","data":{"tipos_consulta":[{"id":1,"name":"Consulta General"},{"id":2,"name":"Seguimiento"}]}}
✅ [API RESPONSE   +113.79s] (2447ms) 200 https://admin-dev.mediplanner.mx/api/treatments/getActiveTemplates → {"status":"OK","data":{"plantillas_personalizadas":[{"id":1,"nombre":"","hospital_id":0,"hospital_nombre":"","ultima_act
✅ [API RESPONSE   +113.80s] (2456ms) 200 https://admin-dev.mediplanner.mx/api/patients/getAllergiesByPatientId → {"status":"OK","data":[]}
✅ [API RESPONSE   +114.00s] (2661ms) 200 https://admin-dev.mediplanner.mx/api/patients/getHistoryForms → {"status":"OK","data":[{"relacion_id":1,"nombre":"Antecedentes","fecha_creacion":"26/05/2026","fecha_actualizacion":"26/
📤 [API REQUEST    +114.03s] POST https://admin-dev.mediplanner.mx/api/patients/getFilledForm
📤 [API REQUEST    +114.03s] POST https://admin-dev.mediplanner.mx/api/patients/getFilledForm
📤 [API REQUEST    +114.03s] POST https://admin-dev.mediplanner.mx/api/patients/getFilledForm
📤 [API REQUEST    +114.03s] POST https://admin-dev.mediplanner.mx/api/patients/getFilledForm
📤 [API REQUEST    +114.03s] POST https://admin-dev.mediplanner.mx/api/patients/getFilledForm
✅ [API RESPONSE   +114.41s] (3070ms) 200 https://admin-dev.mediplanner.mx/api/patients/getPatient → {"status":"OK","data":{"id":903,"iEstatusId":2,"sEstatus":"Aceptada","sImagen":"","sNombre":"Percentil","sPaterno":"Prue
✅ [API RESPONSE   +115.06s] (1039ms) 200 https://admin-dev.mediplanner.mx/api/patients/getFilledForm → {"status":"OK","data":{"id":90,"sNombre":"Antecedentes","sVersion":"1.0","bActivo":true,"sEmoji":"","sDescripcion":"Desc
✅ [API RESPONSE   +115.07s] (1710ms) 200 https://admin-dev.mediplanner.mx/api/patients/getFilledForm → {"status":"OK","data":{"id":126,"sNombre":"ANTECEDENTES HEREDOFAMILIARES (2025)","sVersion":"1.0","bActivo":true,"sEmoji
✅ [API RESPONSE   +115.08s] (1051ms) 200 https://admin-dev.mediplanner.mx/api/patients/getFilledForm → {"status":"OK","data":{"id":189,"sNombre":"Perinatales","sVersion":"1.0","bActivo":true,"sEmoji":"","sDescripcion":"","d
✅ [API RESPONSE   +115.09s] (1062ms) 200 https://admin-dev.mediplanner.mx/api/patients/getFilledForm → {"status":"OK","data":{"id":126,"sNombre":"ANTECEDENTES HEREDOFAMILIARES (2025)","sVersion":"1.0","bActivo":true,"sEmoji
✅ [API RESPONSE   +115.50s] (1471ms) 200 https://admin-dev.mediplanner.mx/api/patients/getFilledForm → {"status":"OK","data":{"id":124,"sNombre":"ANTECEDENTES PERSONALES NO PATOLÓGICOS (2025)","sVersion":"1.0","bActivo":tru
✅ [API RESPONSE   +115.57s] (1543ms) 200 https://admin-dev.mediplanner.mx/api/patients/getFilledForm → {"status":"OK","data":{"id":125,"sNombre":"ANTECEDENTES PERSONALES PATOLÓGICOS (2025)","sVersion":"1.0","bActivo":true,"
📤 [API REQUEST    +116.04s] POST https://admin-dev.mediplanner.mx/api/consultations/searchDiagnoses
📤 [API REQUEST    +116.04s] POST https://admin-dev.mediplanner.mx/api/procedures/searchProcedures
📤 [API REQUEST    +116.04s] POST https://admin-dev.mediplanner.mx/api/consultations/getForms
✅ [API RESPONSE   +116.04s] (4716ms) 200 https://admin-dev.mediplanner.mx/api/forms/getFormsByCategory → {"status":"OK","data":[{"id":115,"sNombre":"Tratamiento","sVersion":"1.0","bActivo":false,"sEmoji":"","sDescripcion":"Tr
✅ [API RESPONSE   +116.04s] (4716ms) 200 https://admin-dev.mediplanner.mx/api/consultations/getConsultations → {"status":"OK","data":[{"id":41,"doctor_id":467,"doctor_titulo":"Dr.","doctor_nombre":"Walter Hartwell White","doctor_im
✅ [API RESPONSE   +116.34s] (299ms) 200 https://admin-dev.mediplanner.mx/api/consultations/getForms → {"status":"OK","data":[{"formulario_padre":115,"relacion_id":207,"nombre":"Tratamiento","fecha_creacion":"31/07/2026","f
📤 [API REQUEST    +116.35s] POST https://admin-dev.mediplanner.mx/api/patients/getFilledForm
📤 [API REQUEST    +116.35s] POST https://admin-dev.mediplanner.mx/api/patients/getFilledForm
✅ [API RESPONSE   +116.96s] (607ms) 200 https://admin-dev.mediplanner.mx/api/patients/getFilledForm → {"status":"OK","data":{"id":5,"iUsuarioId":467,"sNombre":"Exploracion segmentaria","sVersion":"","bActivo":true,"sEmoji"
✅ [API RESPONSE   +116.96s] (925ms) 200 https://admin-dev.mediplanner.mx/api/procedures/searchProcedures → {"status":"OK","data":{"procedures":[{"procedimiento_id":5628,"nombre":"'OTRA RECONSTRUCCIÓN TOTAL DE MAMA","tipo_id":2,
✅ [API RESPONSE   +116.97s] (612ms) 200 https://admin-dev.mediplanner.mx/api/patients/getFilledForm → {"status":"OK","data":{"id":4,"iUsuarioId":467,"sNombre":"Aparatos y sistemas","sVersion":"","bActivo":true,"sEmoji":"",
✅ [API RESPONSE   +117.08s] (1040ms) 200 https://admin-dev.mediplanner.mx/api/consultations/searchDiagnoses → {"status":"OK","data":{"diagnosticos":[{"id":167,"letra":null,"nombre":"YERSINIOSIS EXTRAINTESTINAL","codigo":"A282","ca
❌ [REQUEST FAILED +117.26s] https://www.google-analytics.com/g/collect?v=2&tid=G-ZVKJ9CWYCW&gtm=45je67t1v9248896219za200zd9248896219&_p=1785528955463&gcd=13l3l3l3l1l1&npa=0&dma=0&_eu=AEAAAAQ&ae=a&are=1&cid=1224622135.1785528908&frm=0&ngs=1&pscdl=noapi&rcb=12&sr=1536x960&uaa=x86&uab=64&uafvl=Chromium%3B145.0.7632.6%7CNot%253AA-Brand%3B99.0.0.0&uam=&uamb=0&uap=Windows&uapv=10.0&uaw=0&ul=en-us&_s=5&tag_exp=115616985~115938465~115938468~118395334~118897920~118897930~119527019~119896802~120222307&dl=https%3A%2F%2Fadmin-dev.mediplanner.mx%2FConsulta%2FConsultaDetalles&dr=https%3A%2F%2Fadmin-dev.mediplanner.mx%2FConsulta%2FConsultaGeneral&sid=1785528907&sct=1&seg=1&dt=Mediplanner&en=page_view&_et=56643&tfd=75732 — net::ERR_ABORTED
Estatus de la consulta reabierta: "Terminada"
  ✅ motivo: "Paciente acude a consulta por cefalea persistente de 3 días "
  ✅ padecimiento: "Inicia padecimiento actual hace 3 días con cefalea frontal d"
  ✅ notas_evolucion: "Evolución favorable sin complicaciones"
  ✅ nombre_referido: "Dr. Alejandro Torres (Medicina General)"
  ✅ apariencia: "Paciente bien nutrido, hidratado, consciente, orientado, sin"
  ✅ impresion_diagnostico: "Impresión diagnóstica: Condición médica a evaluar. Se solici"
  ✅ indicaciones_general: "<p>Reposo relativo, abundantes líquidos, control de signos d"
  ✅ indicaciones_procedimiento: "<p>Solicitar estudios de laboratorio de rutina</p>"
  ✅ diagnosticos: 1 elemento(s)
  ✅ servicios: 1 elemento(s)
  ✅ medicamentos guardados: 2
  ⏳ Exploración segmentaria: getFilledForm en blanco, esperando 10000ms antes de reintentar (intento 1/6)...
  ⏳ Exploración segmentaria: getFilledForm en blanco, esperando 15000ms antes de reintentar (intento 2/6)...
  ⏳ Exploración segmentaria: getFilledForm en blanco, esperando 20000ms antes de reintentar (intento 3/6)...
  ⏳ Exploración segmentaria: getFilledForm en blanco, esperando 25000ms antes de reintentar (intento 4/6)...
  ⏳ Exploración segmentaria: getFilledForm en blanco, esperando 30000ms antes de reintentar (intento 5/6)...
  ⏳ Exploración segmentaria: getFilledForm en blanco, esperando 30000ms antes de reintentar (intento 6/6)...
❌ Exploración segmentaria: getFilledForm siguió devolviendo el formulario en blanco tras 130000ms de reintentos — no se pudo confirmar que el retraso sea transitorio en esta corrida.
  ⏳ Aparatos y sistemas: getFilledForm en blanco, esperando 10000ms antes de reintentar (intento 1/6)...
  ⏳ Aparatos y sistemas: getFilledForm en blanco, esperando 15000ms antes de reintentar (intento 2/6)...
  ⏳ Aparatos y sistemas: getFilledForm en blanco, esperando 20000ms antes de reintentar (intento 3/6)...
  ⏳ Aparatos y sistemas: getFilledForm en blanco, esperando 25000ms antes de reintentar (intento 4/6)...
  ⏳ Aparatos y sistemas: getFilledForm en blanco, esperando 30000ms antes de reintentar (intento 5/6)...
  ⏳ Aparatos y sistemas: getFilledForm en blanco, esperando 30000ms antes de reintentar (intento 6/6)...
❌ Aparatos y sistemas: getFilledForm siguió devolviendo el formulario en blanco tras 130000ms de reintentos — no se pudo confirmar que el retraso sea transitorio en esta corrida.

🐛 2 inconsistencia(s) encontradas tras Finalizar:
   - Exploración segmentaria: getFilledForm siguió devolviendo el formulario en blanco tras 130000ms de reintentos — no se pudo confirmar que el retraso sea transitorio en esta corrida.
   - Aparatos y sistemas: getFilledForm siguió devolviendo el formulario en blanco tras 130000ms de reintentos — no se pudo confirmar que el retraso sea transitorio en esta corrida.

🎉 === CONSULTA COMPLETADA EXITOSAMENTE ===

══════════════════════════════════════════════════════════════════════
📊  RESUMEN DEVTOOLS MONITOR
══════════════════════════════════════════════════════════════════════
⏱️  Duración total:         389.3s
📤  API Requests enviados:  142
✅  Responses exitosas:     136
🟠  Responses con error:    2
🔴  Errores de JS/consola:  44
🟡  Warnings de consola:    0

── Errores detectados ──────────────────────────────────────────────
  [1] +0.75s → net::ERR_ABORTED
  [2] +2.36s → net::ERR_ABORTED
  [3] +5.71s → net::ERR_ABORTED
  [4] +7.93s → net::ERR_ABORTED
  [5] +8.12s → data-stepper-next not found
  [6] +13.79s → net::ERR_ABORTED
  [7] +33.42s → net::ERR_ABORTED
  [8] +33.42s → net::ERR_ABORTED
  [9] +33.42s → net::ERR_ABORTED
  [10] +33.75s → net::ERR_ABORTED
  [11] +33.80s → net::ERR_ABORTED
  [12] +33.80s → net::ERR_ABORTED
  [13] +35.76s → net::ERR_ABORTED
  [14] +36.35s → net::ERR_ABORTED
  [15] +36.35s → net::ERR_ABORTED
  [16] +36.35s → net::ERR_ABORTED
  [17] +36.74s → net::ERR_ABORTED
  [18] +37.40s → net::ERR_ABORTED
  [19] +37.40s → net::ERR_ABORTED
  [20] +37.40s → net::ERR_ABORTED
  [21] +37.40s → net::ERR_ABORTED
  [22] +37.40s → net::ERR_ABORTED
  [23] +37.65s → net::ERR_ABORTED
  [24] +37.77s → net::ERR_ABORTED
  [25] +39.41s → net::ERR_ABORTED
  [26] +39.41s → net::ERR_ABORTED
  [27] +39.41s → net::ERR_ABORTED
  [28] +39.76s → net::ERR_ABORTED
  [29] +39.87s → net::ERR_ABORTED
  [30] +41.51s → net::ERR_ABORTED
  [31] +41.51s → net::ERR_ABORTED
  [32] +41.51s → net::ERR_ABORTED
  [33] +41.80s → net::ERR_ABORTED
  [34] +41.90s → net::ERR_ABORTED
  [35] +46.82s → net::ERR_ABORTED
  [36] +55.53s → net::ERR_ABORTED
  [37] +55.91s → net::ERR_ABORTED
  [38] +60.54s → net::ERR_ABORTED
  [39] +112.07s → net::ERR_ABORTED
  [40] +112.74s → Failed to load resource: the server responded with a status of 404 (Not Found)
  [41] +112.74s → Error fetching formularios paciente: undefined
  [42] +112.74s → Failed to load resource: the server responded with a status of 404 (Not Found)
  [43] +112.74s → Error fetching formularios paciente: undefined
  [44] +117.26s → net::ERR_ABORTED

── API calls fallidas ──────────────────────────────────────────────
  [1] +112.73s → 404 https://admin-dev.mediplanner.mx/api/patients/getFilledForm
       Body: {"status":"ERROR","message":"No se encontró el formulario asignado al paciente"}
  [2] +112.74s → 404 https://admin-dev.mediplanner.mx/api/patients/getFilledForm
       Body: {"status":"ERROR","message":"No se encontró el formulario asignado al paciente"}
══════════════════════════════════════════════════════════════════════

⚠️ El test terminó con 44 error(es) y 2 API call(s) fallida(s).
  x  2 [doctor-consultation] › tests\consultation.full-flow.spec.js:661:1 › Start a scheduled consultation from Inicio (6.5m)


  1) [doctor-consultation] › tests\consultation.full-flow.spec.js:661:1 › Start a scheduled consultation from Inicio 

    Error: No debe haber responses con error de API: [{"direction":"RESPONSE","method":"POST","status":404,"url":"https://admin-dev.mediplanner.mx/api/patients/getFilledForm","bodyPreview":"{\"status\":\"ERROR\",\"message\":\"No se encontró el formulario asignado al paciente\"}","timestamp":"112.73","latencyMs":1415},{"direction":"RESPONSE","method":"POST","status":404,"url":"https://admin-dev.mediplanner.mx/api/patients/getFilledForm","bodyPreview":"{\"status\":\"ERROR\",\"message\":\"No se encontró el formulario asignado al paciente\"}","timestamp":"112.74","latencyMs":1422}]

    [2mexpect([22m[31mreceived[39m[2m).[22mtoBe[2m([22m[32mexpected[39m[2m) // Object.is equality[22m

    Expected: [32m0[39m
    Received: [31m2[39m

       999 |
      1000 |   expect(serviciosSinOpciones, '🐛 BUG: dropdown "Agregar servicios" sin opciones ("No se encontraron elementos")').toBe(false);
    > 1001 |   expect(result.failedApiCalls.length, `No debe haber responses con error de API: ${JSON.stringify(result.failedApiCalls)}`).toBe(0);
           |                                                                                                                              ^
      1002 |   expect(inconsistencias, `Datos inconsistentes tras Finalizar:\n${inconsistencias.join('\n')}`).toEqual([]);
      1003 | });
      1004 |
        at C:\Users\pandr\OneDrive\00_Pedro_Quijada\03_RYM-Solutions\Repositorios\MediplannerWebNuevo\tests\consultation.full-flow.spec.js:1001:126

    attachment #1: screenshot (image/png) ──────────────────────────────────────────────────────────
    test-results\consultation.full-flow-Sta-327b2-ed-consultation-from-Inicio-doctor-consultation\test-failed-1.png
    ────────────────────────────────────────────────────────────────────────────────────────────────

    Error Context: test-results\consultation.full-flow-Sta-327b2-ed-consultation-from-Inicio-doctor-consultation\error-context.md

  Slow test file: [doctor-consultation] › tests\consultation.full-flow.spec.js (6.5m)
  Consider running tests from slow files in parallel. See: https://playwright.dev/docs/test-parallel
  1 failed
    [doctor-consultation] › tests\consultation.full-flow.spec.js:661:1 › Start a scheduled consultation from Inicio 
  1 passed (6.7m)
=== FIN PROYECTO vuelta=2 proyecto=doctor-consultation exit=1 14:21:43 ===
=== INICIO PROYECTO vuelta=2 proyecto=consultation-inputs-validation 14:21:44 ===
[dotenv@17.3.1] injecting env (4) from .env -- tip: ⚙️  write to custom object with { processEnv: myObject }

Running 2 tests using 1 worker

[dotenv@17.3.1] injecting env (0) from .env -- tip: 🔐 prevent committing .env to code: https://dotenvx.com/precommit
🔐 Iniciando proceso de autenticación...
🌐 URL base: https://admin-dev.mediplanner.mx/
📧 Email: dr.***@gmail.com
✅ Navegación exitosa a la página principal
⏳ Esperando formulario de login...
✅ Formulario de login detectado
✅ Campo email llenado
✅ Campo contraseña llenado
✅ Botón de login clickeado
✅ Página principal cargada
✅ Autenticación exitosa - Redirigido fuera de login
✅ Sesión guardada en storageState.json
  ok 1 [setup] › tests\auth.setup.ts:7:6 › authenticate (5.8s)
[dotenv@17.3.1] injecting env (0) from .env -- tip: 🤖 agentic secret storage: https://dotenvx.com/as2
🏠 Navegando a Dashboard (Inicio)...
⚠️ No hay citas con botón Iniciar hoy
🔍 Revisando próximos 5 días...
[2026-07-31T20:21:59.057Z] ℹ️  Buscando botón Iniciar en los próximos 5 días...
[2026-07-31T20:21:59.110Z] ⚠️  Calendario del Dashboard no renderizó (intento 1/3), recargando...
[2026-07-31T20:22:01.097Z] ⚠️  Calendario del Dashboard no renderizó (intento 2/3), recargando...
[2026-07-31T20:22:03.198Z] ⚠️  Calendario del Dashboard no renderizó (intento 3/3), recargando...
[2026-07-31T20:22:05.188Z] ⚠️  El calendario del Dashboard no llegó a renderizar (td[data-day])
[2026-07-31T20:22:05.188Z] ℹ️  Revisando fecha: 2026-07-31
[2026-07-31T20:22:05.213Z] ℹ️  Revisando fecha: 2026-08-01
[2026-07-31T20:22:05.230Z] ⚠️  No se encontró la celda del calendario para 2026-08-01
[2026-07-31T20:22:05.231Z] ℹ️  Revisando fecha: 2026-08-02
[2026-07-31T20:22:05.241Z] ⚠️  No se encontró la celda del calendario para 2026-08-02
[2026-07-31T20:22:05.241Z] ℹ️  Revisando fecha: 2026-08-03
[2026-07-31T20:22:05.261Z] ⚠️  No se encontró la celda del calendario para 2026-08-03
[2026-07-31T20:22:05.261Z] ℹ️  Revisando fecha: 2026-08-04
[2026-07-31T20:22:05.283Z] ⚠️  No se encontró la celda del calendario para 2026-08-04
[2026-07-31T20:22:05.283Z] ℹ️  Revisando fecha: 2026-08-05
[2026-07-31T20:22:05.302Z] ⚠️  No se encontró la celda del calendario para 2026-08-05
📅 No se encontraron citas en 5 días, creando una cita...
📅 Creando nueva cita usando utils...
[2026-07-31T20:22:05.304Z] ℹ️  Explorando próximos 5 días para registrar una cita...
[2026-07-31T20:22:15.523Z] ℹ️  Buscando botón "Agendar cita"...
[2026-07-31T20:22:16.103Z] ℹ️  Comboboxes en wizard: 1
[2026-07-31T20:22:16.816Z] ℹ️  Esperando 2s a que carguen opciones...
[2026-07-31T20:22:18.844Z] ℹ️  Opciones encontradas: 10
[2026-07-31T20:22:18.950Z] ✅ Opción seleccionada
[2026-07-31T20:22:22.143Z] ℹ️  Selects en paso 2: 2
[2026-07-31T20:22:22.152Z] ℹ️  Opciones tipo consulta: 4
[2026-07-31T20:22:23.765Z] ℹ️  Opciones hospital: 6
[2026-07-31T20:22:24.965Z] ℹ️  Buscando input de fecha...
[2026-07-31T20:22:26.990Z] ✅ Input de fecha encontrado con selector: input[type="date"]
[2026-07-31T20:22:27.002Z] ℹ️  Intentando registrar cita en: 2026-07-31
[2026-07-31T20:22:29.118Z] ⚠️  No hay horas disponibles en 2026-07-31
[2026-07-31T20:22:29.118Z] ℹ️  Intentando registrar cita en: 2026-08-01
[2026-07-31T20:22:31.243Z] ⚠️  No hay horas disponibles en 2026-08-01
[2026-07-31T20:22:31.243Z] ℹ️  Intentando registrar cita en: 2026-08-02
[2026-07-31T20:22:33.357Z] ⚠️  No hay horas disponibles en 2026-08-02
[2026-07-31T20:22:33.358Z] ℹ️  Intentando registrar cita en: 2026-08-03
[2026-07-31T20:22:35.477Z] ✅ Horas disponibles en 2026-08-03: 184
[2026-07-31T20:22:35.501Z] ℹ️  Intentando seleccionar hora: 10:20
[2026-07-31T20:22:36.656Z] ✅ Hora seleccionada exitosamente
[2026-07-31T20:22:40.909Z] ✅ Cita registrada exitosamente en 2026-08-03
✅ Cita creada exitosamente
🔙 Volviendo a Dashboard...
[2026-07-31T20:22:44.804Z] ℹ️  Buscando botón Iniciar en los próximos 5 días...
[2026-07-31T20:22:45.528Z] ⚠️  Calendario del Dashboard no renderizó (intento 1/3), recargando...
[2026-07-31T20:22:47.808Z] ⚠️  Calendario del Dashboard no renderizó (intento 2/3), recargando...
[2026-07-31T20:22:49.931Z] ⚠️  Calendario del Dashboard no renderizó (intento 3/3), recargando...
[2026-07-31T20:22:52.015Z] ⚠️  El calendario del Dashboard no llegó a renderizar (td[data-day])
[2026-07-31T20:22:52.015Z] ℹ️  Revisando fecha: 2026-07-31
[2026-07-31T20:22:52.041Z] ℹ️  Revisando fecha: 2026-08-01
[2026-07-31T20:22:54.159Z] ℹ️  Revisando fecha: 2026-08-02
[2026-07-31T20:22:55.646Z] ℹ️  Revisando fecha: 2026-08-03
[2026-07-31T20:22:57.639Z] ✅ Encontrados 15 botones Iniciar visibles en 2026-08-03
▶️ Iniciando consulta...

🧪 === PRUEBA DE VALIDACIÓN DE SIGNOS VITALES ===

📋 Probando valores INVÁLIDOS (letras, valores extremos):

  Peso: "abc123" -> "123" | BLOQUEÓ ✅
  Peso (extremo): "99999" -> "99999" | ACEPTÓ ❌
  Talla: "tres" -> "" | BLOQUEÓ ✅
  Talla (extremo): "999" -> "999" | ACEPTÓ ❌
  Presión Arterial: "abc/def" -> "/" | BLOQUEÓ ✅
  Presión (extremo): "999/999" -> "999/999" | ACEPTÓ ❌
  Temperatura: "treinta" -> "" | BLOQUEÓ ✅
  Temperatura (extremo): "150" -> "15" | BLOQUEÓ ✅
  Frecuencia Cardiaca: "corazon" -> "" | BLOQUEÓ ✅
  FC (extremo): "999" -> "999" | ACEPTÓ ❌
  Oxigenación: "aire" -> "" | BLOQUEÓ ✅
  Oxigenación (extremo): "500" -> "500" | ACEPTÓ ❌
  Frecuencia Respiratoria: "respirar" -> "" | BLOQUEÓ ✅
  FR (extremo): "200" -> "200" | ACEPTÓ ❌

📊 === REPORTE DE VALIDACIÓN ===
════════════════════════════════════════════════════════════════════════════════

🔹 Peso:
   Valor probado: "abc123"
   Resultado: ✅ BLOQUEÓ (CORRECTO)
   Nota: ✅ BLOQUEADO: Aceptó solo números "123"

🔹 Peso (extremo):
   Valor probado: "99999"
   Resultado: ❌ ACEPTÓ (INCORRECTO)
   Nota: ❌ VULNERABLE: Aceptó valor inválido completo

🔹 Talla:
   Valor probado: "tres"
   Resultado: ✅ BLOQUEÓ (CORRECTO)
   Nota: ✅ BLOQUEADO: Valor vacío o 0

🔹 Talla (extremo):
   Valor probado: "999"
   Resultado: ❌ ACEPTÓ (INCORRECTO)
   Nota: ❌ VULNERABLE: Aceptó valor inválido completo

🔹 Presión Arterial:
   Valor probado: "abc/def"
   Resultado: ✅ BLOQUEÓ (CORRECTO)
   Nota: ✅ BLOQUEADO: Aceptó solo números "/"

🔹 Presión (extremo):
   Valor probado: "999/999"
   Resultado: ❌ ACEPTÓ (INCORRECTO)
   Nota: ❌ VULNERABLE: Aceptó valor inválido completo

🔹 Temperatura:
   Valor probado: "treinta"
   Resultado: ✅ BLOQUEÓ (CORRECTO)
   Nota: ✅ BLOQUEADO: Valor vacío o 0

🔹 Temperatura (extremo):
   Valor probado: "150"
   Resultado: ✅ BLOQUEÓ (CORRECTO)
   Nota: ✅ BLOQUEADO: Aceptó solo números "15"

🔹 Frecuencia Cardiaca:
   Valor probado: "corazon"
   Resultado: ✅ BLOQUEÓ (CORRECTO)
   Nota: ✅ BLOQUEADO: Valor vacío o 0

🔹 FC (extremo):
   Valor probado: "999"
   Resultado: ❌ ACEPTÓ (INCORRECTO)
   Nota: ❌ VULNERABLE: Aceptó valor inválido completo

🔹 Oxigenación:
   Valor probado: "aire"
   Resultado: ✅ BLOQUEÓ (CORRECTO)
   Nota: ✅ BLOQUEADO: Valor vacío o 0

🔹 Oxigenación (extremo):
   Valor probado: "500"
   Resultado: ❌ ACEPTÓ (INCORRECTO)
   Nota: ❌ VULNERABLE: Aceptó valor inválido completo

🔹 Frecuencia Respiratoria:
   Valor probado: "respirar"
   Resultado: ✅ BLOQUEÓ (CORRECTO)
   Nota: ✅ BLOQUEADO: Valor vacío o 0

🔹 FR (extremo):
   Valor probado: "200"
   Resultado: ❌ ACEPTÓ (INCORRECTO)
   Nota: ❌ VULNERABLE: Aceptó valor inválido completo

════════════════════════════════════════════════════════════════════════════════
📈 RESUMEN: 8 campos protegidos ✅ | 6 campos vulnerables ❌
════════════════════════════════════════════════════════════════════════════════

⚠️  CAMPOS VULNERABLES A INPUT INVÁLIDO: Peso (extremo), Talla (extremo), Presión (extremo), FC (extremo), Oxigenación (extremo), FR (extremo)

💉 Ahora llenando con valores válidos...
💓 Presión arterial: 120/80
🔄 Esperando redirección...
✅ Redirigido a página de consulta
⏳ Esperando carga completa de la consulta...
✅ Página de consulta cargada

🔍 Buscando pestaña: General
🎯 Llenando campos específicos para General
🔍 Buscando campo específico: hospital
⚠️ No se pudo encontrar o llenar el campo específico: hospital
🔍 Buscando campo específico: tipo de consulta
⚠️ No se pudo encontrar o llenar el campo específico: tipo de consulta
🔍 Buscando campo específico: motivo de la consulta
⚠️ No se pudo encontrar o llenar el campo específico: motivo de la consulta
🔍 Buscando campo específico: padecimiento actual
✅ Campo "padecimiento actual" llenado con: "Inicia padecimiento actual hace 3 días con cefalea frontal de tipo opresiva."
🔍 Buscando campo específico: notas de evolución
✅ Campo "notas de evolución" llenado con: "Evolución favorable sin complicaciones"
🔍 Buscando campo específico: nombre de referido
⚠️ No se pudo encontrar o llenar el campo específico: nombre de referido
📋 Sección General: Completando información correcta sin tests...
📝 Llenando campos de la pestaña: General
✅ Textarea 1 llenado
✅ Textarea 4 llenado
✅ Textarea 28 llenado
✅ Textarea 29 llenado
✅ Textarea 30 llenado
✅ Textarea 35 llenado
✅ Input 1 llenado
✅ Input 8 llenado
💾 Buscando botón guardar/continuar en General...
✅ Click en guardar/continuar

🔍 Buscando pestaña: Exploración
  x  2 [consultation-inputs-validation] › tests\consultation.inputs-validation.spec.ts:1547:5 › Start a scheduled consultation - Stress Test (2.6m)


  1) [consultation-inputs-validation] › tests\consultation.inputs-validation.spec.ts:1547:5 › Start a scheduled consultation - Stress Test 

    TimeoutError: page.waitForLoadState: Timeout 30000ms exceeded.

      1872 |     
      1873 |     await tabElement.click();
    > 1874 |     await page.waitForLoadState('networkidle');
           |                ^
      1875 |     await page.waitForTimeout(2000);
      1876 |     
      1877 |     if (requiredFields.length > 0) {
        at C:\Users\pandr\OneDrive\00_Pedro_Quijada\03_RYM-Solutions\Repositorios\MediplannerWebNuevo\tests\consultation.inputs-validation.spec.ts:1874:16

    attachment #1: screenshot (image/png) ──────────────────────────────────────────────────────────
    test-results\consultation.inputs-valida-6ac2d--consultation---Stress-Test-consultation-inputs-validation\test-failed-1.png
    ────────────────────────────────────────────────────────────────────────────────────────────────

    Error Context: test-results\consultation.inputs-valida-6ac2d--consultation---Stress-Test-consultation-inputs-validation\error-context.md

  1 failed
    [consultation-inputs-validation] › tests\consultation.inputs-validation.spec.ts:1547:5 › Start a scheduled consultation - Stress Test 
  1 passed (2.8m)
=== FIN PROYECTO vuelta=2 proyecto=consultation-inputs-validation exit=1 14:24:31 ===
=== INICIO PROYECTO vuelta=2 proyecto=consultation-user-errors 14:24:31 ===
[dotenv@17.3.1] injecting env (4) from .env -- tip: ⚙️  load multiple .env files with { path: ['.env.local', '.env'] }

Running 7 tests using 1 worker

[dotenv@17.3.1] injecting env (0) from .env -- tip: ⚡️ secrets for agents: https://dotenvx.com/as2
🔐 Iniciando proceso de autenticación...
🌐 URL base: https://admin-dev.mediplanner.mx/
📧 Email: dr.***@gmail.com
✅ Navegación exitosa a la página principal
⏳ Esperando formulario de login...
✅ Formulario de login detectado
✅ Campo email llenado
✅ Campo contraseña llenado
✅ Botón de login clickeado
✅ Página principal cargada
✅ Autenticación exitosa - Redirigido fuera de login
✅ Sesión guardada en storageState.json
  ok 1 [setup] › tests\auth.setup.ts:7:6 › authenticate (5.5s)
[dotenv@17.3.1] injecting env (0) from .env -- tip: ⚙️  override existing env vars with { override: true }
[2026-07-31T20:24:42.054Z] ℹ️  Explorando próximos 5 días para registrar una cita...
[2026-07-31T20:24:42.055Z] ℹ️  Paciente objetivo de la cita: "Daniela Jiménez"
❌ [REQUEST FAILED +1.47s] https://www.google-analytics.com/g/collect?v=2&tid=G-ZVKJ9CWYCW&gtm=45je67t1v9248896219za200zd9248896219&_p=1785529482924&gcd=13l3l3l3l1l1&npa=0&dma=0&_eu=AAAAAAQ&are=1&cid=1338814980.1785529476&frm=0&ngs=1&pscdl=noapi&rcb=6&sr=1536x960&uaa=x86&uab=64&uafvl=Chromium%3B145.0.7632.6%7CNot%253AA-Brand%3B99.0.0.0&uam=&uamb=0&uap=Windows&uapv=10.0&uaw=0&ul=en-us&_s=1&tag_exp=115616986~115938465~115938469~118897920~118897930~119896802~120222307&sid=1785529475&sct=1&seg=1&dl=https%3A%2F%2Fadmin-dev.mediplanner.mx%2FCitas&dt=Mediplanner&en=page_view&_ee=1&tfd=1328 — net::ERR_ABORTED
❌ [REQUEST FAILED +2.41s] https://mediplanner-atencion.zendesk.com/frontendevents/pv?client=1B752747-577B-429A-A0E0-83861AF69088 — net::ERR_ABORTED
📤 [API REQUEST    +3.93s] POST https://admin-dev.mediplanner.mx/api/permissions/getPermissions
📤 [API REQUEST    +3.94s] GET https://admin-dev.mediplanner.mx/api/profile/getProfile
📤 [API REQUEST    +4.28s] POST https://admin-dev.mediplanner.mx/api/appointments/getFilteredAppointments
✅ [API RESPONSE   +5.00s] (1070ms) 200 https://admin-dev.mediplanner.mx/api/permissions/getPermissions → {"status":"OK","data":[{"id":1,"name":"Consultar","module":"Usuarios","module_id":1,"active":false},{"id":2,"name":"Crea
✅ [API RESPONSE   +5.01s] (1077ms) 200 https://admin-dev.mediplanner.mx/api/profile/getProfile → {"status":"OK","data":{"id":467,"sNombre":"Walter","sPaterno":"Hartwell","sMaterno":"White","sCorreo":"dpichardo@rym-sol
✅ [API RESPONSE   +5.96s] (1681ms) 200 https://admin-dev.mediplanner.mx/api/appointments/getFilteredAppointments → {"status":"OK","data":[{"title":"Consulta inicial","doctor_id":467,"doctor_name":"Dr.Walter Hartwell White","doctor_img"
❌ [REQUEST FAILED +6.43s] https://www.google-analytics.com/g/collect?v=2&tid=G-ZVKJ9CWYCW&gtm=45je67t1v9248896219za200zd9248896219&_p=1785529482924&gcd=13l3l3l3l1l1&npa=0&dma=0&_eu=AEAAAAQ&ae=a&are=1&cid=1338814980.1785529476&frm=0&ngs=1&pscdl=noapi&rcb=6&sr=1536x960&uaa=x86&uab=64&uafvl=Chromium%3B145.0.7632.6%7CNot%253AA-Brand%3B99.0.0.0&uam=&uamb=0&uap=Windows&uapv=10.0&uaw=0&ul=en-us&_s=2&tag_exp=115616986~115938465~115938469~118897920~118897930~119896802~120222307&sid=1785529475&sct=1&seg=1&dl=https%3A%2F%2Fadmin-dev.mediplanner.mx%2FCitas&dt=Mediplanner&en=scroll&epn.percent_scrolled=90&_et=5&tfd=6344 — net::ERR_ABORTED
[2026-07-31T20:24:51.041Z] ℹ️  Buscando botón "Agendar cita"...
🔴 [DEVTOOLS ERROR +9.38s] data-stepper-next not found
📤 [API REQUEST    +9.39s] POST https://admin-dev.mediplanner.mx/api/patients/getPatients
📤 [API REQUEST    +9.39s] POST https://admin-dev.mediplanner.mx/api/appointments/getAppointmentTypes
[2026-07-31T20:24:51.610Z] ℹ️  Comboboxes en wizard: 1
❌ [REQUEST FAILED +10.07s] https://mediplanner-atencion.zendesk.com/frontendevents/pv?client=1B752747-577B-429A-A0E0-83861AF69088 — net::ERR_ABORTED
✅ [API RESPONSE   +10.07s] (677ms) 200 https://admin-dev.mediplanner.mx/api/appointments/getAppointmentTypes → {"status":"OK","data":[{"doctor_id":467,"relacion_id":1,"cita_nombre":"Consulta inicial","duracion":5,"producto_id":0,"u
📤 [API REQUEST    +10.40s] POST https://admin-dev.mediplanner.mx/api/patients/getPatients
[2026-07-31T20:24:52.497Z] ℹ️  Buscando: "Daniela Jiménez" (intento 1/5)...
✅ [API RESPONSE   +11.78s] (1376ms) 200 https://admin-dev.mediplanner.mx/api/patients/getPatients → {"status":"OK","data":{"patients":[{"id":474,"iUsuarioDrId":467,"sImagen":"","sNombre":"Daniela","sPaterno":"Jiménez","s
✅ [API RESPONSE   +11.79s] (2400ms) 200 https://admin-dev.mediplanner.mx/api/patients/getPatients → {"status":"OK","data":{"patients":[{"id":903,"iUsuarioDrId":467,"sImagen":"","sNombre":"Percentil","sPaterno":"Prueba","
[2026-07-31T20:24:54.534Z] ℹ️  Opciones encontradas: 10
[2026-07-31T20:24:54.729Z] ✅ Opción seleccionada (coincide "Daniela Jiménez"): "Daniela Jiménez Durán"
❌ [REQUEST FAILED +15.17s] https://www.google-analytics.com/g/collect?v=2&tid=G-ZVKJ9CWYCW&gtm=45je67t1v9248896219za200zd9248896219&_p=1785529482924&gcd=13l3l3l3l1l1&npa=0&dma=0&_eu=AEAAAAQ&ae=a&are=1&cid=1338814980.1785529476&frm=0&ngs=1&pscdl=noapi&rcb=6&sr=1536x960&uaa=x86&uab=64&uafvl=Chromium%3B145.0.7632.6%7CNot%253AA-Brand%3B99.0.0.0&uam=&uamb=0&uap=Windows&uapv=10.0&uaw=0&ul=en-us&_s=3&tag_exp=115616986~115938465~115938469~118897920~118897930~119896802~120222307&dl=https%3A%2F%2Fadmin-dev.mediplanner.mx%2FCitas%2FCrearCita&dr=https%3A%2F%2Fadmin-dev.mediplanner.mx%2FCitas&sid=1785529475&sct=1&seg=1&dt=Mediplanner&en=page_view&_et=8746&tfd=15079 — net::ERR_ABORTED
[2026-07-31T20:24:57.907Z] ℹ️  Selects en paso 2: 2
[2026-07-31T20:24:57.915Z] ℹ️  Opciones tipo consulta: 4
[2026-07-31T20:24:59.522Z] ℹ️  Opciones hospital: 6
[2026-07-31T20:25:00.730Z] ℹ️  Buscando input de fecha...
[2026-07-31T20:25:02.760Z] ✅ Input de fecha encontrado con selector: input[type="date"]
[2026-07-31T20:25:02.772Z] ℹ️  Intentando registrar cita en: 2026-07-31
📤 [API REQUEST    +20.75s] POST https://admin-dev.mediplanner.mx/api/appointments/getFreeSchedules
✅ [API RESPONSE   +21.65s] (895ms) 200 https://admin-dev.mediplanner.mx/api/appointments/getFreeSchedules → {"status":"OK","data":[]}
[2026-07-31T20:25:04.887Z] ⚠️  No hay horas disponibles en 2026-07-31
[2026-07-31T20:25:04.888Z] ℹ️  Intentando registrar cita en: 2026-08-01
📤 [API REQUEST    +22.88s] POST https://admin-dev.mediplanner.mx/api/appointments/getFreeSchedules
✅ [API RESPONSE   +23.37s] (497ms) 200 https://admin-dev.mediplanner.mx/api/appointments/getFreeSchedules → {"status":"OK","data":[]}
[2026-07-31T20:25:07.003Z] ⚠️  No hay horas disponibles en 2026-08-01
[2026-07-31T20:25:07.004Z] ℹ️  Intentando registrar cita en: 2026-08-02
📤 [API REQUEST    +24.98s] POST https://admin-dev.mediplanner.mx/api/appointments/getFreeSchedules
✅ [API RESPONSE   +25.41s] (425ms) 200 https://admin-dev.mediplanner.mx/api/appointments/getFreeSchedules → {"status":"OK","data":[]}
[2026-07-31T20:25:09.134Z] ⚠️  No hay horas disponibles en 2026-08-02
[2026-07-31T20:25:09.134Z] ℹ️  Intentando registrar cita en: 2026-08-03
📤 [API REQUEST    +27.12s] POST https://admin-dev.mediplanner.mx/api/appointments/getFreeSchedules
✅ [API RESPONSE   +27.77s] (651ms) 200 https://admin-dev.mediplanner.mx/api/appointments/getFreeSchedules → {"status":"OK","data":[{"hora_inicio":"10:25:00","hora_fin":"10:30:00"},{"hora_inicio":"10:30:00","hora_fin":"10:35:00"}
[2026-07-31T20:25:11.250Z] ✅ Horas disponibles en 2026-08-03: 182
[2026-07-31T20:25:11.270Z] ℹ️  Intentando seleccionar hora: 10:25
[2026-07-31T20:25:12.428Z] ✅ Hora seleccionada exitosamente
📤 [API REQUEST    +31.68s] POST https://admin-dev.mediplanner.mx/api/appointments/createAppointment
✅ [API RESPONSE   +34.12s] (2442ms) 200 https://admin-dev.mediplanner.mx/api/appointments/createAppointment → {"status":"OK","data":{"relacion_id":607,"message":"Cita creada correctamente"}}
[2026-07-31T20:25:16.709Z] ✅ Cita registrada exitosamente en 2026-08-03
❌ [REQUEST FAILED +34.85s] https://mediplanner-atencion.zendesk.com/frontendevents/dl?client=1B752747-577B-429A-A0E0-83861AF69088 — net::ERR_ABORTED
❌ [REQUEST FAILED +34.85s] https://p.clarity.ms/collect — net::ERR_ABORTED
❌ [REQUEST FAILED +34.85s] https://www.google-analytics.com/g/collect?v=2&tid=G-ZVKJ9CWYCW&gtm=45je67t1v9248896219za200zd9248896219&_p=1785529482924&gcd=13l3l3l3l1l1&npa=0&dma=0&_eu=AAAAAAQ&are=1&cid=1338814980.1785529476&frm=0&ngs=1&pscdl=noapi&rcb=6&sr=1536x960&uaa=x86&uab=64&uafvl=Chromium%3B145.0.7632.6%7CNot%253AA-Brand%3B99.0.0.0&uam=&uamb=0&uap=Windows&uapv=10.0&uaw=0&ul=en-us&_s=4&tag_exp=115616986~115938465~115938469~118897920~118897930~119896802~120222307&sid=1785529475&sct=1&seg=1&dl=https%3A%2F%2Fadmin-dev.mediplanner.mx%2FCitas%2FCrearCita&dr=https%3A%2F%2Fadmin-dev.mediplanner.mx%2FCitas&dt=Mediplanner&en=user_engagement&_et=24732&tfd=34815 — net::ERR_ABORTED
❌ [REQUEST FAILED +35.48s] https://www.google-analytics.com/g/collect?v=2&tid=G-ZVKJ9CWYCW&gtm=45je67t1v9248896219za200zd9248896219&_p=1785529517276&gcd=13l3l3l3l1l1&npa=0&dma=0&_eu=AAAAAAQ&are=1&cid=1338814980.1785529476&frm=0&ngs=1&pscdl=noapi&rcb=6&sr=1536x960&uaa=x86&uab=64&uafvl=Chromium%3B145.0.7632.6%7CNot%253AA-Brand%3B99.0.0.0&uam=&uamb=0&uap=Windows&uapv=10.0&uaw=0&ul=en-us&_s=1&tag_exp=115938465~115938469~118897920~118897930~119527019~119896802&sid=1785529475&sct=1&seg=1&dl=https%3A%2F%2Fadmin-dev.mediplanner.mx%2FDashboard&dt=Mediplanner&en=page_view&_ee=1&tfd=710 — net::ERR_ABORTED
❌ [REQUEST FAILED +35.55s] https://mediplanner-atencion.zendesk.com/frontendevents/pv?client=1B752747-577B-429A-A0E0-83861AF69088 — net::ERR_ABORTED
📤 [API REQUEST    +35.77s] POST https://admin-dev.mediplanner.mx/api/permissions/getPermissions
📤 [API REQUEST    +35.77s] GET https://admin-dev.mediplanner.mx/api/profile/getProfile
📤 [API REQUEST    +36.00s] POST https://admin-dev.mediplanner.mx/api/appointments/getFilteredAppointments
📤 [API REQUEST    +36.00s] POST https://admin-dev.mediplanner.mx/api/dashboard/getDashboardData
📤 [API REQUEST    +36.00s] POST https://admin-dev.mediplanner.mx/api/procedures/getLastProceduresFilesByDoctorId
📤 [API REQUEST    +36.00s] POST https://admin-dev.mediplanner.mx/api/dashboard/getDashboardPayments
📤 [API REQUEST    +36.00s] POST https://admin-dev.mediplanner.mx/api/wizard/getActiveStep
📤 [API REQUEST    +36.03s] POST https://admin-dev.mediplanner.mx/api/appointments/getAppointmentCount
✅ [API RESPONSE   +36.27s] (504ms) 200 https://admin-dev.mediplanner.mx/api/profile/getProfile → {"status":"OK","data":{"id":467,"sNombre":"Walter","sPaterno":"Hartwell","sMaterno":"White","sCorreo":"dpichardo@rym-sol
✅ [API RESPONSE   +36.38s] (607ms) 200 https://admin-dev.mediplanner.mx/api/permissions/getPermissions → {"status":"OK","data":[{"id":1,"name":"Consultar","module":"Usuarios","module_id":1,"active":false},{"id":2,"name":"Crea
✅ [API RESPONSE   +36.67s] (670ms) 200 https://admin-dev.mediplanner.mx/api/dashboard/getDashboardData → {"status":"OK","data":{"monthConsultations":{"count":70,"percentage":0},"recurring":{"count":15,"percentage":650},"patie
✅ [API RESPONSE   +36.70s] (697ms) 200 https://admin-dev.mediplanner.mx/api/wizard/getActiveStep → {"status":"OK","data":{"activeStep":5,"date":"2026-07-31 14:22:44"}}
✅ [API RESPONSE   +36.72s] (717ms) 200 https://admin-dev.mediplanner.mx/api/procedures/getLastProceduresFilesByDoctorId → {"status":"OK","data":{"procedimientos":[{"paciente_id":894,"paciente_nombre":"Agustin Tapia Nievas","procedimiento_id":
✅ [API RESPONSE   +36.73s] (700ms) 200 https://admin-dev.mediplanner.mx/api/appointments/getAppointmentCount → {"status":"OK","data":[{"date":"2026-07-01","count":0},{"date":"2026-07-02","count":0},{"date":"2026-07-03","count":0},{
✅ [API RESPONSE   +37.04s] (1036ms) 200 https://admin-dev.mediplanner.mx/api/appointments/getFilteredAppointments → {"status":"OK","data":[]}
✅ [API RESPONSE   +37.08s] (1081ms) 200 https://admin-dev.mediplanner.mx/api/dashboard/getDashboardPayments → {"status":"OK","data":{"grafica_actual":[{"etiqueta":"Viernes","total_pagos":0,"monto":0}],"grafica_anterior":[{"etiquet
❌ [REQUEST FAILED +37.47s] https://mediplanner-atencion.zendesk.com/frontendevents/pv?client=1B752747-577B-429A-A0E0-83861AF69088 — net::ERR_ABORTED
📤 [API REQUEST    +38.10s] POST https://admin-dev.mediplanner.mx/api/wizard/getActiveStep
📤 [API REQUEST    +38.50s] GET https://admin-dev.mediplanner.mx/api/profile/getProfile
📤 [API REQUEST    +38.50s] POST https://admin-dev.mediplanner.mx/api/appointments/getAppointmentTypes
📤 [API REQUEST    +38.50s] POST https://admin-dev.mediplanner.mx/api/wizard/saveStep
✅ [API RESPONSE   +38.49s] (388ms) 200 https://admin-dev.mediplanner.mx/api/wizard/getActiveStep → {"status":"OK","data":{"activeStep":5,"date":"2026-07-31 14:22:44"}}
✅ [API RESPONSE   +38.83s] (325ms) 200 https://admin-dev.mediplanner.mx/api/wizard/saveStep → {"status":"OK","data":{"activeStep":5,"date":"2026-07-31 14:25:20"}}
[2026-07-31T20:25:20.887Z] ℹ️  Buscando botón Iniciar para "Daniela" en los próximos 5 días...
❌ [REQUEST FAILED +39.05s] https://www.google-analytics.com/g/collect?v=2&tid=G-ZVKJ9CWYCW&gtm=45je67t1v9248896219za200zd9248896219&_p=1785529517276&gcd=13l3l3l3l1l1&npa=0&dma=0&_eu=AEAAAAQ&ae=a&are=1&cid=1338814980.1785529476&frm=0&ngs=1&pscdl=noapi&rcb=6&sr=1536x960&uaa=x86&uab=64&uafvl=Chromium%3B145.0.7632.6%7CNot%253AA-Brand%3B99.0.0.0&uam=&uamb=0&uap=Windows&uapv=10.0&uaw=0&ul=en-us&tag_exp=115938465~115938469~118897920~118897930~119527019~119896802&sid=1785529475&sct=1&seg=1&dl=https%3A%2F%2Fadmin-dev.mediplanner.mx%2FDashboard&dt=Mediplanner&_s=2&tfd=4352 — net::ERR_ABORTED
❌ [REQUEST FAILED +39.05s] https://www.google-analytics.com/g/collect?v=2&tid=G-ZVKJ9CWYCW&gtm=45je67t1v9248896219za200zd9248896219&_p=1785529517276&gcd=13l3l3l3l1l1&npa=0&dma=0&_eu=AAAAAAQ&are=1&cid=1338814980.1785529476&frm=0&ngs=1&pscdl=noapi&rcb=6&sr=1536x960&uaa=x86&uab=64&uafvl=Chromium%3B145.0.7632.6%7CNot%253AA-Brand%3B99.0.0.0&uam=&uamb=0&uap=Windows&uapv=10.0&uaw=0&ul=en-us&_s=3&tag_exp=115938465~115938469~118897920~118897930~119527019~119896802&sid=1785529475&sct=1&seg=1&dl=https%3A%2F%2Fadmin-dev.mediplanner.mx%2Fwizard%2Fonboarding&dr=https%3A%2F%2Fadmin-dev.mediplanner.mx%2FDashboard&dt=Mediplanner&en=user_engagement&_et=1313&tfd=4352 — net::ERR_ABORTED
❌ [REQUEST FAILED +39.05s] https://admin-dev.mediplanner.mx/api/appointments/getAppointmentTypes — net::ERR_ABORTED
❌ [REQUEST FAILED +39.05s] https://p.clarity.ms/collect — net::ERR_ABORTED
✅ [API RESPONSE   +39.03s] (532ms) 200 https://admin-dev.mediplanner.mx/api/profile/getProfile
📤 [API REQUEST    +39.40s] POST https://admin-dev.mediplanner.mx/api/permissions/getPermissions
📤 [API REQUEST    +39.40s] GET https://admin-dev.mediplanner.mx/api/profile/getProfile
📤 [API REQUEST    +39.40s] POST https://admin-dev.mediplanner.mx/api/appointments/getFilteredAppointments
📤 [API REQUEST    +39.40s] POST https://admin-dev.mediplanner.mx/api/dashboard/getDashboardData
📤 [API REQUEST    +39.40s] POST https://admin-dev.mediplanner.mx/api/procedures/getLastProceduresFilesByDoctorId
📤 [API REQUEST    +39.40s] POST https://admin-dev.mediplanner.mx/api/dashboard/getDashboardPayments
❌ [REQUEST FAILED +39.40s] https://mediplanner-atencion.zendesk.com/frontendevents/pv?client=1B752747-577B-429A-A0E0-83861AF69088 — net::ERR_ABORTED
📤 [API REQUEST    +39.41s] POST https://admin-dev.mediplanner.mx/api/appointments/getAppointmentCount
❌ [REQUEST FAILED +39.41s] https://www.google-analytics.com/g/collect?v=2&tid=G-ZVKJ9CWYCW&gtm=45je67t1v9248896219za200zd9248896219&_p=1785529521199&gcd=13l3l3l3l1l1&npa=0&dma=0&_eu=AAAAAAQ&are=1&cid=1338814980.1785529476&frm=0&ngs=1&pscdl=noapi&rcb=8&sr=1536x960&uaa=x86&uab=64&uafvl=Chromium%3B145.0.7632.6%7CNot%253AA-Brand%3B99.0.0.0&uam=&uamb=0&uap=Windows&uapv=10.0&uaw=0&ul=en-us&_s=1&tag_exp=115616985~115938465~115938468~118897920~118897930~119381662~119896803&sid=1785529475&sct=1&seg=1&dl=https%3A%2F%2Fadmin-dev.mediplanner.mx%2FDashboard&dt=Mediplanner&en=page_view&_ee=1&tfd=492 — net::ERR_ABORTED
[2026-07-31T20:25:21.621Z] ⚠️  Calendario del Dashboard no renderizó (intento 1/3), recargando...
❌ [REQUEST FAILED +40.29s] https://admin-dev.mediplanner.mx/api/dashboard/getDashboardPayments — net::ERR_ABORTED
❌ [REQUEST FAILED +40.29s] https://admin-dev.mediplanner.mx/api/appointments/getAppointmentCount — net::ERR_ABORTED
❌ [REQUEST FAILED +40.29s] https://p.clarity.ms/collect — net::ERR_ABORTED
❌ [REQUEST FAILED +40.29s] https://www.google-analytics.com/g/collect?v=2&tid=G-ZVKJ9CWYCW&gtm=45je67t1v9248896219za200zd9248896219&_p=1785529521199&gcd=13l3l3l3l1l1&npa=0&dma=0&_eu=AEAAAAQ&ae=a&are=1&cid=1338814980.1785529476&frm=0&ngs=1&pscdl=noapi&rcb=8&sr=1536x960&uaa=x86&uab=64&uafvl=Chromium%3B145.0.7632.6%7CNot%253AA-Brand%3B99.0.0.0&uam=&uamb=0&uap=Windows&uapv=10.0&uaw=0&ul=en-us&_s=2&tag_exp=115616985~115938465~115938468~118897920~118897930~119381662~119896803&sid=1785529475&sct=1&seg=1&dl=https%3A%2F%2Fadmin-dev.mediplanner.mx%2FDashboard&dt=Mediplanner&en=scroll&epn.percent_scrolled=90&_et=24&tfd=1409 — net::ERR_ABORTED
✅ [API RESPONSE   +39.95s] (556ms) 200 https://admin-dev.mediplanner.mx/api/dashboard/getDashboardData
✅ [API RESPONSE   +40.08s] (680ms) 200 https://admin-dev.mediplanner.mx/api/procedures/getLastProceduresFilesByDoctorId
✅ [API RESPONSE   +40.27s] (869ms) 200 https://admin-dev.mediplanner.mx/api/appointments/getFilteredAppointments
✅ [API RESPONSE   +40.27s] (874ms) 200 https://admin-dev.mediplanner.mx/api/permissions/getPermissions
✅ [API RESPONSE   +40.28s] (882ms) 200 https://admin-dev.mediplanner.mx/api/profile/getProfile
❌ [REQUEST FAILED +40.57s] https://www.google-analytics.com/g/collect?v=2&tid=G-ZVKJ9CWYCW&gtm=45je67t1v9248896219za200zd9248896219&_p=1785529522423&gcd=13l3l3l3l1l1&npa=0&dma=0&_eu=AAAAAAQ&are=1&cid=1338814980.1785529476&frm=0&ngs=1&pscdl=noapi&rcb=18&sr=1536x960&uaa=x86&uab=64&uafvl=Chromium%3B145.0.7632.6%7CNot%253AA-Brand%3B99.0.0.0&uam=&uamb=0&uap=Windows&uapv=10.0&uaw=0&ul=en-us&_s=1&tag_exp=115616985~115938465~115938469~118897920~118897930~119527020~119896802&sid=1785529475&sct=1&seg=1&dl=https%3A%2F%2Fadmin-dev.mediplanner.mx%2FDashboard&dt=Mediplanner&en=page_view&_ee=1&tfd=894 — net::ERR_ABORTED
📤 [API REQUEST    +40.69s] POST https://admin-dev.mediplanner.mx/api/permissions/getPermissions
📤 [API REQUEST    +40.69s] GET https://admin-dev.mediplanner.mx/api/profile/getProfile
📤 [API REQUEST    +40.69s] POST https://admin-dev.mediplanner.mx/api/appointments/getFilteredAppointments
📤 [API REQUEST    +40.69s] POST https://admin-dev.mediplanner.mx/api/dashboard/getDashboardData
📤 [API REQUEST    +40.69s] POST https://admin-dev.mediplanner.mx/api/procedures/getLastProceduresFilesByDoctorId
📤 [API REQUEST    +40.69s] POST https://admin-dev.mediplanner.mx/api/dashboard/getDashboardPayments
❌ [REQUEST FAILED +40.71s] https://mediplanner-atencion.zendesk.com/frontendevents/pv?client=1B752747-577B-429A-A0E0-83861AF69088 — net::ERR_ABORTED
📤 [API REQUEST    +40.71s] POST https://admin-dev.mediplanner.mx/api/appointments/getAppointmentCount
✅ [API RESPONSE   +41.38s] (692ms) 200 https://admin-dev.mediplanner.mx/api/permissions/getPermissions → {"status":"OK","data":[{"id":1,"name":"Consultar","module":"Usuarios","module_id":1,"active":false},{"id":2,"name":"Crea
✅ [API RESPONSE   +41.39s] (695ms) 200 https://admin-dev.mediplanner.mx/api/procedures/getLastProceduresFilesByDoctorId → {"status":"OK","data":{"procedimientos":[{"paciente_id":894,"paciente_nombre":"Agustin Tapia Nievas","procedimiento_id":
✅ [API RESPONSE   +41.48s] (793ms) 200 https://admin-dev.mediplanner.mx/api/profile/getProfile → {"status":"OK","data":{"id":467,"sNombre":"Walter","sPaterno":"Hartwell","sMaterno":"White","sCorreo":"dpichardo@rym-sol
✅ [API RESPONSE   +41.49s] (795ms) 200 https://admin-dev.mediplanner.mx/api/dashboard/getDashboardData → {"status":"OK","data":{"monthConsultations":{"count":70,"percentage":0},"recurring":{"count":15,"percentage":650},"patie
✅ [API RESPONSE   +41.50s] (809ms) 200 https://admin-dev.mediplanner.mx/api/appointments/getFilteredAppointments → {"status":"OK","data":[]}
✅ [API RESPONSE   +41.69s] (996ms) 200 https://admin-dev.mediplanner.mx/api/dashboard/getDashboardPayments → {"status":"OK","data":{"grafica_actual":[{"etiqueta":"Viernes","total_pagos":0,"monto":0}],"grafica_anterior":[{"etiquet
✅ [API RESPONSE   +41.70s] (984ms) 200 https://admin-dev.mediplanner.mx/api/appointments/getAppointmentCount → {"status":"OK","data":[{"date":"2026-07-01","count":0},{"date":"2026-07-02","count":0},{"date":"2026-07-03","count":0},{
[2026-07-31T20:25:24.207Z] ⚠️  Calendario del Dashboard no renderizó (intento 2/3), recargando...
❌ [REQUEST FAILED +42.32s] https://p.clarity.ms/collect — net::ERR_ABORTED
❌ [REQUEST FAILED +42.32s] https://www.google-analytics.com/g/collect?v=2&tid=G-ZVKJ9CWYCW&gtm=45je67t1v9248896219za200zd9248896219&_p=1785529522423&gcd=13l3l3l3l1l1&npa=0&dma=0&_eu=AEAAAAQ&ae=a&are=1&cid=1338814980.1785529476&frm=0&ngs=1&pscdl=noapi&rcb=18&sr=1536x960&uaa=x86&uab=64&uafvl=Chromium%3B145.0.7632.6%7CNot%253AA-Brand%3B99.0.0.0&uam=&uamb=0&uap=Windows&uapv=10.0&uaw=0&ul=en-us&_s=2&tag_exp=115616985~115938465~115938469~118897920~118897930~119527020~119896802&sid=1785529475&sct=1&seg=1&dl=https%3A%2F%2Fadmin-dev.mediplanner.mx%2FDashboard&dt=Mediplanner&en=scroll&epn.percent_scrolled=90&_et=16&tfd=2718 — net::ERR_ABORTED
❌ [REQUEST FAILED +42.32s] https://www.google-analytics.com/g/collect?v=2&tid=G-ZVKJ9CWYCW&gtm=45je67t1v9248896219za200zd9248896219&_p=1785529522423&gcd=13l3l3l3l1l1&npa=0&dma=0&_eu=AAAAAAQ&are=1&cid=1338814980.1785529476&frm=0&ngs=1&pscdl=noapi&rcb=18&sr=1536x960&uaa=x86&uab=64&uafvl=Chromium%3B145.0.7632.6%7CNot%253AA-Brand%3B99.0.0.0&uam=&uamb=0&uap=Windows&uapv=10.0&uaw=0&ul=en-us&_s=3&tag_exp=115616985~115938465~115938469~118897920~118897930~119527020~119896802&sid=1785529475&sct=1&seg=1&dl=https%3A%2F%2Fadmin-dev.mediplanner.mx%2FDashboard&dt=Mediplanner&en=user_engagement&_et=1819&tfd=2719 — net::ERR_ABORTED
❌ [REQUEST FAILED +42.66s] https://www.google-analytics.com/g/collect?v=2&tid=G-ZVKJ9CWYCW&gtm=45je67t1v9248896219za200zd9248896219&_p=1785529524463&gcd=13l3l3l3l1l1&npa=0&dma=0&_eu=AAAAAAQ&are=1&cid=1338814980.1785529476&frm=0&ngs=1&pscdl=noapi&rcb=12&sr=1536x960&uaa=x86&uab=64&uafvl=Chromium%3B145.0.7632.6%7CNot%253AA-Brand%3B99.0.0.0&uam=&uamb=0&uap=Windows&uapv=10.0&uaw=0&ul=en-us&_s=1&tag_exp=115616986~115938466~115938468~118897920~118897930~119896803&sid=1785529475&sct=1&seg=1&dl=https%3A%2F%2Fadmin-dev.mediplanner.mx%2FDashboard&dt=Mediplanner&en=page_view&_ee=1&tfd=323 — net::ERR_ABORTED
📤 [API REQUEST    +42.71s] POST https://admin-dev.mediplanner.mx/api/permissions/getPermissions
📤 [API REQUEST    +42.71s] GET https://admin-dev.mediplanner.mx/api/profile/getProfile
📤 [API REQUEST    +42.71s] POST https://admin-dev.mediplanner.mx/api/appointments/getFilteredAppointments
📤 [API REQUEST    +42.71s] POST https://admin-dev.mediplanner.mx/api/dashboard/getDashboardData
📤 [API REQUEST    +42.71s] POST https://admin-dev.mediplanner.mx/api/procedures/getLastProceduresFilesByDoctorId
📤 [API REQUEST    +42.72s] POST https://admin-dev.mediplanner.mx/api/dashboard/getDashboardPayments
📤 [API REQUEST    +42.73s] POST https://admin-dev.mediplanner.mx/api/appointments/getAppointmentCount
❌ [REQUEST FAILED +42.75s] https://mediplanner-atencion.zendesk.com/frontendevents/pv?client=1B752747-577B-429A-A0E0-83861AF69088 — net::ERR_ABORTED
✅ [API RESPONSE   +43.33s] (624ms) 200 https://admin-dev.mediplanner.mx/api/procedures/getLastProceduresFilesByDoctorId → {"status":"OK","data":{"procedimientos":[{"paciente_id":894,"paciente_nombre":"Agustin Tapia Nievas","procedimiento_id":
✅ [API RESPONSE   +43.57s] (845ms) 200 https://admin-dev.mediplanner.mx/api/appointments/getAppointmentCount → {"status":"OK","data":[{"date":"2026-07-01","count":0},{"date":"2026-07-02","count":0},{"date":"2026-07-03","count":0},{
✅ [API RESPONSE   +43.58s] (868ms) 200 https://admin-dev.mediplanner.mx/api/permissions/getPermissions → {"status":"OK","data":[{"id":1,"name":"Consultar","module":"Usuarios","module_id":1,"active":false},{"id":2,"name":"Crea
✅ [API RESPONSE   +43.63s] (928ms) 200 https://admin-dev.mediplanner.mx/api/profile/getProfile → {"status":"OK","data":{"id":467,"sNombre":"Walter","sPaterno":"Hartwell","sMaterno":"White","sCorreo":"dpichardo@rym-sol
✅ [API RESPONSE   +43.64s] (934ms) 200 https://admin-dev.mediplanner.mx/api/appointments/getFilteredAppointments → {"status":"OK","data":[]}
✅ [API RESPONSE   +43.64s] (936ms) 200 https://admin-dev.mediplanner.mx/api/dashboard/getDashboardData → {"status":"OK","data":{"monthConsultations":{"count":70,"percentage":0},"recurring":{"count":15,"percentage":650},"patie
✅ [API RESPONSE   +43.70s] (982ms) 200 https://admin-dev.mediplanner.mx/api/dashboard/getDashboardPayments → {"status":"OK","data":{"grafica_actual":[{"etiqueta":"Viernes","total_pagos":0,"monto":0}],"grafica_anterior":[{"etiquet
[2026-07-31T20:25:26.277Z] ⚠️  Calendario del Dashboard no renderizó (intento 3/3), recargando...
❌ [REQUEST FAILED +44.36s] https://www.google-analytics.com/g/collect?v=2&tid=G-ZVKJ9CWYCW&gtm=45je67t1v9248896219za200zd9248896219&_p=1785529524463&gcd=13l3l3l3l1l1&npa=0&dma=0&_eu=AAAAAAQ&are=1&cid=1338814980.1785529476&frm=0&ngs=1&pscdl=noapi&rcb=12&sr=1536x960&uaa=x86&uab=64&uafvl=Chromium%3B145.0.7632.6%7CNot%253AA-Brand%3B99.0.0.0&uam=&uamb=0&uap=Windows&uapv=10.0&uaw=0&ul=en-us&_s=3&tag_exp=115616986~115938466~115938468~118897920~118897930~119896803&sid=1785529475&sct=1&seg=1&dl=https%3A%2F%2Fadmin-dev.mediplanner.mx%2FDashboard&dt=Mediplanner&en=user_engagement&_et=1844&tfd=2170 — net::ERR_ABORTED
❌ [REQUEST FAILED +44.36s] https://p.clarity.ms/collect — net::ERR_ABORTED
❌ [REQUEST FAILED +44.36s] https://www.google-analytics.com/g/collect?v=2&tid=G-ZVKJ9CWYCW&gtm=45je67t1v9248896219za200zd9248896219&_p=1785529524463&gcd=13l3l3l3l1l1&npa=0&dma=0&_eu=AEAAAAQ&ae=a&are=1&cid=1338814980.1785529476&frm=0&ngs=1&pscdl=noapi&rcb=12&sr=1536x960&uaa=x86&uab=64&uafvl=Chromium%3B145.0.7632.6%7CNot%253AA-Brand%3B99.0.0.0&uam=&uamb=0&uap=Windows&uapv=10.0&uaw=0&ul=en-us&_s=2&tag_exp=115616986~115938466~115938468~118897920~118897930~119896803&sid=1785529475&sct=1&seg=1&dl=https%3A%2F%2Fadmin-dev.mediplanner.mx%2FDashboard&dt=Mediplanner&en=scroll&epn.percent_scrolled=90&_et=16&tfd=2170 — net::ERR_ABORTED
❌ [REQUEST FAILED +44.65s] https://www.google-analytics.com/g/collect?v=2&tid=G-ZVKJ9CWYCW&gtm=45je67t1v9248896219za200zd9248896219&_p=1785529526505&gcd=13l3l3l3l1l1&npa=0&dma=0&_eu=AAAAAAQ&are=1&cid=1338814980.1785529476&frm=0&ngs=1&pscdl=noapi&rcb=13&sr=1536x960&uaa=x86&uab=64&uafvl=Chromium%3B145.0.7632.6%7CNot%253AA-Brand%3B99.0.0.0&uam=&uamb=0&uap=Windows&uapv=10.0&uaw=0&ul=en-us&_s=1&tag_exp=115938465~115938468~118897920~118897930~119896802~120222309&sid=1785529475&sct=1&seg=1&dl=https%3A%2F%2Fadmin-dev.mediplanner.mx%2FDashboard&dt=Mediplanner&en=page_view&_ee=1&tfd=297 — net::ERR_ABORTED
📤 [API REQUEST    +44.69s] POST https://admin-dev.mediplanner.mx/api/permissions/getPermissions
📤 [API REQUEST    +44.69s] GET https://admin-dev.mediplanner.mx/api/profile/getProfile
📤 [API REQUEST    +44.69s] POST https://admin-dev.mediplanner.mx/api/appointments/getFilteredAppointments
📤 [API REQUEST    +44.69s] POST https://admin-dev.mediplanner.mx/api/dashboard/getDashboardData
📤 [API REQUEST    +44.69s] POST https://admin-dev.mediplanner.mx/api/procedures/getLastProceduresFilesByDoctorId
📤 [API REQUEST    +44.69s] POST https://admin-dev.mediplanner.mx/api/dashboard/getDashboardPayments
📤 [API REQUEST    +44.71s] POST https://admin-dev.mediplanner.mx/api/appointments/getAppointmentCount
❌ [REQUEST FAILED +44.73s] https://mediplanner-atencion.zendesk.com/frontendevents/pv?client=1B752747-577B-429A-A0E0-83861AF69088 — net::ERR_ABORTED
✅ [API RESPONSE   +45.12s] (427ms) 200 https://admin-dev.mediplanner.mx/api/permissions/getPermissions → {"status":"OK","data":[{"id":1,"name":"Consultar","module":"Usuarios","module_id":1,"active":false},{"id":2,"name":"Crea
✅ [API RESPONSE   +45.13s] (434ms) 200 https://admin-dev.mediplanner.mx/api/profile/getProfile → {"status":"OK","data":{"id":467,"sNombre":"Walter","sPaterno":"Hartwell","sMaterno":"White","sCorreo":"dpichardo@rym-sol
✅ [API RESPONSE   +45.62s] (923ms) 200 https://admin-dev.mediplanner.mx/api/procedures/getLastProceduresFilesByDoctorId → {"status":"OK","data":{"procedimientos":[{"paciente_id":894,"paciente_nombre":"Agustin Tapia Nievas","procedimiento_id":
✅ [API RESPONSE   +45.62s] (911ms) 200 https://admin-dev.mediplanner.mx/api/appointments/getAppointmentCount → {"status":"OK","data":[{"date":"2026-07-01","count":0},{"date":"2026-07-02","count":0},{"date":"2026-07-03","count":0},{
✅ [API RESPONSE   +45.89s] (1198ms) 200 https://admin-dev.mediplanner.mx/api/dashboard/getDashboardData → {"status":"OK","data":{"monthConsultations":{"count":70,"percentage":0},"recurring":{"count":15,"percentage":650},"patie
✅ [API RESPONSE   +45.90s] (1202ms) 200 https://admin-dev.mediplanner.mx/api/appointments/getFilteredAppointments → {"status":"OK","data":[]}
✅ [API RESPONSE   +45.90s] (1204ms) 200 https://admin-dev.mediplanner.mx/api/dashboard/getDashboardPayments → {"status":"OK","data":{"grafica_actual":[{"etiqueta":"Viernes","total_pagos":0,"monto":0}],"grafica_anterior":[{"etiquet
[2026-07-31T20:25:28.257Z] ⚠️  El calendario del Dashboard no llegó a renderizar (td[data-day])
📤 [API REQUEST    +46.32s] POST https://admin-dev.mediplanner.mx/api/appointments/getAppointmentCount
✅ [API RESPONSE   +46.57s] (251ms) 200 https://admin-dev.mediplanner.mx/api/appointments/getAppointmentCount → {"status":"OK","data":[{"date":"2026-08-01","count":1},{"date":"2026-08-02","count":0},{"date":"2026-08-03","count":18},
📤 [API REQUEST    +46.98s] POST https://admin-dev.mediplanner.mx/api/appointments/getFilteredAppointments
✅ [API RESPONSE   +47.32s] (344ms) 200 https://admin-dev.mediplanner.mx/api/appointments/getFilteredAppointments → {"status":"OK","data":[]}
📤 [API REQUEST    +48.42s] POST https://admin-dev.mediplanner.mx/api/appointments/getFilteredAppointments
✅ [API RESPONSE   +48.86s] (438ms) 200 https://admin-dev.mediplanner.mx/api/appointments/getFilteredAppointments → {"status":"OK","data":[]}
❌ [REQUEST FAILED +49.64s] https://www.google-analytics.com/g/collect?v=2&tid=G-ZVKJ9CWYCW&gtm=45je67t1v9248896219za200zd9248896219&_p=1785529526505&gcd=13l3l3l3l1l1&npa=0&dma=0&_eu=AEAAAAQ&ae=a&are=1&cid=1338814980.1785529476&frm=0&ngs=1&pscdl=noapi&rcb=13&sr=1536x960&uaa=x86&uab=64&uafvl=Chromium%3B145.0.7632.6%7CNot%253AA-Brand%3B99.0.0.0&uam=&uamb=0&uap=Windows&uapv=10.0&uaw=0&ul=en-us&_s=2&tag_exp=115938465~115938468~118897920~118897930~119896802~120222309&sid=1785529475&sct=1&seg=1&dl=https%3A%2F%2Fadmin-dev.mediplanner.mx%2FDashboard&dt=Mediplanner&en=scroll&epn.percent_scrolled=90&_et=16&tfd=5302 — net::ERR_ABORTED
📤 [API REQUEST    +49.96s] POST https://admin-dev.mediplanner.mx/api/appointments/getFilteredAppointments
✅ [API RESPONSE   +50.60s] (640ms) 200 https://admin-dev.mediplanner.mx/api/appointments/getFilteredAppointments → {"status":"OK","data":[{"title":"Consulta inicial","doctor_id":467,"doctor_name":"Dr.Walter Hartwell White","doctor_img"
[2026-07-31T20:25:33.690Z] ✅ Botón Iniciar de "Daniela" encontrado en 2026-08-03
📤 [API REQUEST    +51.84s] POST https://admin-dev.mediplanner.mx/api/appointments/getFilteredAppointments
📤 [API REQUEST    +51.85s] POST https://admin-dev.mediplanner.mx/api/patients/getPatient
✅ [API RESPONSE   +52.55s] (703ms) 200 https://admin-dev.mediplanner.mx/api/appointments/getFilteredAppointments → {"status":"OK","data":[{"title":"Consulta inicial","doctor_id":467,"doctor_name":"Dr.Walter Hartwell White","doctor_img"
✅ [API RESPONSE   +52.85s] (1008ms) 200 https://admin-dev.mediplanner.mx/api/patients/getPatient → {"status":"OK","data":{"id":474,"iEstatusId":2,"sEstatus":"Aceptada","sImagen":"","sNombre":"Daniela","sPaterno":"Jiméne
📤 [API REQUEST    +52.97s] POST https://admin-dev.mediplanner.mx/api/patients/getPatient
📤 [API REQUEST    +53.06s] POST https://admin-dev.mediplanner.mx/api/patients/getPatient
✅ [API RESPONSE   +53.53s] (469ms) 200 https://admin-dev.mediplanner.mx/api/patients/getPatient → {"status":"OK","data":{"id":474,"iEstatusId":2,"sEstatus":"Aceptada","sImagen":"","sNombre":"Daniela","sPaterno":"Jiméne
✅ [API RESPONSE   +53.54s] (573ms) 200 https://admin-dev.mediplanner.mx/api/patients/getPatient → {"status":"OK","data":{"id":474,"iEstatusId":2,"sEstatus":"Aceptada","sImagen":"","sNombre":"Daniela","sPaterno":"Jiméne
❌ [REQUEST FAILED +58.13s] https://www.google-analytics.com/g/collect?v=2&tid=G-ZVKJ9CWYCW&gtm=45je67t1v9248896219za200zd9248896219&_p=1785529526505&gcd=13l3l3l3l1l1&npa=0&dma=0&_eu=AEEAAAQ&ae=a&are=1&cid=1338814980.1785529476&frm=0&ngs=1&pscdl=noapi&rcb=13&sr=1536x960&uaa=x86&uab=64&uafvl=Chromium%3B145.0.7632.6%7CNot%253AA-Brand%3B99.0.0.0&uam=&uamb=0&uap=Windows&uapv=10.0&uaw=0&ul=en-us&_s=3&tag_exp=115938465~115938468~118897920~118897930~119896802~120222309&sid=1785529475&sct=1&seg=1&dl=https%3A%2F%2Fadmin-dev.mediplanner.mx%2FDashboard&dt=Mediplanner&en=form_start&ep.form_id=&ep.form_destination=https%3A%2F%2Fadmin-dev.mediplanner.mx%2FDashboard&epn.form_length=10&ep.first_field_id=&ep.first_field_name=peso&ep.first_field_type=text&epn.first_field_position=7&_et=8503&tfd=13808 — net::ERR_ABORTED
  x  2 [consultation-user-errors] › tests\consultation.user-errors.spec.js:100:3 › Consulta — errores humanos reales (error guessing) › 1. Cambiar de pestaña justo tras seleccionar un diagnóstico no debe perder el dato (1.4m)
[dotenv@17.3.1] injecting env (0) from .env -- tip: 🤖 agentic secret storage: https://dotenvx.com/as2
[2026-07-31T20:26:07.766Z] ℹ️  Explorando próximos 5 días para registrar una cita...
[2026-07-31T20:26:07.768Z] ℹ️  Paciente objetivo de la cita: "Daniela Jiménez"
❌ [REQUEST FAILED +1.33s] https://www.google-analytics.com/g/collect?v=2&tid=G-ZVKJ9CWYCW&gtm=45je67t1v9248896219za200zd9248896219&_p=1785529568200&gcd=13l3l3l3l1l1&npa=0&dma=0&_eu=AAAAAAQ&are=1&cid=1338814980.1785529476&frm=0&ngs=1&pscdl=noapi&rcb=16&sr=1536x960&uaa=x86&uab=64&uafvl=Chromium%3B145.0.7632.6%7CNot%253AA-Brand%3B99.0.0.0&uam=&uamb=0&uap=Windows&uapv=10.0&uaw=0&ul=en-us&_s=1&tag_exp=115616985~115938466~115938469~118897920~118897930~119527019~119896803&sid=1785529475&sct=1&seg=1&dl=https%3A%2F%2Fadmin-dev.mediplanner.mx%2FCitas&dt=Mediplanner&en=page_view&_ee=1&tfd=1131 — net::ERR_ABORTED
❌ [REQUEST FAILED +2.85s] https://mediplanner-atencion.zendesk.com/frontendevents/pv?client=1B752747-577B-429A-A0E0-83861AF69088 — net::ERR_ABORTED
📤 [API REQUEST    +2.95s] POST https://admin-dev.mediplanner.mx/api/permissions/getPermissions
📤 [API REQUEST    +2.95s] GET https://admin-dev.mediplanner.mx/api/profile/getProfile
✅ [API RESPONSE   +3.39s] (439ms) 200 https://admin-dev.mediplanner.mx/api/profile/getProfile → {"status":"OK","data":{"id":467,"sNombre":"Walter","sPaterno":"Hartwell","sMaterno":"White","sCorreo":"dpichardo@rym-sol
📤 [API REQUEST    +3.44s] POST https://admin-dev.mediplanner.mx/api/appointments/getFilteredAppointments
✅ [API RESPONSE   +3.40s] (451ms) 200 https://admin-dev.mediplanner.mx/api/permissions/getPermissions → {"status":"OK","data":[{"id":1,"name":"Consultar","module":"Usuarios","module_id":1,"active":false},{"id":2,"name":"Crea
✅ [API RESPONSE   +4.38s] (940ms) 200 https://admin-dev.mediplanner.mx/api/appointments/getFilteredAppointments → {"status":"OK","data":[{"title":"Consulta inicial","doctor_id":467,"doctor_name":"Dr.Walter Hartwell White","doctor_img"
❌ [REQUEST FAILED +6.22s] https://www.google-analytics.com/g/collect?v=2&tid=G-ZVKJ9CWYCW&gtm=45je67t1v9248896219za200zd9248896219&_p=1785529568200&gcd=13l3l3l3l1l1&npa=0&dma=0&_eu=AEAAAAQ&ae=a&are=1&cid=1338814980.1785529476&frm=0&ngs=1&pscdl=noapi&rcb=16&sr=1536x960&uaa=x86&uab=64&uafvl=Chromium%3B145.0.7632.6%7CNot%253AA-Brand%3B99.0.0.0&uam=&uamb=0&uap=Windows&uapv=10.0&uaw=0&ul=en-us&_s=2&tag_exp=115616985~115938466~115938469~118897920~118897930~119527019~119896803&sid=1785529475&sct=1&seg=1&dl=https%3A%2F%2Fadmin-dev.mediplanner.mx%2FCitas&dt=Mediplanner&en=scroll&epn.percent_scrolled=90&_et=4&tfd=6142 — net::ERR_ABORTED
[2026-07-31T20:26:14.701Z] ℹ️  Buscando botón "Agendar cita"...
🔴 [DEVTOOLS ERROR +7.29s] data-stepper-next not found
📤 [API REQUEST    +7.29s] POST https://admin-dev.mediplanner.mx/api/patients/getPatients
📤 [API REQUEST    +7.29s] POST https://admin-dev.mediplanner.mx/api/appointments/getAppointmentTypes
[2026-07-31T20:26:15.276Z] ℹ️  Comboboxes en wizard: 1
✅ [API RESPONSE   +7.69s] (404ms) 200 https://admin-dev.mediplanner.mx/api/appointments/getAppointmentTypes → {"status":"OK","data":[{"doctor_id":467,"relacion_id":1,"cita_nombre":"Consulta inicial","duracion":5,"producto_id":0,"u
📤 [API REQUEST    +8.35s] POST https://admin-dev.mediplanner.mx/api/patients/getPatients
[2026-07-31T20:26:16.162Z] ℹ️  Buscando: "Daniela Jiménez" (intento 1/5)...
❌ [REQUEST FAILED +8.47s] https://mediplanner-atencion.zendesk.com/frontendevents/pv?client=1B752747-577B-429A-A0E0-83861AF69088 — net::ERR_ABORTED
✅ [API RESPONSE   +9.12s] (1834ms) 200 https://admin-dev.mediplanner.mx/api/patients/getPatients → {"status":"OK","data":{"patients":[{"id":903,"iUsuarioDrId":467,"sImagen":"","sNombre":"Percentil","sPaterno":"Prueba","
✅ [API RESPONSE   +9.94s] (1594ms) 200 https://admin-dev.mediplanner.mx/api/patients/getPatients → {"status":"OK","data":{"patients":[{"id":474,"iUsuarioDrId":467,"sImagen":"","sNombre":"Daniela","sPaterno":"Jiménez","s
[2026-07-31T20:26:18.188Z] ℹ️  Opciones encontradas: 1
[2026-07-31T20:26:18.312Z] ✅ Opción seleccionada (coincide "Daniela Jiménez"): "Daniela Jiménez Durán"
❌ [REQUEST FAILED +13.15s] https://www.google-analytics.com/g/collect?v=2&tid=G-ZVKJ9CWYCW&gtm=45je67t1v9248896219za200zd9248896219&_p=1785529568200&gcd=13l3l3l3l1l1&npa=0&dma=0&_eu=AEAAAAQ&ae=a&are=1&cid=1338814980.1785529476&frm=0&ngs=1&pscdl=noapi&rcb=16&sr=1536x960&uaa=x86&uab=64&uafvl=Chromium%3B145.0.7632.6%7CNot%253AA-Brand%3B99.0.0.0&uam=&uamb=0&uap=Windows&uapv=10.0&uaw=0&ul=en-us&_s=3&tag_exp=115616985~115938466~115938469~118897920~118897930~119527019~119896803&dl=https%3A%2F%2Fadmin-dev.mediplanner.mx%2FCitas%2FCrearCita&dr=https%3A%2F%2Fadmin-dev.mediplanner.mx%2FCitas&sid=1785529475&sct=1&seg=1&dt=Mediplanner&en=page_view&_et=6897&tfd=13046 — net::ERR_ABORTED
[2026-07-31T20:26:21.493Z] ℹ️  Selects en paso 2: 2
[2026-07-31T20:26:21.501Z] ℹ️  Opciones tipo consulta: 4
[2026-07-31T20:26:23.095Z] ℹ️  Opciones hospital: 6
[2026-07-31T20:26:24.280Z] ℹ️  Buscando input de fecha...
[2026-07-31T20:26:26.318Z] ✅ Input de fecha encontrado con selector: input[type="date"]
[2026-07-31T20:26:26.328Z] ℹ️  Intentando registrar cita en: 2026-07-31
📤 [API REQUEST    +18.60s] POST https://admin-dev.mediplanner.mx/api/appointments/getFreeSchedules
✅ [API RESPONSE   +19.36s] (762ms) 200 https://admin-dev.mediplanner.mx/api/appointments/getFreeSchedules → {"status":"OK","data":[]}
[2026-07-31T20:26:28.438Z] ⚠️  No hay horas disponibles en 2026-07-31
[2026-07-31T20:26:28.439Z] ℹ️  Intentando registrar cita en: 2026-08-01
📤 [API REQUEST    +20.70s] POST https://admin-dev.mediplanner.mx/api/appointments/getFreeSchedules
✅ [API RESPONSE   +21.41s] (702ms) 200 https://admin-dev.mediplanner.mx/api/appointments/getFreeSchedules → {"status":"OK","data":[]}
[2026-07-31T20:26:30.556Z] ⚠️  No hay horas disponibles en 2026-08-01
[2026-07-31T20:26:30.556Z] ℹ️  Intentando registrar cita en: 2026-08-02
📤 [API REQUEST    +22.82s] POST https://admin-dev.mediplanner.mx/api/appointments/getFreeSchedules
✅ [API RESPONSE   +23.25s] (427ms) 200 https://admin-dev.mediplanner.mx/api/appointments/getFreeSchedules → {"status":"OK","data":[]}
[2026-07-31T20:26:32.664Z] ⚠️  No hay horas disponibles en 2026-08-02
[2026-07-31T20:26:32.664Z] ℹ️  Intentando registrar cita en: 2026-08-03
📤 [API REQUEST    +24.94s] POST https://admin-dev.mediplanner.mx/api/appointments/getFreeSchedules
✅ [API RESPONSE   +25.30s] (368ms) 200 https://admin-dev.mediplanner.mx/api/appointments/getFreeSchedules → {"status":"OK","data":[{"hora_inicio":"10:30:00","hora_fin":"10:35:00"},{"hora_inicio":"10:35:00","hora_fin":"10:40:00"}
[2026-07-31T20:26:34.791Z] ✅ Horas disponibles en 2026-08-03: 180
[2026-07-31T20:26:34.825Z] ℹ️  Intentando seleccionar hora: 10:30
[2026-07-31T20:26:35.991Z] ✅ Hora seleccionada exitosamente
📤 [API REQUEST    +29.55s] POST https://admin-dev.mediplanner.mx/api/appointments/createAppointment
✅ [API RESPONSE   +32.08s] (2534ms) 200 https://admin-dev.mediplanner.mx/api/appointments/createAppointment → {"status":"OK","data":{"relacion_id":608,"message":"Cita creada correctamente"}}
[2026-07-31T20:26:40.303Z] ✅ Cita registrada exitosamente en 2026-08-03
❌ [REQUEST FAILED +33.01s] https://p.clarity.ms/collect — net::ERR_ABORTED
❌ [REQUEST FAILED +33.01s] https://www.google-analytics.com/g/collect?v=2&tid=G-ZVKJ9CWYCW&gtm=45je67t1v9248896219za200zd9248896219&_p=1785529568200&gcd=13l3l3l3l1l1&npa=0&dma=0&_eu=AAAAAAQ&are=1&cid=1338814980.1785529476&frm=0&ngs=1&pscdl=noapi&rcb=16&sr=1536x960&uaa=x86&uab=64&uafvl=Chromium%3B145.0.7632.6%7CNot%253AA-Brand%3B99.0.0.0&uam=&uamb=0&uap=Windows&uapv=10.0&uaw=0&ul=en-us&_s=4&tag_exp=115616985~115938466~115938469~118897920~118897930~119527019~119896803&sid=1785529475&sct=1&seg=1&dl=https%3A%2F%2Fadmin-dev.mediplanner.mx%2FCitas%2FCrearCita&dr=https%3A%2F%2Fadmin-dev.mediplanner.mx%2FCitas&dt=Mediplanner&en=user_engagement&_et=24937&tfd=32977 — net::ERR_ABORTED
❌ [REQUEST FAILED +33.38s] https://www.google-analytics.com/g/collect?v=2&tid=G-ZVKJ9CWYCW&gtm=45je67t1v9248896219za200zd9248896219&_p=1785529600903&gcd=13l3l3l3l1l1&npa=0&dma=0&_eu=AAAAAAQ&are=1&cid=1338814980.1785529476&frm=0&ngs=1&pscdl=noapi&rcb=9&sr=1536x960&uaa=x86&uab=64&uafvl=Chromium%3B145.0.7632.6%7CNot%253AA-Brand%3B99.0.0.0&uam=&uamb=0&uap=Windows&uapv=10.0&uaw=0&ul=en-us&_s=1&tag_exp=115938465~115938469~118897920~118897930~119896803&sid=1785529475&sct=1&seg=1&dl=https%3A%2F%2Fadmin-dev.mediplanner.mx%2FDashboard&dt=Mediplanner&en=page_view&_ee=1&tfd=741 — net::ERR_ABORTED
❌ [REQUEST FAILED +33.39s] https://mediplanner-atencion.zendesk.com/frontendevents/pv?client=1B752747-577B-429A-A0E0-83861AF69088 — net::ERR_ABORTED
❌ [REQUEST FAILED +33.41s] https://mediplanner-atencion.zendesk.com/embeddable/config — net::ERR_ABORTED
📤 [API REQUEST    +33.70s] POST https://admin-dev.mediplanner.mx/api/permissions/getPermissions
📤 [API REQUEST    +33.70s] GET https://admin-dev.mediplanner.mx/api/profile/getProfile
📤 [API REQUEST    +33.96s] POST https://admin-dev.mediplanner.mx/api/appointments/getFilteredAppointments
📤 [API REQUEST    +33.96s] POST https://admin-dev.mediplanner.mx/api/dashboard/getDashboardData
📤 [API REQUEST    +33.96s] POST https://admin-dev.mediplanner.mx/api/procedures/getLastProceduresFilesByDoctorId
📤 [API REQUEST    +33.96s] POST https://admin-dev.mediplanner.mx/api/dashboard/getDashboardPayments
📤 [API REQUEST    +33.96s] POST https://admin-dev.mediplanner.mx/api/wizard/getActiveStep
📤 [API REQUEST    +33.98s] POST https://admin-dev.mediplanner.mx/api/appointments/getAppointmentCount
✅ [API RESPONSE   +34.31s] (616ms) 200 https://admin-dev.mediplanner.mx/api/permissions/getPermissions → {"status":"OK","data":[{"id":1,"name":"Consultar","module":"Usuarios","module_id":1,"active":false},{"id":2,"name":"Crea
✅ [API RESPONSE   +34.42s] (456ms) 200 https://admin-dev.mediplanner.mx/api/procedures/getLastProceduresFilesByDoctorId → {"status":"OK","data":{"procedimientos":[{"paciente_id":894,"paciente_nombre":"Agustin Tapia Nievas","procedimiento_id":
✅ [API RESPONSE   +34.42s] (725ms) 200 https://admin-dev.mediplanner.mx/api/profile/getProfile → {"status":"OK","data":{"id":467,"sNombre":"Walter","sPaterno":"Hartwell","sMaterno":"White","sCorreo":"dpichardo@rym-sol
✅ [API RESPONSE   +34.52s] (560ms) 200 https://admin-dev.mediplanner.mx/api/wizard/getActiveStep → {"status":"OK","data":{"activeStep":5,"date":"2026-07-31 14:25:20"}}
✅ [API RESPONSE   +34.54s] (576ms) 200 https://admin-dev.mediplanner.mx/api/dashboard/getDashboardData → {"status":"OK","data":{"monthConsultations":{"count":70,"percentage":0},"recurring":{"count":15,"percentage":650},"patie
✅ [API RESPONSE   +34.63s] (640ms) 200 https://admin-dev.mediplanner.mx/api/appointments/getAppointmentCount → {"status":"OK","data":[{"date":"2026-07-01","count":0},{"date":"2026-07-02","count":0},{"date":"2026-07-03","count":0},{
✅ [API RESPONSE   +34.72s] (758ms) 200 https://admin-dev.mediplanner.mx/api/dashboard/getDashboardPayments → {"status":"OK","data":{"grafica_actual":[{"etiqueta":"Viernes","total_pagos":0,"monto":0}],"grafica_anterior":[{"etiquet
✅ [API RESPONSE   +35.06s] (1096ms) 200 https://admin-dev.mediplanner.mx/api/appointments/getFilteredAppointments → {"status":"OK","data":[]}
❌ [REQUEST FAILED +35.38s] https://mediplanner-atencion.zendesk.com/frontendevents/pv?client=1B752747-577B-429A-A0E0-83861AF69088 — net::ERR_ABORTED
📤 [API REQUEST    +35.66s] POST https://admin-dev.mediplanner.mx/api/wizard/getActiveStep
📤 [API REQUEST    +35.89s] GET https://admin-dev.mediplanner.mx/api/profile/getProfile
📤 [API REQUEST    +35.89s] POST https://admin-dev.mediplanner.mx/api/appointments/getAppointmentTypes
📤 [API REQUEST    +35.89s] POST https://admin-dev.mediplanner.mx/api/wizard/saveStep
✅ [API RESPONSE   +35.88s] (213ms) 200 https://admin-dev.mediplanner.mx/api/wizard/getActiveStep → {"status":"OK","data":{"activeStep":5,"date":"2026-07-31 14:25:20"}}
✅ [API RESPONSE   +36.26s] (367ms) 200 https://admin-dev.mediplanner.mx/api/wizard/saveStep → {"status":"OK","data":{"activeStep":5,"date":"2026-07-31 14:26:44"}}
✅ [API RESPONSE   +36.36s] (472ms) 200 https://admin-dev.mediplanner.mx/api/profile/getProfile → {"status":"OK","data":{"id":467,"sNombre":"Walter","sPaterno":"Hartwell","sMaterno":"White","sCorreo":"dpichardo@rym-sol
📤 [API REQUEST    +36.47s] POST https://admin-dev.mediplanner.mx/api/appointments/getHospitalsByAppointment
📤 [API REQUEST    +36.47s] POST https://admin-dev.mediplanner.mx/api/appointments/getHospitalsByAppointment
📤 [API REQUEST    +36.47s] POST https://admin-dev.mediplanner.mx/api/appointments/getHospitalsByAppointment
✅ [API RESPONSE   +36.47s] (578ms) 200 https://admin-dev.mediplanner.mx/api/appointments/getAppointmentTypes → {"status":"OK","data":[{"doctor_id":467,"relacion_id":1,"cita_nombre":"Consulta inicial","duracion":5,"producto_id":0,"u
[2026-07-31T20:26:44.531Z] ℹ️  Buscando botón Iniciar para "Daniela" en los próximos 5 días...
❌ [REQUEST FAILED +36.92s] https://www.google-analytics.com/g/collect?v=2&tid=G-ZVKJ9CWYCW&gtm=45je67t1v9248896219za200zd9248896219&_p=1785529600903&gcd=13l3l3l3l1l1&npa=0&dma=0&_eu=AEAAAAQ&ae=a&are=1&cid=1338814980.1785529476&frm=0&ngs=1&pscdl=noapi&rcb=9&sr=1536x960&uaa=x86&uab=64&uafvl=Chromium%3B145.0.7632.6%7CNot%253AA-Brand%3B99.0.0.0&uam=&uamb=0&uap=Windows&uapv=10.0&uaw=0&ul=en-us&tag_exp=115938465~115938469~118897920~118897930~119896803&sid=1785529475&sct=1&seg=1&dl=https%3A%2F%2Fadmin-dev.mediplanner.mx%2FDashboard&dt=Mediplanner&_s=2&tfd=4341 — net::ERR_ABORTED
❌ [REQUEST FAILED +36.92s] https://p.clarity.ms/collect — net::ERR_ABORTED
❌ [REQUEST FAILED +36.92s] https://www.google-analytics.com/g/collect?v=2&tid=G-ZVKJ9CWYCW&gtm=45je67t1v9248896219za200zd9248896219&_p=1785529600903&gcd=13l3l3l3l1l1&npa=0&dma=0&_eu=AAAAAAQ&are=1&cid=1338814980.1785529476&frm=0&ngs=1&pscdl=noapi&rcb=9&sr=1536x960&uaa=x86&uab=64&uafvl=Chromium%3B145.0.7632.6%7CNot%253AA-Brand%3B99.0.0.0&uam=&uamb=0&uap=Windows&uapv=10.0&uaw=0&ul=en-us&_s=3&tag_exp=115938465~115938469~118897920~118897930~119896803&sid=1785529475&sct=1&seg=1&dl=https%3A%2F%2Fadmin-dev.mediplanner.mx%2Fwizard%2Fonboarding&dr=https%3A%2F%2Fadmin-dev.mediplanner.mx%2FDashboard&dt=Mediplanner&en=user_engagement&_et=1364&tfd=4342 — net::ERR_ABORTED
✅ [API RESPONSE   +36.81s] (344ms) 200 https://admin-dev.mediplanner.mx/api/appointments/getHospitalsByAppointment
✅ [API RESPONSE   +36.82s] (349ms) 200 https://admin-dev.mediplanner.mx/api/appointments/getHospitalsByAppointment
✅ [API RESPONSE   +36.82s] (349ms) 200 https://admin-dev.mediplanner.mx/api/appointments/getHospitalsByAppointment
❌ [REQUEST FAILED +37.26s] https://www.google-analytics.com/g/collect?v=2&tid=G-ZVKJ9CWYCW&gtm=45je67t1v9248896219za200zd9248896219&_p=1785529604792&gcd=13l3l3l3l1l1&npa=0&dma=0&_eu=AAAAAAQ&are=1&cid=1338814980.1785529476&frm=0&ngs=1&pscdl=noapi&rcb=15&sr=1536x960&uaa=x86&uab=64&uafvl=Chromium%3B145.0.7632.6%7CNot%253AA-Brand%3B99.0.0.0&uam=&uamb=0&uap=Windows&uapv=10.0&uaw=0&ul=en-us&_s=1&tag_exp=115616985~115938466~115938469~118897920~118897930~119896803&sid=1785529475&sct=1&seg=1&dl=https%3A%2F%2Fadmin-dev.mediplanner.mx%2FDashboard&dt=Mediplanner&en=page_view&_ee=1&tfd=362 — net::ERR_ABORTED
📤 [API REQUEST    +37.32s] POST https://admin-dev.mediplanner.mx/api/permissions/getPermissions
📤 [API REQUEST    +37.32s] GET https://admin-dev.mediplanner.mx/api/profile/getProfile
📤 [API REQUEST    +37.32s] POST https://admin-dev.mediplanner.mx/api/appointments/getFilteredAppointments
📤 [API REQUEST    +37.32s] POST https://admin-dev.mediplanner.mx/api/dashboard/getDashboardData
📤 [API REQUEST    +37.32s] POST https://admin-dev.mediplanner.mx/api/procedures/getLastProceduresFilesByDoctorId
📤 [API REQUEST    +37.32s] POST https://admin-dev.mediplanner.mx/api/dashboard/getDashboardPayments
📤 [API REQUEST    +37.34s] POST https://admin-dev.mediplanner.mx/api/appointments/getAppointmentCount
[2026-07-31T20:26:45.102Z] ⚠️  Calendario del Dashboard no renderizó (intento 1/3), recargando...
❌ [REQUEST FAILED +37.59s] https://mediplanner-atencion.zendesk.com/frontendevents/pv?client=1B752747-577B-429A-A0E0-83861AF69088 — net::ERR_ABORTED
❌ [REQUEST FAILED +38.26s] https://admin-dev.mediplanner.mx/api/appointments/getAppointmentCount — net::ERR_ABORTED
❌ [REQUEST FAILED +38.26s] https://www.google-analytics.com/g/collect?v=2&tid=G-ZVKJ9CWYCW&gtm=45je67t1v9248896219za200zd9248896219&_p=1785529604792&gcd=13l3l3l3l1l1&npa=0&dma=0&_eu=AEAAAAQ&ae=a&are=1&cid=1338814980.1785529476&frm=0&ngs=1&pscdl=noapi&rcb=15&sr=1536x960&uaa=x86&uab=64&uafvl=Chromium%3B145.0.7632.6%7CNot%253AA-Brand%3B99.0.0.0&uam=&uamb=0&uap=Windows&uapv=10.0&uaw=0&ul=en-us&_s=2&tag_exp=115616985~115938466~115938469~118897920~118897930~119896803&sid=1785529475&sct=1&seg=1&dl=https%3A%2F%2Fadmin-dev.mediplanner.mx%2FDashboard&dt=Mediplanner&en=scroll&epn.percent_scrolled=90&_et=1&tfd=1456 — net::ERR_ABORTED
❌ [REQUEST FAILED +38.26s] https://p.clarity.ms/collect — net::ERR_ABORTED
❌ [REQUEST FAILED +38.26s] https://www.google-analytics.com/g/collect?v=2&tid=G-ZVKJ9CWYCW&gtm=45je67t1v9248896219za200zd9248896219&_p=1785529604792&gcd=13l3l3l3l1l1&npa=0&dma=0&_eu=AAAAAAQ&are=1&cid=1338814980.1785529476&frm=0&ngs=1&pscdl=noapi&rcb=15&sr=1536x960&uaa=x86&uab=64&uafvl=Chromium%3B145.0.7632.6%7CNot%253AA-Brand%3B99.0.0.0&uam=&uamb=0&uap=Windows&uapv=10.0&uaw=0&ul=en-us&_s=3&tag_exp=115616985~115938466~115938469~118897920~118897930~119896803&sid=1785529475&sct=1&seg=1&dl=https%3A%2F%2Fadmin-dev.mediplanner.mx%2FDashboard&dt=Mediplanner&en=user_engagement&_et=1090&tfd=1456 — net::ERR_ABORTED
❌ [REQUEST FAILED +38.26s] https://admin-dev.mediplanner.mx/assets/icons/agendar_consulta.svg — net::ERR_ABORTED
✅ [API RESPONSE   +37.90s] (584ms) 200 https://admin-dev.mediplanner.mx/api/procedures/getLastProceduresFilesByDoctorId
✅ [API RESPONSE   +38.14s] (822ms) 200 https://admin-dev.mediplanner.mx/api/permissions/getPermissions
✅ [API RESPONSE   +38.14s] (824ms) 200 https://admin-dev.mediplanner.mx/api/profile/getProfile
✅ [API RESPONSE   +38.20s] (887ms) 200 https://admin-dev.mediplanner.mx/api/dashboard/getDashboardData
✅ [API RESPONSE   +38.21s] (891ms) 200 https://admin-dev.mediplanner.mx/api/appointments/getFilteredAppointments
✅ [API RESPONSE   +38.23s] (917ms) 200 https://admin-dev.mediplanner.mx/api/dashboard/getDashboardPayments
❌ [REQUEST FAILED +38.59s] https://www.google-analytics.com/g/collect?v=2&tid=G-ZVKJ9CWYCW&gtm=45je67t1v9248896219za200zd9248896219&_p=1785529606123&gcd=13l3l3l3l1l1&npa=0&dma=0&_eu=AAAAAAQ&are=1&cid=1338814980.1785529476&frm=0&ngs=1&pscdl=noapi&rcb=16&sr=1536x960&uaa=x86&uab=64&uafvl=Chromium%3B145.0.7632.6%7CNot%253AA-Brand%3B99.0.0.0&uam=&uamb=0&uap=Windows&uapv=10.0&uaw=0&ul=en-us&_s=1&tag_exp=115616986~115938465~115938469~118897920~118897930~119381664~119793973~119896802~120222307&sid=1785529475&sct=1&seg=1&dl=https%3A%2F%2Fadmin-dev.mediplanner.mx%2FDashboard&dt=Mediplanner&en=page_view&_ee=1&tfd=1085 — net::ERR_ABORTED
📤 [API REQUEST    +38.65s] POST https://admin-dev.mediplanner.mx/api/permissions/getPermissions
📤 [API REQUEST    +38.65s] GET https://admin-dev.mediplanner.mx/api/profile/getProfile
📤 [API REQUEST    +38.65s] POST https://admin-dev.mediplanner.mx/api/appointments/getFilteredAppointments
📤 [API REQUEST    +38.65s] POST https://admin-dev.mediplanner.mx/api/dashboard/getDashboardData
📤 [API REQUEST    +38.65s] POST https://admin-dev.mediplanner.mx/api/procedures/getLastProceduresFilesByDoctorId
📤 [API REQUEST    +38.65s] POST https://admin-dev.mediplanner.mx/api/dashboard/getDashboardPayments
📤 [API REQUEST    +38.67s] POST https://admin-dev.mediplanner.mx/api/appointments/getAppointmentCount
❌ [REQUEST FAILED +38.69s] https://mediplanner-atencion.zendesk.com/frontendevents/pv?client=1B752747-577B-429A-A0E0-83861AF69088 — net::ERR_ABORTED
✅ [API RESPONSE   +39.02s] (371ms) 200 https://admin-dev.mediplanner.mx/api/permissions/getPermissions → {"status":"OK","data":[{"id":1,"name":"Consultar","module":"Usuarios","module_id":1,"active":false},{"id":2,"name":"Crea
✅ [API RESPONSE   +39.54s] (886ms) 200 https://admin-dev.mediplanner.mx/api/procedures/getLastProceduresFilesByDoctorId → {"status":"OK","data":{"procedimientos":[{"paciente_id":894,"paciente_nombre":"Agustin Tapia Nievas","procedimiento_id":
✅ [API RESPONSE   +39.54s] (867ms) 200 https://admin-dev.mediplanner.mx/api/appointments/getAppointmentCount → {"status":"OK","data":[{"date":"2026-07-01","count":0},{"date":"2026-07-02","count":0},{"date":"2026-07-03","count":0},{
✅ [API RESPONSE   +39.60s] (952ms) 200 https://admin-dev.mediplanner.mx/api/profile/getProfile → {"status":"OK","data":{"id":467,"sNombre":"Walter","sPaterno":"Hartwell","sMaterno":"White","sCorreo":"dpichardo@rym-sol
✅ [API RESPONSE   +39.66s] (1010ms) 200 https://admin-dev.mediplanner.mx/api/dashboard/getDashboardData → {"status":"OK","data":{"monthConsultations":{"count":70,"percentage":0},"recurring":{"count":15,"percentage":650},"patie
✅ [API RESPONSE   +39.76s] (1111ms) 200 https://admin-dev.mediplanner.mx/api/dashboard/getDashboardPayments → {"status":"OK","data":{"grafica_actual":[{"etiqueta":"Viernes","total_pagos":0,"monto":0}],"grafica_anterior":[{"etiquet
✅ [API RESPONSE   +39.78s] (1130ms) 200 https://admin-dev.mediplanner.mx/api/appointments/getFilteredAppointments → {"status":"OK","data":[]}
[2026-07-31T20:26:47.939Z] ⚠️  Calendario del Dashboard no renderizó (intento 2/3), recargando...
❌ [REQUEST FAILED +40.34s] https://www.google-analytics.com/g/collect?v=2&tid=G-ZVKJ9CWYCW&gtm=45je67t1v9248896219za200zd9248896219&_p=1785529606123&gcd=13l3l3l3l1l1&npa=0&dma=0&_eu=AEAAAAQ&ae=a&are=1&cid=1338814980.1785529476&frm=0&ngs=1&pscdl=noapi&rcb=16&sr=1536x960&uaa=x86&uab=64&uafvl=Chromium%3B145.0.7632.6%7CNot%253AA-Brand%3B99.0.0.0&uam=&uamb=0&uap=Windows&uapv=10.0&uaw=0&ul=en-us&_s=2&tag_exp=115616986~115938465~115938469~118897920~118897930~119381664~119793973~119896802~120222307&sid=1785529475&sct=1&seg=1&dl=https%3A%2F%2Fadmin-dev.mediplanner.mx%2FDashboard&dt=Mediplanner&en=scroll&epn.percent_scrolled=90&_et=14&tfd=2965 — net::ERR_ABORTED
❌ [REQUEST FAILED +40.34s] https://p.clarity.ms/collect — net::ERR_ABORTED
❌ [REQUEST FAILED +40.34s] https://www.google-analytics.com/g/collect?v=2&tid=G-ZVKJ9CWYCW&gtm=45je67t1v9248896219za200zd9248896219&_p=1785529606123&gcd=13l3l3l3l1l1&npa=0&dma=0&_eu=AAAAAAQ&are=1&cid=1338814980.1785529476&frm=0&ngs=1&pscdl=noapi&rcb=16&sr=1536x960&uaa=x86&uab=64&uafvl=Chromium%3B145.0.7632.6%7CNot%253AA-Brand%3B99.0.0.0&uam=&uamb=0&uap=Windows&uapv=10.0&uaw=0&ul=en-us&_s=3&tag_exp=115616986~115938465~115938469~118897920~118897930~119381664~119793973~119896802~120222307&sid=1785529475&sct=1&seg=1&dl=https%3A%2F%2Fadmin-dev.mediplanner.mx%2FDashboard&dt=Mediplanner&en=user_engagement&_et=1877&tfd=2965 — net::ERR_ABORTED
❌ [REQUEST FAILED +40.63s] https://www.google-analytics.com/g/collect?v=2&tid=G-ZVKJ9CWYCW&gtm=45je67t1v9248896219za200zd9248896219&_p=1785529608217&gcd=13l3l3l3l1l1&npa=0&dma=0&_eu=AAAAAAQ&are=1&cid=1338814980.1785529476&frm=0&ngs=1&pscdl=noapi&rcb=6&sr=1536x960&uaa=x86&uab=64&uafvl=Chromium%3B145.0.7632.6%7CNot%253AA-Brand%3B99.0.0.0&uam=&uamb=0&uap=Windows&uapv=10.0&uaw=0&ul=en-us&_s=1&tag_exp=115938465~115938469~118897920~118897930~119896803&sid=1785529475&sct=1&seg=1&dl=https%3A%2F%2Fadmin-dev.mediplanner.mx%2FDashboard&dt=Mediplanner&en=page_view&_ee=1&tfd=342 — net::ERR_ABORTED
❌ [REQUEST FAILED +40.72s] https://mediplanner-atencion.zendesk.com/frontendevents/pv?client=1B752747-577B-429A-A0E0-83861AF69088 — net::ERR_ABORTED
📤 [API REQUEST    +40.75s] POST https://admin-dev.mediplanner.mx/api/permissions/getPermissions
📤 [API REQUEST    +40.75s] GET https://admin-dev.mediplanner.mx/api/profile/getProfile
📤 [API REQUEST    +40.75s] POST https://admin-dev.mediplanner.mx/api/appointments/getFilteredAppointments
📤 [API REQUEST    +40.75s] POST https://admin-dev.mediplanner.mx/api/dashboard/getDashboardData
📤 [API REQUEST    +40.75s] POST https://admin-dev.mediplanner.mx/api/procedures/getLastProceduresFilesByDoctorId
📤 [API REQUEST    +40.75s] POST https://admin-dev.mediplanner.mx/api/dashboard/getDashboardPayments
📤 [API REQUEST    +40.77s] POST https://admin-dev.mediplanner.mx/api/appointments/getAppointmentCount
✅ [API RESPONSE   +41.38s] (627ms) 200 https://admin-dev.mediplanner.mx/api/procedures/getLastProceduresFilesByDoctorId → {"status":"OK","data":{"procedimientos":[{"paciente_id":894,"paciente_nombre":"Agustin Tapia Nievas","procedimiento_id":
✅ [API RESPONSE   +41.41s] (661ms) 200 https://admin-dev.mediplanner.mx/api/dashboard/getDashboardData → {"status":"OK","data":{"monthConsultations":{"count":70,"percentage":0},"recurring":{"count":15,"percentage":650},"patie
✅ [API RESPONSE   +41.47s] (720ms) 200 https://admin-dev.mediplanner.mx/api/permissions/getPermissions → {"status":"OK","data":[{"id":1,"name":"Consultar","module":"Usuarios","module_id":1,"active":false},{"id":2,"name":"Crea
✅ [API RESPONSE   +41.55s] (803ms) 200 https://admin-dev.mediplanner.mx/api/profile/getProfile → {"status":"OK","data":{"id":467,"sNombre":"Walter","sPaterno":"Hartwell","sMaterno":"White","sCorreo":"dpichardo@rym-sol
✅ [API RESPONSE   +41.59s] (829ms) 200 https://admin-dev.mediplanner.mx/api/appointments/getAppointmentCount → {"status":"OK","data":[{"date":"2026-07-01","count":0},{"date":"2026-07-02","count":0},{"date":"2026-07-03","count":0},{
✅ [API RESPONSE   +41.65s] (902ms) 200 https://admin-dev.mediplanner.mx/api/appointments/getFilteredAppointments → {"status":"OK","data":[]}
✅ [API RESPONSE   +41.65s] (903ms) 200 https://admin-dev.mediplanner.mx/api/dashboard/getDashboardPayments → {"status":"OK","data":{"grafica_actual":[{"etiqueta":"Viernes","total_pagos":0,"monto":0}],"grafica_anterior":[{"etiquet
[2026-07-31T20:26:49.962Z] ⚠️  Calendario del Dashboard no renderizó (intento 3/3), recargando...
❌ [REQUEST FAILED +42.36s] https://mediplanner-atencion.zendesk.com/frontendevents/dl?client=1B752747-577B-429A-A0E0-83861AF69088 — net::ERR_ABORTED
❌ [REQUEST FAILED +42.36s] https://www.google-analytics.com/g/collect?v=2&tid=G-ZVKJ9CWYCW&gtm=45je67t1v9248896219za200zd9248896219&_p=1785529608217&gcd=13l3l3l3l1l1&npa=0&dma=0&_eu=AEAAAAQ&ae=a&are=1&cid=1338814980.1785529476&frm=0&ngs=1&pscdl=noapi&rcb=6&sr=1536x960&uaa=x86&uab=64&uafvl=Chromium%3B145.0.7632.6%7CNot%253AA-Brand%3B99.0.0.0&uam=&uamb=0&uap=Windows&uapv=10.0&uaw=0&ul=en-us&_s=2&tag_exp=115938465~115938469~118897920~118897930~119896803&sid=1785529475&sct=1&seg=1&dl=https%3A%2F%2Fadmin-dev.mediplanner.mx%2FDashboard&dt=Mediplanner&en=scroll&epn.percent_scrolled=90&_et=16&tfd=2156 — net::ERR_ABORTED
❌ [REQUEST FAILED +42.36s] https://p.clarity.ms/collect — net::ERR_ABORTED
❌ [REQUEST FAILED +42.36s] https://www.google-analytics.com/g/collect?v=2&tid=G-ZVKJ9CWYCW&gtm=45je67t1v9248896219za200zd9248896219&_p=1785529608217&gcd=13l3l3l3l1l1&npa=0&dma=0&_eu=AAAAAAQ&are=1&cid=1338814980.1785529476&frm=0&ngs=1&pscdl=noapi&rcb=6&sr=1536x960&uaa=x86&uab=64&uafvl=Chromium%3B145.0.7632.6%7CNot%253AA-Brand%3B99.0.0.0&uam=&uamb=0&uap=Windows&uapv=10.0&uaw=0&ul=en-us&_s=3&tag_exp=115938465~115938469~118897920~118897930~119896803&sid=1785529475&sct=1&seg=1&dl=https%3A%2F%2Fadmin-dev.mediplanner.mx%2FDashboard&dt=Mediplanner&en=user_engagement&_et=1809&tfd=2157 — net::ERR_ABORTED
❌ [REQUEST FAILED +42.71s] https://www.google-analytics.com/g/collect?v=2&tid=G-ZVKJ9CWYCW&gtm=45je67t1v9248896219za200zd9248896219&_p=1785529610244&gcd=13l3l3l3l1l1&npa=0&dma=0&_eu=AAAAAAQ&are=1&cid=1338814980.1785529476&frm=0&ngs=1&pscdl=noapi&rcb=8&sr=1536x960&uaa=x86&uab=64&uafvl=Chromium%3B145.0.7632.6%7CNot%253AA-Brand%3B99.0.0.0&uam=&uamb=0&uap=Windows&uapv=10.0&uaw=0&ul=en-us&_s=1&tag_exp=115616986~115938466~115938469~118897920~118897930~119259605~119896802&sid=1785529475&sct=1&seg=1&dl=https%3A%2F%2Fadmin-dev.mediplanner.mx%2FDashboard&dt=Mediplanner&en=page_view&_ee=1&tfd=346 — net::ERR_ABORTED
📤 [API REQUEST    +42.75s] POST https://admin-dev.mediplanner.mx/api/permissions/getPermissions
📤 [API REQUEST    +42.75s] GET https://admin-dev.mediplanner.mx/api/profile/getProfile
📤 [API REQUEST    +42.75s] POST https://admin-dev.mediplanner.mx/api/appointments/getFilteredAppointments
📤 [API REQUEST    +42.75s] POST https://admin-dev.mediplanner.mx/api/dashboard/getDashboardData
📤 [API REQUEST    +42.75s] POST https://admin-dev.mediplanner.mx/api/procedures/getLastProceduresFilesByDoctorId
📤 [API REQUEST    +42.75s] POST https://admin-dev.mediplanner.mx/api/dashboard/getDashboardPayments
📤 [API REQUEST    +42.77s] POST https://admin-dev.mediplanner.mx/api/appointments/getAppointmentCount
❌ [REQUEST FAILED +42.80s] https://mediplanner-atencion.zendesk.com/frontendevents/pv?client=1B752747-577B-429A-A0E0-83861AF69088 — net::ERR_ABORTED
✅ [API RESPONSE   +43.31s] (559ms) 200 https://admin-dev.mediplanner.mx/api/dashboard/getDashboardData → {"status":"OK","data":{"monthConsultations":{"count":70,"percentage":0},"recurring":{"count":15,"percentage":650},"patie
✅ [API RESPONSE   +43.42s] (675ms) 200 https://admin-dev.mediplanner.mx/api/appointments/getFilteredAppointments → {"status":"OK","data":[]}
✅ [API RESPONSE   +43.43s] (681ms) 200 https://admin-dev.mediplanner.mx/api/permissions/getPermissions → {"status":"OK","data":[{"id":1,"name":"Consultar","module":"Usuarios","module_id":1,"active":false},{"id":2,"name":"Crea
✅ [API RESPONSE   +43.43s] (683ms) 200 https://admin-dev.mediplanner.mx/api/procedures/getLastProceduresFilesByDoctorId → {"status":"OK","data":{"procedimientos":[{"paciente_id":894,"paciente_nombre":"Agustin Tapia Nievas","procedimiento_id":
✅ [API RESPONSE   +43.44s] (685ms) 200 https://admin-dev.mediplanner.mx/api/profile/getProfile → {"status":"OK","data":{"id":467,"sNombre":"Walter","sPaterno":"Hartwell","sMaterno":"White","sCorreo":"dpichardo@rym-sol
✅ [API RESPONSE   +43.58s] (810ms) 200 https://admin-dev.mediplanner.mx/api/appointments/getAppointmentCount → {"status":"OK","data":[{"date":"2026-07-01","count":0},{"date":"2026-07-02","count":0},{"date":"2026-07-03","count":0},{
✅ [API RESPONSE   +43.59s] (842ms) 200 https://admin-dev.mediplanner.mx/api/dashboard/getDashboardPayments → {"status":"OK","data":{"grafica_actual":[{"etiqueta":"Viernes","total_pagos":0,"monto":0}],"grafica_anterior":[{"etiquet
[2026-07-31T20:26:52.032Z] ⚠️  El calendario del Dashboard no llegó a renderizar (td[data-day])
📤 [API REQUEST    +44.37s] POST https://admin-dev.mediplanner.mx/api/appointments/getAppointmentCount
✅ [API RESPONSE   +44.65s] (285ms) 200 https://admin-dev.mediplanner.mx/api/appointments/getAppointmentCount → {"status":"OK","data":[{"date":"2026-08-01","count":1},{"date":"2026-08-02","count":0},{"date":"2026-08-03","count":19},
📤 [API REQUEST    +45.03s] POST https://admin-dev.mediplanner.mx/api/appointments/getFilteredAppointments
✅ [API RESPONSE   +45.47s] (443ms) 200 https://admin-dev.mediplanner.mx/api/appointments/getFilteredAppointments → {"status":"OK","data":[]}
📤 [API REQUEST    +46.60s] POST https://admin-dev.mediplanner.mx/api/appointments/getFilteredAppointments
✅ [API RESPONSE   +46.99s] (393ms) 200 https://admin-dev.mediplanner.mx/api/appointments/getFilteredAppointments → {"status":"OK","data":[]}
❌ [REQUEST FAILED +47.65s] https://www.google-analytics.com/g/collect?v=2&tid=G-ZVKJ9CWYCW&gtm=45je67t1v9248896219za200zd9248896219&_p=1785529610244&gcd=13l3l3l3l1l1&npa=0&dma=0&_eu=AEAAAAQ&ae=a&are=1&cid=1338814980.1785529476&frm=0&ngs=1&pscdl=noapi&rcb=8&sr=1536x960&uaa=x86&uab=64&uafvl=Chromium%3B145.0.7632.6%7CNot%253AA-Brand%3B99.0.0.0&uam=&uamb=0&uap=Windows&uapv=10.0&uaw=0&ul=en-us&_s=2&tag_exp=115616986~115938466~115938469~118897920~118897930~119259605~119896802&sid=1785529475&sct=1&seg=1&dl=https%3A%2F%2Fadmin-dev.mediplanner.mx%2FDashboard&dt=Mediplanner&en=scroll&epn.percent_scrolled=90&_et=14&tfd=5351 — net::ERR_ABORTED
📤 [API REQUEST    +48.09s] POST https://admin-dev.mediplanner.mx/api/appointments/getFilteredAppointments
✅ [API RESPONSE   +48.65s] (556ms) 200 https://admin-dev.mediplanner.mx/api/appointments/getFilteredAppointments → {"status":"OK","data":[{"title":"Consulta inicial","doctor_id":467,"doctor_name":"Dr.Walter Hartwell White","doctor_img"
[2026-07-31T20:26:57.453Z] ✅ Botón Iniciar de "Daniela" encontrado en 2026-08-03
📤 [API REQUEST    +49.88s] POST https://admin-dev.mediplanner.mx/api/appointments/getFilteredAppointments
📤 [API REQUEST    +49.88s] POST https://admin-dev.mediplanner.mx/api/patients/getPatient
✅ [API RESPONSE   +50.49s] (611ms) 200 https://admin-dev.mediplanner.mx/api/appointments/getFilteredAppointments → {"status":"OK","data":[{"title":"Consulta inicial","doctor_id":467,"doctor_name":"Dr.Walter Hartwell White","doctor_img"
📤 [API REQUEST    +50.99s] POST https://admin-dev.mediplanner.mx/api/patients/getPatient
✅ [API RESPONSE   +51.00s] (1122ms) 200 https://admin-dev.mediplanner.mx/api/patients/getPatient → {"status":"OK","data":{"id":474,"iEstatusId":2,"sEstatus":"Aceptada","sImagen":"","sNombre":"Daniela","sPaterno":"Jiméne
📤 [API REQUEST    +51.08s] POST https://admin-dev.mediplanner.mx/api/patients/getPatient
✅ [API RESPONSE   +51.62s] (542ms) 200 https://admin-dev.mediplanner.mx/api/patients/getPatient → {"status":"OK","data":{"id":474,"iEstatusId":2,"sEstatus":"Aceptada","sImagen":"","sNombre":"Daniela","sPaterno":"Jiméne
✅ [API RESPONSE   +51.62s] (630ms) 200 https://admin-dev.mediplanner.mx/api/patients/getPatient → {"status":"OK","data":{"id":474,"iEstatusId":2,"sEstatus":"Aceptada","sImagen":"","sNombre":"Daniela","sPaterno":"Jiméne
❌ [REQUEST FAILED +56.13s] https://www.google-analytics.com/g/collect?v=2&tid=G-ZVKJ9CWYCW&gtm=45je67t1v9248896219za200zd9248896219&_p=1785529610244&gcd=13l3l3l3l1l1&npa=0&dma=0&_eu=AEEAAAQ&ae=a&are=1&cid=1338814980.1785529476&frm=0&ngs=1&pscdl=noapi&rcb=8&sr=1536x960&uaa=x86&uab=64&uafvl=Chromium%3B145.0.7632.6%7CNot%253AA-Brand%3B99.0.0.0&uam=&uamb=0&uap=Windows&uapv=10.0&uaw=0&ul=en-us&_s=3&tag_exp=115616986~115938466~115938469~118897920~118897930~119259605~119896802&sid=1785529475&sct=1&seg=1&dl=https%3A%2F%2Fadmin-dev.mediplanner.mx%2FDashboard&dt=Mediplanner&en=form_start&ep.form_id=&ep.form_destination=https%3A%2F%2Fadmin-dev.mediplanner.mx%2FDashboard&epn.form_length=10&ep.first_field_id=&ep.first_field_name=peso&ep.first_field_type=text&epn.first_field_position=7&_et=8505&tfd=13855 — net::ERR_ABORTED
  x  3 [consultation-user-errors] › tests\consultation.user-errors.spec.js:129:3 › Consulta — errores humanos reales (error guessing) › 2. Corregir un typo de dosis antes de guardar debe persistir el valor corregido, no el original (1.4m)
[dotenv@17.3.1] injecting env (0) from .env -- tip: ⚙️  load multiple .env files with { path: ['.env.local', '.env'] }
❌ [REQUEST FAILED +1.06s] https://www.google-analytics.com/g/collect?v=2&tid=G-ZVKJ9CWYCW&gtm=45je67t1v9248896219za200zd9248896219&_p=1785529651941&gcd=13l3l3l3l1l1&npa=0&dma=0&_eu=AAAAAAQ&are=1&cid=1338814980.1785529476&frm=0&ngs=1&pscdl=noapi&rcb=14&sr=1536x960&uaa=x86&uab=64&uafvl=Chromium%3B145.0.7632.6%7CNot%253AA-Brand%3B99.0.0.0&uam=&uamb=0&uap=Windows&uapv=10.0&uaw=0&ul=en-us&_s=1&tag_exp=115616986~115938466~115938469~118897920~118897930~119896802&sid=1785529475&sct=1&seg=1&dl=https%3A%2F%2Fadmin-dev.mediplanner.mx%2FPacientes&dt=Mediplanner&en=page_view&_ee=1&tfd=850 — net::ERR_ABORTED
❌ [REQUEST FAILED +2.60s] https://mediplanner-atencion.zendesk.com/frontendevents/pv?client=1B752747-577B-429A-A0E0-83861AF69088 — net::ERR_ABORTED
📤 [API REQUEST    +3.36s] POST https://admin-dev.mediplanner.mx/api/permissions/getPermissions
📤 [API REQUEST    +3.36s] GET https://admin-dev.mediplanner.mx/api/profile/getProfile
📤 [API REQUEST    +3.77s] POST https://admin-dev.mediplanner.mx/api/patients/getPatients
✅ [API RESPONSE   +3.78s] (421ms) 200 https://admin-dev.mediplanner.mx/api/permissions/getPermissions → {"status":"OK","data":[{"id":1,"name":"Consultar","module":"Usuarios","module_id":1,"active":false},{"id":2,"name":"Crea
✅ [API RESPONSE   +3.79s] (428ms) 200 https://admin-dev.mediplanner.mx/api/profile/getProfile → {"status":"OK","data":{"id":467,"sNombre":"Walter","sPaterno":"Hartwell","sMaterno":"White","sCorreo":"dpichardo@rym-sol
✅ [API RESPONSE   +5.91s] (2146ms) 200 https://admin-dev.mediplanner.mx/api/patients/getPatients → {"status":"OK","data":{"patients":[{"id":903,"iUsuarioDrId":467,"sImagen":"","sNombre":"Percentil","sPaterno":"Prueba","
❌ [REQUEST FAILED +5.98s] https://www.google-analytics.com/g/collect?v=2&tid=G-ZVKJ9CWYCW&gtm=45je67t1v9248896219za200zd9248896219&_p=1785529651941&gcd=13l3l3l3l1l1&npa=0&dma=0&_eu=AEAAAAQ&ae=a&are=1&cid=1338814980.1785529476&frm=0&ngs=1&pscdl=noapi&rcb=14&sr=1536x960&uaa=x86&uab=64&uafvl=Chromium%3B145.0.7632.6%7CNot%253AA-Brand%3B99.0.0.0&uam=&uamb=0&uap=Windows&uapv=10.0&uaw=0&ul=en-us&_s=2&tag_exp=115616986~115938466~115938469~118897920~118897930~119896802&sid=1785529475&sct=1&seg=1&dl=https%3A%2F%2Fadmin-dev.mediplanner.mx%2FPacientes&dt=Mediplanner&en=scroll&epn.percent_scrolled=90&_et=4&tfd=5855 — net::ERR_ABORTED
📤 [API REQUEST    +6.22s] POST https://admin-dev.mediplanner.mx/api/patients/getPatients
✅ [API RESPONSE   +7.74s] (1521ms) 200 https://admin-dev.mediplanner.mx/api/patients/getPatients → {"status":"OK","data":{"patients":[{"id":903,"iUsuarioDrId":467,"sImagen":"","sNombre":"Percentil","sPaterno":"Prueba","
🐛 [HALLAZGO] 2 pacientes con nombre "juan garcia perez" son indistinguibles en la lista (mismo correo/teléfono/fecha de nacimiento): ids 853, 861. Un usuario no puede saber cuál es cuál solo mirando la lista.
📤 [API REQUEST    +9.29s] POST https://admin-dev.mediplanner.mx/api/patients/getPatients
✅ [API RESPONSE   +9.79s] (506ms) 200 https://admin-dev.mediplanner.mx/api/patients/getPatients → {"status":"OK","data":{"patients":[{"id":853,"iUsuarioDrId":467,"sImagen":"","sNombre":"Juan","sPaterno":"Garcia","sMate
📤 [API REQUEST    +12.13s] GET https://admin-dev.mediplanner.mx/api/profile/getProfile
📤 [API REQUEST    +12.13s] POST https://admin-dev.mediplanner.mx/api/appointments/getAppointmentTypes
📤 [API REQUEST    +12.13s] POST https://admin-dev.mediplanner.mx/api/consultations/getRecentVitalSigns
📤 [API REQUEST    +12.13s] POST https://admin-dev.mediplanner.mx/api/patients/getPatient
❌ [REQUEST FAILED +12.14s] https://mediplanner-atencion.zendesk.com/frontendevents/pv?client=1B752747-577B-429A-A0E0-83861AF69088 — net::ERR_ABORTED
✅ [API RESPONSE   +12.74s] (611ms) 200 https://admin-dev.mediplanner.mx/api/consultations/getRecentVitalSigns → {"status":"OK","data":{"presion":"","oxigenacion":"","temperatura":"","peso":"","imc":"","frecuencia_cardiaca":"","frecu
✅ [API RESPONSE   +12.74s] (616ms) 200 https://admin-dev.mediplanner.mx/api/profile/getProfile → {"status":"OK","data":{"id":467,"sNombre":"Walter","sPaterno":"Hartwell","sMaterno":"White","sCorreo":"dpichardo@rym-sol
✅ [API RESPONSE   +12.80s] (674ms) 200 https://admin-dev.mediplanner.mx/api/appointments/getAppointmentTypes → {"status":"OK","data":[{"doctor_id":467,"relacion_id":1,"cita_nombre":"Consulta inicial","duracion":5,"producto_id":0,"u
✅ [API RESPONSE   +12.87s] (734ms) 200 https://admin-dev.mediplanner.mx/api/patients/getPatient → {"status":"OK","data":{"id":853,"iEstatusId":2,"sEstatus":"Aceptada","sImagen":"","sNombre":"Juan","sPaterno":"Garcia","
📤 [API REQUEST    +13.90s] POST https://admin-dev.mediplanner.mx/api/catalogs/getCatalogs
📤 [API REQUEST    +13.90s] POST https://admin-dev.mediplanner.mx/api/patients/getPatient
✅ [API RESPONSE   +14.18s] (279ms) 200 https://admin-dev.mediplanner.mx/api/catalogs/getCatalogs → {"status":"OK","data":{"tipos_sexo":[{"id":1,"name":"Masculino"},{"id":2,"name":"Femenino"}],"tipos_estado_civil":[{"id"
✅ [API RESPONSE   +14.28s] (379ms) 200 https://admin-dev.mediplanner.mx/api/patients/getPatient → {"status":"OK","data":{"id":853,"iEstatusId":2,"sEstatus":"Aceptada","sImagen":"","sNombre":"Juan","sPaterno":"Garcia","
   Fila clickeada (índice de aparición 2da) → id esperado uno de [853, 861], id realmente abierto: 853

══════════════════════════════════════════════════════════════════════
📊  RESUMEN DEVTOOLS MONITOR
══════════════════════════════════════════════════════════════════════
⏱️  Duración total:         14.4s
📤  API Requests enviados:  11
✅  Responses exitosas:     11
🟠  Responses con error:    0
🔴  Errores de JS/consola:  4
🟡  Warnings de consola:    0

── Errores detectados ──────────────────────────────────────────────
  [1] +1.06s → net::ERR_ABORTED
  [2] +2.60s → net::ERR_ABORTED
  [3] +5.98s → net::ERR_ABORTED
  [4] +12.14s → net::ERR_ABORTED
══════════════════════════════════════════════════════════════════════

  ok 4 [consultation-user-errors] › tests\consultation.user-errors.spec.js:189:3 › Consulta — errores humanos reales (error guessing) › 3. Pacientes con nombre idéntico deben abrirse por su registro real, no por confusión de fila (14.9s)
[2026-07-31T20:27:46.295Z] ℹ️  Explorando próximos 5 días para registrar una cita...
[2026-07-31T20:27:46.297Z] ℹ️  Paciente objetivo de la cita: "Daniela Jiménez"
❌ [REQUEST FAILED +1.01s] https://www.google-analytics.com/g/collect?v=2&tid=G-ZVKJ9CWYCW&gtm=45je67t1h1v9248896219za200zd9248896219&_p=1785529666883&gcd=13l3l3l3l1l1&npa=0&dma=0&_eu=AAAAAAQ&are=1&cid=1338814980.1785529476&frm=0&ngs=1&pscdl=noapi&rcb=6&sr=1536x960&uaa=x86&uab=64&uafvl=Chromium%3B145.0.7632.6%7CNot%253AA-Brand%3B99.0.0.0&uam=&uamb=0&uap=Windows&uapv=10.0&uaw=0&ul=en-us&_s=1&tag_exp=115616985~115938465~115938469~118897920~118897930~119896803&sid=1785529475&sct=1&seg=1&dl=https%3A%2F%2Fadmin-dev.mediplanner.mx%2FCitas&dt=Mediplanner&en=page_view&_ee=1&tfd=849 — net::ERR_ABORTED
❌ [REQUEST FAILED +2.64s] https://mediplanner-atencion.zendesk.com/frontendevents/pv?client=1B752747-577B-429A-A0E0-83861AF69088 — net::ERR_ABORTED
📤 [API REQUEST    +5.44s] POST https://admin-dev.mediplanner.mx/api/permissions/getPermissions
📤 [API REQUEST    +5.44s] GET https://admin-dev.mediplanner.mx/api/profile/getProfile
📤 [API REQUEST    +5.86s] POST https://admin-dev.mediplanner.mx/api/appointments/getFilteredAppointments
✅ [API RESPONSE   +5.87s] (436ms) 200 https://admin-dev.mediplanner.mx/api/permissions/getPermissions → {"status":"OK","data":[{"id":1,"name":"Consultar","module":"Usuarios","module_id":1,"active":false},{"id":2,"name":"Crea
✅ [API RESPONSE   +5.88s] (440ms) 200 https://admin-dev.mediplanner.mx/api/profile/getProfile → {"status":"OK","data":{"id":467,"sNombre":"Walter","sPaterno":"Hartwell","sMaterno":"White","sCorreo":"dpichardo@rym-sol
❌ [REQUEST FAILED +5.93s] https://www.google-analytics.com/g/collect?v=2&tid=G-ZVKJ9CWYCW&gtm=45je67t1h1v9248896219za200zd9248896219&_p=1785529666883&gcd=13l3l3l3l1l1&npa=0&dma=0&_eu=AEAAAAQ&ae=a&are=1&cid=1338814980.1785529476&frm=0&ngs=1&pscdl=noapi&rcb=6&sr=1536x960&uaa=x86&uab=64&uafvl=Chromium%3B145.0.7632.6%7CNot%253AA-Brand%3B99.0.0.0&uam=&uamb=0&uap=Windows&uapv=10.0&uaw=0&ul=en-us&_s=2&tag_exp=115616985~115938465~115938469~118897920~118897930~119896803&sid=1785529475&sct=1&seg=1&dl=https%3A%2F%2Fadmin-dev.mediplanner.mx%2FCitas&dt=Mediplanner&en=scroll&epn.percent_scrolled=90&_et=4&tfd=5854 — net::ERR_ABORTED
✅ [API RESPONSE   +6.85s] (991ms) 200 https://admin-dev.mediplanner.mx/api/appointments/getFilteredAppointments → {"status":"OK","data":[{"title":"Consulta inicial","doctor_id":467,"doctor_name":"Dr.Walter Hartwell White","doctor_img"
[2026-07-31T20:27:55.698Z] ℹ️  Buscando botón "Agendar cita"...
🔴 [DEVTOOLS ERROR +9.84s] data-stepper-next not found
📤 [API REQUEST    +9.84s] POST https://admin-dev.mediplanner.mx/api/patients/getPatients
📤 [API REQUEST    +9.84s] POST https://admin-dev.mediplanner.mx/api/appointments/getAppointmentTypes
[2026-07-31T20:27:56.246Z] ℹ️  Comboboxes en wizard: 1
❌ [REQUEST FAILED +10.21s] https://mediplanner-atencion.zendesk.com/frontendevents/pv?client=1B752747-577B-429A-A0E0-83861AF69088 — net::ERR_ABORTED
✅ [API RESPONSE   +10.46s] (621ms) 200 https://admin-dev.mediplanner.mx/api/appointments/getAppointmentTypes → {"status":"OK","data":[{"doctor_id":467,"relacion_id":1,"cita_nombre":"Consulta inicial","duracion":5,"producto_id":0,"u
✅ [API RESPONSE   +10.47s] (629ms) 200 https://admin-dev.mediplanner.mx/api/patients/getPatients → {"status":"OK","data":{"patients":[{"id":903,"iUsuarioDrId":467,"sImagen":"","sNombre":"Percentil","sPaterno":"Prueba","
📤 [API REQUEST    +10.78s] POST https://admin-dev.mediplanner.mx/api/patients/getPatients
[2026-07-31T20:27:57.133Z] ℹ️  Buscando: "Daniela Jiménez" (intento 1/5)...
✅ [API RESPONSE   +11.23s] (448ms) 200 https://admin-dev.mediplanner.mx/api/patients/getPatients → {"status":"OK","data":{"patients":[{"id":474,"iUsuarioDrId":467,"sImagen":"","sNombre":"Daniela","sPaterno":"Jiménez","s
[2026-07-31T20:27:59.151Z] ℹ️  Opciones encontradas: 1
[2026-07-31T20:27:59.290Z] ✅ Opción seleccionada (coincide "Daniela Jiménez"): "Daniela Jiménez Durán"
❌ [REQUEST FAILED +15.60s] https://www.google-analytics.com/g/collect?v=2&tid=G-ZVKJ9CWYCW&gtm=45je67t1h1v9248896219za200zd9248896219&_p=1785529666883&gcd=13l3l3l3l1l1&npa=0&dma=0&_eu=AEAAAAQ&ae=a&are=1&cid=1338814980.1785529476&frm=0&ngs=1&pscdl=noapi&rcb=6&sr=1536x960&uaa=x86&uab=64&uafvl=Chromium%3B145.0.7632.6%7CNot%253AA-Brand%3B99.0.0.0&uam=&uamb=0&uap=Windows&uapv=10.0&uaw=0&ul=en-us&_s=3&tag_exp=115616985~115938465~115938469~118897920~118897930~119896803&dl=https%3A%2F%2Fadmin-dev.mediplanner.mx%2FCitas%2FCrearCita&dr=https%3A%2F%2Fadmin-dev.mediplanner.mx%2FCitas&sid=1785529475&sct=1&seg=1&dt=Mediplanner&en=page_view&_et=9641&tfd=15504 — net::ERR_ABORTED
[2026-07-31T20:28:02.445Z] ℹ️  Selects en paso 2: 2
[2026-07-31T20:28:02.452Z] ℹ️  Opciones tipo consulta: 4
[2026-07-31T20:28:04.044Z] ℹ️  Opciones hospital: 6
[2026-07-31T20:28:05.238Z] ℹ️  Buscando input de fecha...
[2026-07-31T20:28:07.270Z] ✅ Input de fecha encontrado con selector: input[type="date"]
[2026-07-31T20:28:07.279Z] ℹ️  Intentando registrar cita en: 2026-07-31
📤 [API REQUEST    +21.01s] POST https://admin-dev.mediplanner.mx/api/appointments/getFreeSchedules
✅ [API RESPONSE   +21.78s] (766ms) 200 https://admin-dev.mediplanner.mx/api/appointments/getFreeSchedules → {"status":"OK","data":[]}
[2026-07-31T20:28:09.394Z] ⚠️  No hay horas disponibles en 2026-07-31
[2026-07-31T20:28:09.395Z] ℹ️  Intentando registrar cita en: 2026-08-01
📤 [API REQUEST    +23.12s] POST https://admin-dev.mediplanner.mx/api/appointments/getFreeSchedules
✅ [API RESPONSE   +23.52s] (403ms) 200 https://admin-dev.mediplanner.mx/api/appointments/getFreeSchedules → {"status":"OK","data":[]}
[2026-07-31T20:28:11.505Z] ⚠️  No hay horas disponibles en 2026-08-01
[2026-07-31T20:28:11.505Z] ℹ️  Intentando registrar cita en: 2026-08-02
📤 [API REQUEST    +25.23s] POST https://admin-dev.mediplanner.mx/api/appointments/getFreeSchedules
✅ [API RESPONSE   +25.67s] (434ms) 200 https://admin-dev.mediplanner.mx/api/appointments/getFreeSchedules → {"status":"OK","data":[]}
[2026-07-31T20:28:13.625Z] ⚠️  No hay horas disponibles en 2026-08-02
[2026-07-31T20:28:13.626Z] ℹ️  Intentando registrar cita en: 2026-08-03
📤 [API REQUEST    +27.35s] POST https://admin-dev.mediplanner.mx/api/appointments/getFreeSchedules
✅ [API RESPONSE   +27.82s] (466ms) 200 https://admin-dev.mediplanner.mx/api/appointments/getFreeSchedules → {"status":"OK","data":[{"hora_inicio":"10:35:00","hora_fin":"10:40:00"},{"hora_inicio":"10:40:00","hora_fin":"10:45:00"}
[2026-07-31T20:28:15.751Z] ✅ Horas disponibles en 2026-08-03: 178
[2026-07-31T20:28:15.775Z] ℹ️  Intentando seleccionar hora: 10:35
[2026-07-31T20:28:16.934Z] ✅ Hora seleccionada exitosamente
📤 [API REQUEST    +31.90s] POST https://admin-dev.mediplanner.mx/api/appointments/createAppointment
✅ [API RESPONSE   +34.38s] (2484ms) 200 https://admin-dev.mediplanner.mx/api/appointments/createAppointment → {"status":"OK","data":{"relacion_id":609,"message":"Cita creada correctamente"}}
[2026-07-31T20:28:21.191Z] ✅ Cita registrada exitosamente en 2026-08-03
❌ [REQUEST FAILED +35.11s] https://p.clarity.ms/collect — net::ERR_ABORTED
❌ [REQUEST FAILED +35.11s] https://www.google-analytics.com/g/collect?v=2&tid=G-ZVKJ9CWYCW&gtm=45je67t1h1v9248896219za200zd9248896219&_p=1785529666883&gcd=13l3l3l3l1l1&npa=0&dma=0&_eu=AAAAAAQ&are=1&cid=1338814980.1785529476&frm=0&ngs=1&pscdl=noapi&rcb=6&sr=1536x960&uaa=x86&uab=64&uafvl=Chromium%3B145.0.7632.6%7CNot%253AA-Brand%3B99.0.0.0&uam=&uamb=0&uap=Windows&uapv=10.0&uaw=0&ul=en-us&_s=4&tag_exp=115616985~115938465~115938469~118897920~118897930~119896803&sid=1785529475&sct=1&seg=1&dl=https%3A%2F%2Fadmin-dev.mediplanner.mx%2FCitas%2FCrearCita&dr=https%3A%2F%2Fadmin-dev.mediplanner.mx%2FCitas&dt=Mediplanner&en=user_engagement&_et=24591&tfd=35090 — net::ERR_ABORTED
❌ [REQUEST FAILED +35.48s] https://mediplanner-atencion.zendesk.com/frontendevents/pv?client=1B752747-577B-429A-A0E0-83861AF69088 — net::ERR_ABORTED
❌ [REQUEST FAILED +35.48s] https://www.google-analytics.com/g/collect?v=2&tid=G-ZVKJ9CWYCW&gtm=45je67t1h1v9248896219za200zd9248896219&_p=1785529701523&gcd=13l3l3l3l1l1&npa=0&dma=0&_eu=AAAAAAQ&are=1&cid=1338814980.1785529476&frm=0&ngs=1&pscdl=noapi&rcb=13&sr=1536x960&uaa=x86&uab=64&uafvl=Chromium%3B145.0.7632.6%7CNot%253AA-Brand%3B99.0.0.0&uam=&uamb=0&uap=Windows&uapv=10.0&uaw=0&ul=en-us&_s=1&tag_exp=115938466~115938469~118897920~118897930~119896802~120222307&sid=1785529475&sct=1&seg=1&dl=https%3A%2F%2Fadmin-dev.mediplanner.mx%2FDashboard&dt=Mediplanner&en=page_view&_ee=1&tfd=487 — net::ERR_ABORTED
📤 [API REQUEST    +35.77s] POST https://admin-dev.mediplanner.mx/api/permissions/getPermissions
📤 [API REQUEST    +35.77s] GET https://admin-dev.mediplanner.mx/api/profile/getProfile
📤 [API REQUEST    +36.25s] POST https://admin-dev.mediplanner.mx/api/appointments/getFilteredAppointments
📤 [API REQUEST    +36.25s] POST https://admin-dev.mediplanner.mx/api/dashboard/getDashboardData
📤 [API REQUEST    +36.25s] POST https://admin-dev.mediplanner.mx/api/procedures/getLastProceduresFilesByDoctorId
📤 [API REQUEST    +36.25s] POST https://admin-dev.mediplanner.mx/api/dashboard/getDashboardPayments
📤 [API REQUEST    +36.25s] POST https://admin-dev.mediplanner.mx/api/wizard/getActiveStep
📤 [API REQUEST    +36.28s] POST https://admin-dev.mediplanner.mx/api/appointments/getAppointmentCount
✅ [API RESPONSE   +36.26s] (494ms) 200 https://admin-dev.mediplanner.mx/api/permissions/getPermissions → {"status":"OK","data":[{"id":1,"name":"Consultar","module":"Usuarios","module_id":1,"active":false},{"id":2,"name":"Crea
✅ [API RESPONSE   +36.43s] (660ms) 200 https://admin-dev.mediplanner.mx/api/profile/getProfile → {"status":"OK","data":{"id":467,"sNombre":"Walter","sPaterno":"Hartwell","sMaterno":"White","sCorreo":"dpichardo@rym-sol
✅ [API RESPONSE   +36.73s] (483ms) 200 https://admin-dev.mediplanner.mx/api/appointments/getFilteredAppointments → {"status":"OK","data":[]}
✅ [API RESPONSE   +36.76s] (507ms) 200 https://admin-dev.mediplanner.mx/api/wizard/getActiveStep → {"status":"OK","data":{"activeStep":5,"date":"2026-07-31 14:26:44"}}
✅ [API RESPONSE   +36.77s] (521ms) 200 https://admin-dev.mediplanner.mx/api/procedures/getLastProceduresFilesByDoctorId → {"status":"OK","data":{"procedimientos":[{"paciente_id":894,"paciente_nombre":"Agustin Tapia Nievas","procedimiento_id":
✅ [API RESPONSE   +36.84s] (562ms) 200 https://admin-dev.mediplanner.mx/api/appointments/getAppointmentCount → {"status":"OK","data":[{"date":"2026-07-01","count":0},{"date":"2026-07-02","count":0},{"date":"2026-07-03","count":0},{
✅ [API RESPONSE   +37.04s] (793ms) 200 https://admin-dev.mediplanner.mx/api/dashboard/getDashboardData → {"status":"OK","data":{"monthConsultations":{"count":70,"percentage":0},"recurring":{"count":15,"percentage":650},"patie
✅ [API RESPONSE   +37.15s] (901ms) 200 https://admin-dev.mediplanner.mx/api/dashboard/getDashboardPayments → {"status":"OK","data":{"grafica_actual":[{"etiqueta":"Viernes","total_pagos":0,"monto":0}],"grafica_anterior":[{"etiquet
❌ [REQUEST FAILED +37.47s] https://mediplanner-atencion.zendesk.com/frontendevents/pv?client=1B752747-577B-429A-A0E0-83861AF69088 — net::ERR_ABORTED
📤 [API REQUEST    +37.70s] POST https://admin-dev.mediplanner.mx/api/wizard/getActiveStep
📤 [API REQUEST    +37.97s] GET https://admin-dev.mediplanner.mx/api/profile/getProfile
📤 [API REQUEST    +37.97s] POST https://admin-dev.mediplanner.mx/api/appointments/getAppointmentTypes
📤 [API REQUEST    +37.97s] POST https://admin-dev.mediplanner.mx/api/wizard/saveStep
✅ [API RESPONSE   +37.96s] (258ms) 200 https://admin-dev.mediplanner.mx/api/wizard/getActiveStep → {"status":"OK","data":{"activeStep":5,"date":"2026-07-31 14:26:44"}}
✅ [API RESPONSE   +38.27s] (299ms) 200 https://admin-dev.mediplanner.mx/api/wizard/saveStep → {"status":"OK","data":{"activeStep":5,"date":"2026-07-31 14:28:24"}}
📤 [API REQUEST    +38.45s] POST https://admin-dev.mediplanner.mx/api/appointments/getHospitalsByAppointment
📤 [API REQUEST    +38.46s] POST https://admin-dev.mediplanner.mx/api/appointments/getHospitalsByAppointment
📤 [API REQUEST    +38.46s] POST https://admin-dev.mediplanner.mx/api/appointments/getHospitalsByAppointment
✅ [API RESPONSE   +38.45s] (482ms) 200 https://admin-dev.mediplanner.mx/api/appointments/getAppointmentTypes → {"status":"OK","data":[{"doctor_id":467,"relacion_id":1,"cita_nombre":"Consulta inicial","duracion":5,"producto_id":0,"u
✅ [API RESPONSE   +38.46s] (488ms) 200 https://admin-dev.mediplanner.mx/api/profile/getProfile → {"status":"OK","data":{"id":467,"sNombre":"Walter","sPaterno":"Hartwell","sMaterno":"White","sCorreo":"dpichardo@rym-sol
✅ [API RESPONSE   +38.74s] (283ms) 200 https://admin-dev.mediplanner.mx/api/appointments/getHospitalsByAppointment → {"status":"OK","data":[{"hospital_id":15,"relacion_id":2,"nombre":"Consultorio Personal","consultorio":"General","activo
✅ [API RESPONSE   +38.78s] (320ms) 200 https://admin-dev.mediplanner.mx/api/appointments/getHospitalsByAppointment → {"status":"OK","data":[{"hospital_id":15,"relacion_id":2,"nombre":"Consultorio Personal","consultorio":"General","activo
✅ [API RESPONSE   +38.78s] (324ms) 200 https://admin-dev.mediplanner.mx/api/appointments/getHospitalsByAppointment → {"status":"OK","data":[{"hospital_id":15,"relacion_id":2,"nombre":"Consultorio Personal","consultorio":"General","activo
[2026-07-31T20:28:25.279Z] ℹ️  Buscando botón Iniciar para "Daniela" en los próximos 5 días...
❌ [REQUEST FAILED +39.20s] https://www.google-analytics.com/g/collect?v=2&tid=G-ZVKJ9CWYCW&gtm=45je67t1h1v9248896219za200zd9248896219&_p=1785529701523&gcd=13l3l3l3l1l1&npa=0&dma=0&_eu=AAAAAAQ&are=1&cid=1338814980.1785529476&frm=0&ngs=1&pscdl=noapi&rcb=13&sr=1536x960&uaa=x86&uab=64&uafvl=Chromium%3B145.0.7632.6%7CNot%253AA-Brand%3B99.0.0.0&uam=&uamb=0&uap=Windows&uapv=10.0&uaw=0&ul=en-us&_s=3&tag_exp=115938466~115938469~118897920~118897930~119896802~120222307&sid=1785529475&sct=1&seg=1&dl=https%3A%2F%2Fadmin-dev.mediplanner.mx%2Fwizard%2Fonboarding&dr=https%3A%2F%2Fadmin-dev.mediplanner.mx%2FDashboard&dt=Mediplanner&en=user_engagement&_et=1425&tfd=4286 — net::ERR_ABORTED
❌ [REQUEST FAILED +39.20s] https://www.google-analytics.com/g/collect?v=2&tid=G-ZVKJ9CWYCW&gtm=45je67t1h1v9248896219za200zd9248896219&_p=1785529701523&gcd=13l3l3l3l1l1&npa=0&dma=0&_eu=AEAAAAQ&ae=a&are=1&cid=1338814980.1785529476&frm=0&ngs=1&pscdl=noapi&rcb=13&sr=1536x960&uaa=x86&uab=64&uafvl=Chromium%3B145.0.7632.6%7CNot%253AA-Brand%3B99.0.0.0&uam=&uamb=0&uap=Windows&uapv=10.0&uaw=0&ul=en-us&tag_exp=115938466~115938469~118897920~118897930~119896802~120222307&sid=1785529475&sct=1&seg=1&dl=https%3A%2F%2Fadmin-dev.mediplanner.mx%2FDashboard&dt=Mediplanner&_s=2&tfd=4285 — net::ERR_ABORTED
❌ [REQUEST FAILED +39.20s] https://p.clarity.ms/collect — net::ERR_ABORTED
❌ [REQUEST FAILED +39.52s] https://mediplanner-atencion.zendesk.com/frontendevents/pv?client=1B752747-577B-429A-A0E0-83861AF69088 — net::ERR_ABORTED
📤 [API REQUEST    +39.56s] POST https://admin-dev.mediplanner.mx/api/permissions/getPermissions
📤 [API REQUEST    +39.56s] GET https://admin-dev.mediplanner.mx/api/profile/getProfile
📤 [API REQUEST    +39.56s] POST https://admin-dev.mediplanner.mx/api/appointments/getFilteredAppointments
📤 [API REQUEST    +39.56s] POST https://admin-dev.mediplanner.mx/api/dashboard/getDashboardData
📤 [API REQUEST    +39.56s] POST https://admin-dev.mediplanner.mx/api/procedures/getLastProceduresFilesByDoctorId
📤 [API REQUEST    +39.56s] POST https://admin-dev.mediplanner.mx/api/dashboard/getDashboardPayments
📤 [API REQUEST    +39.57s] POST https://admin-dev.mediplanner.mx/api/appointments/getAppointmentCount
❌ [REQUEST FAILED +39.58s] https://www.google-analytics.com/g/collect?v=2&tid=G-ZVKJ9CWYCW&gtm=45je67t1h1v9248896219za200zd9248896219&_p=1785529705605&gcd=13l3l3l3l1l1&npa=0&dma=0&_eu=AAAAAAQ&are=1&cid=1338814980.1785529476&frm=0&ngs=1&pscdl=noapi&rcb=4&sr=1536x960&uaa=x86&uab=64&uafvl=Chromium%3B145.0.7632.6%7CNot%253AA-Brand%3B99.0.0.0&uam=&uamb=0&uap=Windows&uapv=10.0&uaw=0&ul=en-us&_s=1&tag_exp=115938465~115938469~118395333~118897920~118897930~119896803&sid=1785529475&sct=1&seg=1&dl=https%3A%2F%2Fadmin-dev.mediplanner.mx%2FDashboard&dt=Mediplanner&en=page_view&_ee=1&tfd=496 — net::ERR_ABORTED
[2026-07-31T20:28:26.031Z] ⚠️  Calendario del Dashboard no renderizó (intento 1/3), recargando...
❌ [REQUEST FAILED +40.45s] https://p.clarity.ms/collect — net::ERR_ABORTED
❌ [REQUEST FAILED +40.45s] https://admin-dev.mediplanner.mx/api/dashboard/getDashboardPayments — net::ERR_ABORTED
❌ [REQUEST FAILED +40.45s] https://admin-dev.mediplanner.mx/api/appointments/getAppointmentCount — net::ERR_ABORTED
❌ [REQUEST FAILED +40.45s] https://admin-dev.mediplanner.mx/api/dashboard/getDashboardData — net::ERR_ABORTED
❌ [REQUEST FAILED +40.45s] https://www.google-analytics.com/g/collect?v=2&tid=G-ZVKJ9CWYCW&gtm=45je67t1h1v9248896219za200zd9248896219&_p=1785529705605&gcd=13l3l3l3l1l1&npa=0&dma=0&_eu=AEAAAAQ&ae=a&are=1&cid=1338814980.1785529476&frm=0&ngs=1&pscdl=noapi&rcb=4&sr=1536x960&uaa=x86&uab=64&uafvl=Chromium%3B145.0.7632.6%7CNot%253AA-Brand%3B99.0.0.0&uam=&uamb=0&uap=Windows&uapv=10.0&uaw=0&ul=en-us&_s=2&tag_exp=115938465~115938469~118395333~118897920~118897930~119896803&sid=1785529475&sct=1&seg=1&dl=https%3A%2F%2Fadmin-dev.mediplanner.mx%2FDashboard&dt=Mediplanner&en=scroll&epn.percent_scrolled=90&_et=2&tfd=1453 — net::ERR_ABORTED
✅ [API RESPONSE   +40.32s] (759ms) 200 https://admin-dev.mediplanner.mx/api/procedures/getLastProceduresFilesByDoctorId
✅ [API RESPONSE   +40.42s] (868ms) 200 https://admin-dev.mediplanner.mx/api/permissions/getPermissions
✅ [API RESPONSE   +40.43s] (872ms) 200 https://admin-dev.mediplanner.mx/api/profile/getProfile
✅ [API RESPONSE   +40.43s] (874ms) 200 https://admin-dev.mediplanner.mx/api/appointments/getFilteredAppointments
❌ [REQUEST FAILED +40.77s] https://www.google-analytics.com/g/collect?v=2&tid=G-ZVKJ9CWYCW&gtm=45je67t1h1v9248896219za200zd9248896219&_p=1785529706862&gcd=13l3l3l3l1l1&npa=0&dma=0&_eu=AAAAAAQ&are=1&cid=1338814980.1785529476&frm=0&ngs=1&pscdl=noapi&rcb=1&sr=1536x960&uaa=x86&uab=64&uafvl=Chromium%3B145.0.7632.6%7CNot%253AA-Brand%3B99.0.0.0&uam=&uamb=0&uap=Windows&uapv=10.0&uaw=0&ul=en-us&_s=1&tag_exp=115938466~115938469~118395333~118897920~118897930~119896802&sid=1785529475&sct=1&seg=1&dl=https%3A%2F%2Fadmin-dev.mediplanner.mx%2FDashboard&dt=Mediplanner&en=page_view&_ee=1&tfd=913 — net::ERR_ABORTED
📤 [API REQUEST    +40.89s] POST https://admin-dev.mediplanner.mx/api/permissions/getPermissions
📤 [API REQUEST    +40.89s] GET https://admin-dev.mediplanner.mx/api/profile/getProfile
📤 [API REQUEST    +40.89s] POST https://admin-dev.mediplanner.mx/api/appointments/getFilteredAppointments
📤 [API REQUEST    +40.89s] POST https://admin-dev.mediplanner.mx/api/dashboard/getDashboardData
📤 [API REQUEST    +40.89s] POST https://admin-dev.mediplanner.mx/api/procedures/getLastProceduresFilesByDoctorId
📤 [API REQUEST    +40.89s] POST https://admin-dev.mediplanner.mx/api/dashboard/getDashboardPayments
❌ [REQUEST FAILED +40.91s] https://mediplanner-atencion.zendesk.com/frontendevents/pv?client=1B752747-577B-429A-A0E0-83861AF69088 — net::ERR_ABORTED
📤 [API REQUEST    +40.91s] POST https://admin-dev.mediplanner.mx/api/appointments/getAppointmentCount
✅ [API RESPONSE   +41.34s] (446ms) 200 https://admin-dev.mediplanner.mx/api/appointments/getFilteredAppointments → {"status":"OK","data":[]}
✅ [API RESPONSE   +41.54s] (650ms) 200 https://admin-dev.mediplanner.mx/api/permissions/getPermissions → {"status":"OK","data":[{"id":1,"name":"Consultar","module":"Usuarios","module_id":1,"active":false},{"id":2,"name":"Crea
✅ [API RESPONSE   +41.55s] (659ms) 200 https://admin-dev.mediplanner.mx/api/profile/getProfile → {"status":"OK","data":{"id":467,"sNombre":"Walter","sPaterno":"Hartwell","sMaterno":"White","sCorreo":"dpichardo@rym-sol
✅ [API RESPONSE   +41.65s] (757ms) 200 https://admin-dev.mediplanner.mx/api/procedures/getLastProceduresFilesByDoctorId → {"status":"OK","data":{"procedimientos":[{"paciente_id":894,"paciente_nombre":"Agustin Tapia Nievas","procedimiento_id":
✅ [API RESPONSE   +41.66s] (742ms) 200 https://admin-dev.mediplanner.mx/api/appointments/getAppointmentCount → {"status":"OK","data":[{"date":"2026-07-01","count":0},{"date":"2026-07-02","count":0},{"date":"2026-07-03","count":0},{
✅ [API RESPONSE   +41.86s] (966ms) 200 https://admin-dev.mediplanner.mx/api/dashboard/getDashboardData → {"status":"OK","data":{"monthConsultations":{"count":70,"percentage":0},"recurring":{"count":15,"percentage":650},"patie
✅ [API RESPONSE   +41.87s] (972ms) 200 https://admin-dev.mediplanner.mx/api/dashboard/getDashboardPayments → {"status":"OK","data":{"grafica_actual":[{"etiqueta":"Viernes","total_pagos":0,"monto":0}],"grafica_anterior":[{"etiquet
[2026-07-31T20:28:28.592Z] ⚠️  Calendario del Dashboard no renderizó (intento 2/3), recargando...
❌ [REQUEST FAILED +42.48s] https://mediplanner-atencion.zendesk.com/frontendevents/dl?client=1B752747-577B-429A-A0E0-83861AF69088 — net::ERR_ABORTED
❌ [REQUEST FAILED +42.48s] https://www.google-analytics.com/g/collect?v=2&tid=G-ZVKJ9CWYCW&gtm=45je67t1h1v9248896219za200zd9248896219&_p=1785529706862&gcd=13l3l3l3l1l1&npa=0&dma=0&_eu=AAAAAAQ&are=1&cid=1338814980.1785529476&frm=0&ngs=1&pscdl=noapi&rcb=1&sr=1536x960&uaa=x86&uab=64&uafvl=Chromium%3B145.0.7632.6%7CNot%253AA-Brand%3B99.0.0.0&uam=&uamb=0&uap=Windows&uapv=10.0&uaw=0&ul=en-us&_s=3&tag_exp=115938466~115938469~118395333~118897920~118897930~119896802&sid=1785529475&sct=1&seg=1&dl=https%3A%2F%2Fadmin-dev.mediplanner.mx%2FDashboard&dt=Mediplanner&en=user_engagement&_et=1811&tfd=2726 — net::ERR_ABORTED
❌ [REQUEST FAILED +42.48s] https://p.clarity.ms/collect — net::ERR_ABORTED
❌ [REQUEST FAILED +42.48s] https://www.google-analytics.com/g/collect?v=2&tid=G-ZVKJ9CWYCW&gtm=45je67t1h1v9248896219za200zd9248896219&_p=1785529706862&gcd=13l3l3l3l1l1&npa=0&dma=0&_eu=AEAAAAQ&ae=a&are=1&cid=1338814980.1785529476&frm=0&ngs=1&pscdl=noapi&rcb=1&sr=1536x960&uaa=x86&uab=64&uafvl=Chromium%3B145.0.7632.6%7CNot%253AA-Brand%3B99.0.0.0&uam=&uamb=0&uap=Windows&uapv=10.0&uaw=0&ul=en-us&_s=2&tag_exp=115938466~115938469~118395333~118897920~118897930~119896802&sid=1785529475&sct=1&seg=1&dl=https%3A%2F%2Fadmin-dev.mediplanner.mx%2FDashboard&dt=Mediplanner&en=scroll&epn.percent_scrolled=90&_et=16&tfd=2726 — net::ERR_ABORTED
❌ [REQUEST FAILED +42.81s] https://www.google-analytics.com/g/collect?v=2&tid=G-ZVKJ9CWYCW&gtm=45je67t1h1v9248896219za200zd9248896219&_p=1785529708883&gcd=13l3l3l3l1l1&npa=0&dma=0&_eu=AAAAAAQ&are=1&cid=1338814980.1785529476&frm=0&ngs=1&pscdl=noapi&rcb=11&sr=1536x960&uaa=x86&uab=64&uafvl=Chromium%3B145.0.7632.6%7CNot%253AA-Brand%3B99.0.0.0&uam=&uamb=0&uap=Windows&uapv=10.0&uaw=0&ul=en-us&_s=1&tag_exp=115938466~115938468~118897920~118897930~119793972~119896802&sid=1785529475&sct=1&seg=1&dl=https%3A%2F%2Fadmin-dev.mediplanner.mx%2FDashboard&dt=Mediplanner&en=page_view&_ee=1&tfd=344 — net::ERR_ABORTED
📤 [API REQUEST    +42.87s] POST https://admin-dev.mediplanner.mx/api/permissions/getPermissions
📤 [API REQUEST    +42.87s] GET https://admin-dev.mediplanner.mx/api/profile/getProfile
📤 [API REQUEST    +42.87s] POST https://admin-dev.mediplanner.mx/api/appointments/getFilteredAppointments
📤 [API REQUEST    +42.87s] POST https://admin-dev.mediplanner.mx/api/dashboard/getDashboardData
📤 [API REQUEST    +42.87s] POST https://admin-dev.mediplanner.mx/api/procedures/getLastProceduresFilesByDoctorId
📤 [API REQUEST    +42.87s] POST https://admin-dev.mediplanner.mx/api/dashboard/getDashboardPayments
📤 [API REQUEST    +42.89s] POST https://admin-dev.mediplanner.mx/api/appointments/getAppointmentCount
❌ [REQUEST FAILED +42.94s] https://mediplanner-atencion.zendesk.com/frontendevents/pv?client=1B752747-577B-429A-A0E0-83861AF69088 — net::ERR_ABORTED
✅ [API RESPONSE   +43.43s] (559ms) 200 https://admin-dev.mediplanner.mx/api/dashboard/getDashboardData → {"status":"OK","data":{"monthConsultations":{"count":70,"percentage":0},"recurring":{"count":15,"percentage":650},"patie
✅ [API RESPONSE   +43.59s] (717ms) 200 https://admin-dev.mediplanner.mx/api/procedures/getLastProceduresFilesByDoctorId → {"status":"OK","data":{"procedimientos":[{"paciente_id":894,"paciente_nombre":"Agustin Tapia Nievas","procedimiento_id":
✅ [API RESPONSE   +43.60s] (734ms) 200 https://admin-dev.mediplanner.mx/api/profile/getProfile → {"status":"OK","data":{"id":467,"sNombre":"Walter","sPaterno":"Hartwell","sMaterno":"White","sCorreo":"dpichardo@rym-sol
✅ [API RESPONSE   +43.62s] (746ms) 200 https://admin-dev.mediplanner.mx/api/permissions/getPermissions → {"status":"OK","data":[{"id":1,"name":"Consultar","module":"Usuarios","module_id":1,"active":false},{"id":2,"name":"Crea
✅ [API RESPONSE   +43.75s] (866ms) 200 https://admin-dev.mediplanner.mx/api/appointments/getAppointmentCount → {"status":"OK","data":[{"date":"2026-07-01","count":0},{"date":"2026-07-02","count":0},{"date":"2026-07-03","count":0},{
✅ [API RESPONSE   +43.78s] (915ms) 200 https://admin-dev.mediplanner.mx/api/appointments/getFilteredAppointments → {"status":"OK","data":[]}
✅ [API RESPONSE   +43.79s] (919ms) 200 https://admin-dev.mediplanner.mx/api/dashboard/getDashboardPayments → {"status":"OK","data":{"grafica_actual":[{"etiqueta":"Viernes","total_pagos":0,"monto":0}],"grafica_anterior":[{"etiquet
[2026-07-31T20:28:30.695Z] ⚠️  Calendario del Dashboard no renderizó (intento 3/3), recargando...
❌ [REQUEST FAILED +44.58s] https://www.google-analytics.com/g/collect?v=2&tid=G-ZVKJ9CWYCW&gtm=45je67t1h1v9248896219za200zd9248896219&_p=1785529708883&gcd=13l3l3l3l1l1&npa=0&dma=0&_eu=AEAAAAQ&ae=a&are=1&cid=1338814980.1785529476&frm=0&ngs=1&pscdl=noapi&rcb=11&sr=1536x960&uaa=x86&uab=64&uafvl=Chromium%3B145.0.7632.6%7CNot%253AA-Brand%3B99.0.0.0&uam=&uamb=0&uap=Windows&uapv=10.0&uaw=0&ul=en-us&_s=2&tag_exp=115938466~115938468~118897920~118897930~119793972~119896802&sid=1785529475&sct=1&seg=1&dl=https%3A%2F%2Fadmin-dev.mediplanner.mx%2FDashboard&dt=Mediplanner&en=scroll&epn.percent_scrolled=90&_et=17&tfd=2255 — net::ERR_ABORTED
❌ [REQUEST FAILED +44.58s] https://p.clarity.ms/collect — net::ERR_ABORTED
❌ [REQUEST FAILED +44.58s] https://p.clarity.ms/collect — net::ERR_ABORTED
❌ [REQUEST FAILED +44.58s] https://www.google-analytics.com/g/collect?v=2&tid=G-ZVKJ9CWYCW&gtm=45je67t1h1v9248896219za200zd9248896219&_p=1785529708883&gcd=13l3l3l3l1l1&npa=0&dma=0&_eu=AAAAAAQ&are=1&cid=1338814980.1785529476&frm=0&ngs=1&pscdl=noapi&rcb=11&sr=1536x960&uaa=x86&uab=64&uafvl=Chromium%3B145.0.7632.6%7CNot%253AA-Brand%3B99.0.0.0&uam=&uamb=0&uap=Windows&uapv=10.0&uaw=0&ul=en-us&_s=3&tag_exp=115938466~115938468~118897920~118897930~119793972~119896802&sid=1785529475&sct=1&seg=1&dl=https%3A%2F%2Fadmin-dev.mediplanner.mx%2FDashboard&dt=Mediplanner&en=user_engagement&_et=1908&tfd=2255 — net::ERR_ABORTED
📤 [API REQUEST    +44.98s] POST https://admin-dev.mediplanner.mx/api/permissions/getPermissions
📤 [API REQUEST    +44.98s] GET https://admin-dev.mediplanner.mx/api/profile/getProfile
📤 [API REQUEST    +44.98s] POST https://admin-dev.mediplanner.mx/api/appointments/getFilteredAppointments
📤 [API REQUEST    +44.98s] POST https://admin-dev.mediplanner.mx/api/dashboard/getDashboardData
📤 [API REQUEST    +44.98s] POST https://admin-dev.mediplanner.mx/api/procedures/getLastProceduresFilesByDoctorId
📤 [API REQUEST    +44.98s] POST https://admin-dev.mediplanner.mx/api/dashboard/getDashboardPayments
📤 [API REQUEST    +45.03s] POST https://admin-dev.mediplanner.mx/api/appointments/getAppointmentCount
❌ [REQUEST FAILED +45.05s] https://mediplanner-atencion.zendesk.com/frontendevents/pv?client=1B752747-577B-429A-A0E0-83861AF69088 — net::ERR_ABORTED
❌ [REQUEST FAILED +45.05s] https://www.google-analytics.com/g/collect?v=2&tid=G-ZVKJ9CWYCW&gtm=45je67t1h1v9248896219za200zd9248896219&_p=1785529711024&gcd=13l3l3l3l1l1&npa=0&dma=0&_eu=AAAAAAQ&are=1&cid=1338814980.1785529476&frm=0&ngs=1&pscdl=noapi&rcb=3&sr=1536x960&uaa=x86&uab=64&uafvl=Chromium%3B145.0.7632.6%7CNot%253AA-Brand%3B99.0.0.0&uam=&uamb=0&uap=Windows&uapv=10.0&uaw=0&ul=en-us&_s=1&tag_exp=115938466~115938469~118395335~118897920~118897930~119381663~119527020~119896803~120222308&sid=1785529475&sct=1&seg=1&dl=https%3A%2F%2Fadmin-dev.mediplanner.mx%2FDashboard&dt=Mediplanner&en=page_view&_ee=1&tfd=395 — net::ERR_ABORTED
✅ [API RESPONSE   +45.55s] (562ms) 200 https://admin-dev.mediplanner.mx/api/procedures/getLastProceduresFilesByDoctorId → {"status":"OK","data":{"procedimientos":[{"paciente_id":894,"paciente_nombre":"Agustin Tapia Nievas","procedimiento_id":
✅ [API RESPONSE   +45.73s] (752ms) 200 https://admin-dev.mediplanner.mx/api/dashboard/getDashboardData → {"status":"OK","data":{"monthConsultations":{"count":70,"percentage":0},"recurring":{"count":15,"percentage":650},"patie
✅ [API RESPONSE   +45.83s] (803ms) 200 https://admin-dev.mediplanner.mx/api/appointments/getAppointmentCount → {"status":"OK","data":[{"date":"2026-07-01","count":0},{"date":"2026-07-02","count":0},{"date":"2026-07-03","count":0},{
✅ [API RESPONSE   +45.84s] (856ms) 200 https://admin-dev.mediplanner.mx/api/profile/getProfile → {"status":"OK","data":{"id":467,"sNombre":"Walter","sPaterno":"Hartwell","sMaterno":"White","sCorreo":"dpichardo@rym-sol
✅ [API RESPONSE   +45.86s] (875ms) 200 https://admin-dev.mediplanner.mx/api/permissions/getPermissions → {"status":"OK","data":[{"id":1,"name":"Consultar","module":"Usuarios","module_id":1,"active":false},{"id":2,"name":"Crea
✅ [API RESPONSE   +45.94s] (954ms) 200 https://admin-dev.mediplanner.mx/api/appointments/getFilteredAppointments → {"status":"OK","data":[]}
✅ [API RESPONSE   +46.02s] (1040ms) 200 https://admin-dev.mediplanner.mx/api/dashboard/getDashboardPayments → {"status":"OK","data":{"grafica_actual":[{"etiqueta":"Viernes","total_pagos":0,"monto":0}],"grafica_anterior":[{"etiquet
[2026-07-31T20:28:32.826Z] ⚠️  El calendario del Dashboard no llegó a renderizar (td[data-day])
📤 [API REQUEST    +46.62s] POST https://admin-dev.mediplanner.mx/api/appointments/getAppointmentCount
✅ [API RESPONSE   +46.81s] (190ms) 200 https://admin-dev.mediplanner.mx/api/appointments/getAppointmentCount → {"status":"OK","data":[{"date":"2026-08-01","count":1},{"date":"2026-08-02","count":0},{"date":"2026-08-03","count":20},
📤 [API REQUEST    +47.27s] POST https://admin-dev.mediplanner.mx/api/appointments/getFilteredAppointments
✅ [API RESPONSE   +47.79s] (522ms) 200 https://admin-dev.mediplanner.mx/api/appointments/getFilteredAppointments → {"status":"OK","data":[]}
📤 [API REQUEST    +48.88s] POST https://admin-dev.mediplanner.mx/api/appointments/getFilteredAppointments
✅ [API RESPONSE   +49.21s] (326ms) 200 https://admin-dev.mediplanner.mx/api/appointments/getFilteredAppointments → {"status":"OK","data":[]}
❌ [REQUEST FAILED +50.04s] https://www.google-analytics.com/g/collect?v=2&tid=G-ZVKJ9CWYCW&gtm=45je67t1h1v9248896219za200zd9248896219&_p=1785529711024&gcd=13l3l3l3l1l1&npa=0&dma=0&_eu=AEAAAAQ&ae=a&are=1&cid=1338814980.1785529476&frm=0&ngs=1&pscdl=noapi&rcb=3&sr=1536x960&uaa=x86&uab=64&uafvl=Chromium%3B145.0.7632.6%7CNot%253AA-Brand%3B99.0.0.0&uam=&uamb=0&uap=Windows&uapv=10.0&uaw=0&ul=en-us&_s=2&tag_exp=115938466~115938469~118395335~118897920~118897930~119381663~119527020~119896803~120222308&sid=1785529475&sct=1&seg=1&dl=https%3A%2F%2Fadmin-dev.mediplanner.mx%2FDashboard&dt=Mediplanner&en=scroll&epn.percent_scrolled=90&_et=22&tfd=5411 — net::ERR_ABORTED
📤 [API REQUEST    +50.30s] POST https://admin-dev.mediplanner.mx/api/appointments/getFilteredAppointments
✅ [API RESPONSE   +51.02s] (720ms) 200 https://admin-dev.mediplanner.mx/api/appointments/getFilteredAppointments → {"status":"OK","data":[{"title":"Consulta inicial","doctor_id":467,"doctor_name":"Dr.Walter Hartwell White","doctor_img"
[2026-07-31T20:28:38.367Z] ✅ Botón Iniciar de "Daniela" encontrado en 2026-08-03
📤 [API REQUEST    +52.29s] POST https://admin-dev.mediplanner.mx/api/appointments/getFilteredAppointments
📤 [API REQUEST    +52.29s] POST https://admin-dev.mediplanner.mx/api/patients/getPatient
✅ [API RESPONSE   +53.11s] (826ms) 200 https://admin-dev.mediplanner.mx/api/appointments/getFilteredAppointments → {"status":"OK","data":[{"title":"Consulta inicial","doctor_id":467,"doctor_name":"Dr.Walter Hartwell White","doctor_img"
✅ [API RESPONSE   +53.33s] (1045ms) 200 https://admin-dev.mediplanner.mx/api/patients/getPatient → {"status":"OK","data":{"id":474,"iEstatusId":2,"sEstatus":"Aceptada","sImagen":"","sNombre":"Daniela","sPaterno":"Jiméne
📤 [API REQUEST    +53.40s] POST https://admin-dev.mediplanner.mx/api/patients/getPatient
📤 [API REQUEST    +53.49s] POST https://admin-dev.mediplanner.mx/api/patients/getPatient
✅ [API RESPONSE   +54.16s] (758ms) 200 https://admin-dev.mediplanner.mx/api/patients/getPatient → {"status":"OK","data":{"id":474,"iEstatusId":2,"sEstatus":"Aceptada","sImagen":"","sNombre":"Daniela","sPaterno":"Jiméne
✅ [API RESPONSE   +54.16s] (674ms) 200 https://admin-dev.mediplanner.mx/api/patients/getPatient → {"status":"OK","data":{"id":474,"iEstatusId":2,"sEstatus":"Aceptada","sImagen":"","sNombre":"Daniela","sPaterno":"Jiméne
❌ [REQUEST FAILED +58.55s] https://www.google-analytics.com/g/collect?v=2&tid=G-ZVKJ9CWYCW&gtm=45je67t1h1v9248896219za200zd9248896219&_p=1785529711024&gcd=13l3l3l3l1l1&npa=0&dma=0&_eu=AEEAAAQ&ae=a&are=1&cid=1338814980.1785529476&frm=0&ngs=1&pscdl=noapi&rcb=3&sr=1536x960&uaa=x86&uab=64&uafvl=Chromium%3B145.0.7632.6%7CNot%253AA-Brand%3B99.0.0.0&uam=&uamb=0&uap=Windows&uapv=10.0&uaw=0&ul=en-us&_s=3&tag_exp=115938466~115938469~118395335~118897920~118897930~119381663~119527020~119896803~120222308&sid=1785529475&sct=1&seg=1&dl=https%3A%2F%2Fadmin-dev.mediplanner.mx%2FDashboard&dt=Mediplanner&en=form_start&ep.form_id=&ep.form_destination=https%3A%2F%2Fadmin-dev.mediplanner.mx%2FDashboard&epn.form_length=10&ep.first_field_id=&ep.first_field_name=peso&ep.first_field_type=text&epn.first_field_position=7&_et=8674&tfd=14078 — net::ERR_ABORTED
  x  5 [consultation-user-errors] › tests\consultation.user-errors.spec.js:257:3 › Consulta — errores humanos reales (error guessing) › 4. Escribir en Notas del Médico y navegar fuera sin guardar no debe corromper el dato al volver (1.4m)
[dotenv@17.3.1] injecting env (0) from .env -- tip: ⚡️ secrets for agents: https://dotenvx.com/as2
[2026-07-31T20:29:12.483Z] ℹ️  Explorando próximos 5 días para registrar una cita...
[2026-07-31T20:29:12.484Z] ℹ️  Paciente objetivo de la cita: "Daniela Jiménez"
❌ [REQUEST FAILED +1.18s] https://www.google-analytics.com/g/collect?v=2&tid=G-ZVKJ9CWYCW&gtm=45je67t1v9248896219za200zd9248896219&_p=1785529753104&gcd=13l3l3l3l1l1&npa=0&dma=0&_eu=AAAAAAQ&are=1&cid=1338814980.1785529476&frm=0&ngs=1&pscdl=noapi&rcb=12&sr=1536x960&uaa=x86&uab=64&uafvl=Chromium%3B145.0.7632.6%7CNot%253AA-Brand%3B99.0.0.0&uam=&uamb=0&uap=Windows&uapv=10.0&uaw=0&ul=en-us&_s=1&tag_exp=115616986~115938465~115938469~118897920~118897930~119793973~119896802&sid=1785529475&sct=1&seg=1&dl=https%3A%2F%2Fadmin-dev.mediplanner.mx%2FCitas&dt=Mediplanner&en=page_view&_ee=1&tfd=1018 — net::ERR_ABORTED
❌ [REQUEST FAILED +2.57s] https://mediplanner-atencion.zendesk.com/frontendevents/pv?client=1B752747-577B-429A-A0E0-83861AF69088 — net::ERR_ABORTED
📤 [API REQUEST    +3.77s] POST https://admin-dev.mediplanner.mx/api/permissions/getPermissions
📤 [API REQUEST    +3.77s] GET https://admin-dev.mediplanner.mx/api/profile/getProfile
📤 [API REQUEST    +4.13s] POST https://admin-dev.mediplanner.mx/api/appointments/getFilteredAppointments
✅ [API RESPONSE   +4.15s] (381ms) 200 https://admin-dev.mediplanner.mx/api/profile/getProfile → {"status":"OK","data":{"id":467,"sNombre":"Walter","sPaterno":"Hartwell","sMaterno":"White","sCorreo":"dpichardo@rym-sol
✅ [API RESPONSE   +4.16s] (394ms) 200 https://admin-dev.mediplanner.mx/api/permissions/getPermissions → {"status":"OK","data":[{"id":1,"name":"Consultar","module":"Usuarios","module_id":1,"active":false},{"id":2,"name":"Crea
✅ [API RESPONSE   +5.06s] (929ms) 200 https://admin-dev.mediplanner.mx/api/appointments/getFilteredAppointments → {"status":"OK","data":[{"title":"Consulta inicial","doctor_id":467,"doctor_name":"Dr.Walter Hartwell White","doctor_img"
❌ [REQUEST FAILED +6.11s] https://www.google-analytics.com/g/collect?v=2&tid=G-ZVKJ9CWYCW&gtm=45je67t1v9248896219za200zd9248896219&_p=1785529753104&gcd=13l3l3l3l1l1&npa=0&dma=0&_eu=AEAAAAQ&ae=a&are=1&cid=1338814980.1785529476&frm=0&ngs=1&pscdl=noapi&rcb=12&sr=1536x960&uaa=x86&uab=64&uafvl=Chromium%3B145.0.7632.6%7CNot%253AA-Brand%3B99.0.0.0&uam=&uamb=0&uap=Windows&uapv=10.0&uaw=0&ul=en-us&_s=2&tag_exp=115616986~115938465~115938469~118897920~118897930~119793973~119896802&sid=1785529475&sct=1&seg=1&dl=https%3A%2F%2Fadmin-dev.mediplanner.mx%2FCitas&dt=Mediplanner&en=scroll&epn.percent_scrolled=90&_et=4&tfd=6032 — net::ERR_ABORTED
[2026-07-31T20:29:20.500Z] ℹ️  Buscando botón "Agendar cita"...
🔴 [DEVTOOLS ERROR +8.35s] data-stepper-next not found
📤 [API REQUEST    +8.36s] POST https://admin-dev.mediplanner.mx/api/patients/getPatients
📤 [API REQUEST    +8.36s] POST https://admin-dev.mediplanner.mx/api/appointments/getAppointmentTypes
[2026-07-31T20:29:21.070Z] ℹ️  Comboboxes en wizard: 1
✅ [API RESPONSE   +8.68s] (317ms) 200 https://admin-dev.mediplanner.mx/api/appointments/getAppointmentTypes → {"status":"OK","data":[{"doctor_id":467,"relacion_id":1,"cita_nombre":"Consulta inicial","duracion":5,"producto_id":0,"u
📤 [API REQUEST    +9.41s] POST https://admin-dev.mediplanner.mx/api/patients/getPatients
[2026-07-31T20:29:21.941Z] ℹ️  Buscando: "Daniela Jiménez" (intento 1/5)...
❌ [REQUEST FAILED +10.35s] https://mediplanner-atencion.zendesk.com/frontendevents/pv?client=1B752747-577B-429A-A0E0-83861AF69088 — net::ERR_ABORTED
✅ [API RESPONSE   +10.56s] (1145ms) 200 https://admin-dev.mediplanner.mx/api/patients/getPatients → {"status":"OK","data":{"patients":[{"id":474,"iUsuarioDrId":467,"sImagen":"","sNombre":"Daniela","sPaterno":"Jiménez","s
✅ [API RESPONSE   +10.57s] (2210ms) 200 https://admin-dev.mediplanner.mx/api/patients/getPatients → {"status":"OK","data":{"patients":[{"id":903,"iUsuarioDrId":467,"sImagen":"","sNombre":"Percentil","sPaterno":"Prueba","
[2026-07-31T20:29:23.979Z] ℹ️  Opciones encontradas: 10
[2026-07-31T20:29:24.158Z] ✅ Opción seleccionada (coincide "Daniela Jiménez"): "Daniela Jiménez Durán"
❌ [REQUEST FAILED +14.31s] https://www.google-analytics.com/g/collect?v=2&tid=G-ZVKJ9CWYCW&gtm=45je67t1v9248896219za200zd9248896219&_p=1785529753104&gcd=13l3l3l3l1l1&npa=0&dma=0&_eu=AEAAAAQ&ae=a&are=1&cid=1338814980.1785529476&frm=0&ngs=1&pscdl=noapi&rcb=12&sr=1536x960&uaa=x86&uab=64&uafvl=Chromium%3B145.0.7632.6%7CNot%253AA-Brand%3B99.0.0.0&uam=&uamb=0&uap=Windows&uapv=10.0&uaw=0&ul=en-us&_s=3&tag_exp=115616986~115938465~115938469~118897920~118897930~119793973~119896802&dl=https%3A%2F%2Fadmin-dev.mediplanner.mx%2FCitas%2FCrearCita&dr=https%3A%2F%2Fadmin-dev.mediplanner.mx%2FCitas&sid=1785529475&sct=1&seg=1&dt=Mediplanner&en=page_view&_et=8088&tfd=14121 — net::ERR_ABORTED
[2026-07-31T20:29:27.340Z] ℹ️  Selects en paso 2: 2
[2026-07-31T20:29:27.349Z] ℹ️  Opciones tipo consulta: 4
[2026-07-31T20:29:28.945Z] ℹ️  Opciones hospital: 6
[2026-07-31T20:29:30.140Z] ℹ️  Buscando input de fecha...
[2026-07-31T20:29:32.172Z] ✅ Input de fecha encontrado con selector: input[type="date"]
[2026-07-31T20:29:32.185Z] ℹ️  Intentando registrar cita en: 2026-07-31
📤 [API REQUEST    +19.76s] POST https://admin-dev.mediplanner.mx/api/appointments/getFreeSchedules
✅ [API RESPONSE   +20.49s] (734ms) 200 https://admin-dev.mediplanner.mx/api/appointments/getFreeSchedules → {"status":"OK","data":[]}
[2026-07-31T20:29:34.318Z] ⚠️  No hay horas disponibles en 2026-07-31
[2026-07-31T20:29:34.319Z] ℹ️  Intentando registrar cita en: 2026-08-01
📤 [API REQUEST    +21.87s] POST https://admin-dev.mediplanner.mx/api/appointments/getFreeSchedules
✅ [API RESPONSE   +22.64s] (776ms) 200 https://admin-dev.mediplanner.mx/api/appointments/getFreeSchedules → {"status":"OK","data":[]}
[2026-07-31T20:29:36.439Z] ⚠️  No hay horas disponibles en 2026-08-01
[2026-07-31T20:29:36.439Z] ℹ️  Intentando registrar cita en: 2026-08-02
📤 [API REQUEST    +23.99s] POST https://admin-dev.mediplanner.mx/api/appointments/getFreeSchedules
✅ [API RESPONSE   +24.39s] (396ms) 200 https://admin-dev.mediplanner.mx/api/appointments/getFreeSchedules → {"status":"OK","data":[]}
[2026-07-31T20:29:38.561Z] ⚠️  No hay horas disponibles en 2026-08-02
[2026-07-31T20:29:38.561Z] ℹ️  Intentando registrar cita en: 2026-08-03
📤 [API REQUEST    +26.11s] POST https://admin-dev.mediplanner.mx/api/appointments/getFreeSchedules
✅ [API RESPONSE   +26.54s] (433ms) 200 https://admin-dev.mediplanner.mx/api/appointments/getFreeSchedules → {"status":"OK","data":[{"hora_inicio":"10:40:00","hora_fin":"10:45:00"},{"hora_inicio":"10:45:00","hora_fin":"10:50:00"}
[2026-07-31T20:29:40.671Z] ✅ Horas disponibles en 2026-08-03: 176
[2026-07-31T20:29:40.704Z] ℹ️  Intentando seleccionar hora: 10:40
[2026-07-31T20:29:41.866Z] ✅ Hora seleccionada exitosamente
📤 [API REQUEST    +30.68s] POST https://admin-dev.mediplanner.mx/api/appointments/createAppointment
✅ [API RESPONSE   +33.80s] (3126ms) 200 https://admin-dev.mediplanner.mx/api/appointments/createAppointment → {"status":"OK","data":{"relacion_id":610,"message":"Cita creada correctamente"}}
[2026-07-31T20:29:47.163Z] ✅ Cita registrada exitosamente en 2026-08-03
❌ [REQUEST FAILED +35.03s] https://mediplanner-atencion.zendesk.com/frontendevents/dl?client=1B752747-577B-429A-A0E0-83861AF69088 — net::ERR_ABORTED
❌ [REQUEST FAILED +35.15s] https://p.clarity.ms/collect — net::ERR_ABORTED
❌ [REQUEST FAILED +35.15s] https://www.google-analytics.com/g/collect?v=2&tid=G-ZVKJ9CWYCW&gtm=45je67t1v9248896219za200zd9248896219&_p=1785529753104&gcd=13l3l3l3l1l1&npa=0&dma=0&_eu=AAAAAAQ&are=1&cid=1338814980.1785529476&frm=0&ngs=1&pscdl=noapi&rcb=12&sr=1536x960&uaa=x86&uab=64&uafvl=Chromium%3B145.0.7632.6%7CNot%253AA-Brand%3B99.0.0.0&uam=&uamb=0&uap=Windows&uapv=10.0&uaw=0&ul=en-us&_s=4&tag_exp=115616986~115938465~115938469~118897920~118897930~119793973~119896802&sid=1785529475&sct=1&seg=1&dl=https%3A%2F%2Fadmin-dev.mediplanner.mx%2FCitas%2FCrearCita&dr=https%3A%2F%2Fadmin-dev.mediplanner.mx%2FCitas&dt=Mediplanner&en=user_engagement&_et=26007&tfd=35120 — net::ERR_ABORTED
❌ [REQUEST FAILED +35.59s] https://mediplanner-atencion.zendesk.com/frontendevents/pv?client=1B752747-577B-429A-A0E0-83861AF69088 — net::ERR_ABORTED
❌ [REQUEST FAILED +35.62s] https://www.google-analytics.com/g/collect?v=2&tid=G-ZVKJ9CWYCW&gtm=45je67t1v9248896219za200zd9248896219&_p=1785529787719&gcd=13l3l3l3l1l1&npa=0&dma=0&_eu=AAAAAAQ&are=1&cid=1338814980.1785529476&frm=0&ngs=1&pscdl=noapi&rcb=11&sr=1536x960&uaa=x86&uab=64&uafvl=Chromium%3B145.0.7632.6%7CNot%253AA-Brand%3B99.0.0.0&uam=&uamb=0&uap=Windows&uapv=10.0&uaw=0&ul=en-us&_s=1&tag_exp=115938466~115938468~118897920~118897930~119896803~120222308&sid=1785529475&sct=1&seg=1&dl=https%3A%2F%2Fadmin-dev.mediplanner.mx%2FDashboard&dt=Mediplanner&en=page_view&_ee=1&tfd=810 — net::ERR_ABORTED
📤 [API REQUEST    +35.79s] POST https://admin-dev.mediplanner.mx/api/permissions/getPermissions
📤 [API REQUEST    +35.79s] GET https://admin-dev.mediplanner.mx/api/profile/getProfile
❌ [REQUEST FAILED +35.83s] https://mediplanner-atencion.zendesk.com/embeddable/config — net::ERR_ABORTED
✅ [API RESPONSE   +36.41s] (623ms) 200 https://admin-dev.mediplanner.mx/api/profile/getProfile → {"status":"OK","data":{"id":467,"sNombre":"Walter","sPaterno":"Hartwell","sMaterno":"White","sCorreo":"dpichardo@rym-sol
📤 [API REQUEST    +36.50s] POST https://admin-dev.mediplanner.mx/api/appointments/getFilteredAppointments
📤 [API REQUEST    +36.50s] POST https://admin-dev.mediplanner.mx/api/dashboard/getDashboardData
📤 [API REQUEST    +36.50s] POST https://admin-dev.mediplanner.mx/api/procedures/getLastProceduresFilesByDoctorId
📤 [API REQUEST    +36.50s] POST https://admin-dev.mediplanner.mx/api/dashboard/getDashboardPayments
📤 [API REQUEST    +36.50s] POST https://admin-dev.mediplanner.mx/api/wizard/getActiveStep
📤 [API REQUEST    +36.51s] POST https://admin-dev.mediplanner.mx/api/appointments/getAppointmentCount
✅ [API RESPONSE   +36.51s] (721ms) 200 https://admin-dev.mediplanner.mx/api/permissions/getPermissions → {"status":"OK","data":[{"id":1,"name":"Consultar","module":"Usuarios","module_id":1,"active":false},{"id":2,"name":"Crea
✅ [API RESPONSE   +36.98s] (485ms) 200 https://admin-dev.mediplanner.mx/api/wizard/getActiveStep → {"status":"OK","data":{"activeStep":5,"date":"2026-07-31 14:28:24"}}
✅ [API RESPONSE   +37.05s] (549ms) 200 https://admin-dev.mediplanner.mx/api/procedures/getLastProceduresFilesByDoctorId → {"status":"OK","data":{"procedimientos":[{"paciente_id":894,"paciente_nombre":"Agustin Tapia Nievas","procedimiento_id":
✅ [API RESPONSE   +37.19s] (681ms) 200 https://admin-dev.mediplanner.mx/api/appointments/getAppointmentCount → {"status":"OK","data":[{"date":"2026-07-01","count":0},{"date":"2026-07-02","count":0},{"date":"2026-07-03","count":0},{
✅ [API RESPONSE   +37.19s] (695ms) 200 https://admin-dev.mediplanner.mx/api/dashboard/getDashboardData → {"status":"OK","data":{"monthConsultations":{"count":70,"percentage":0},"recurring":{"count":15,"percentage":650},"patie
✅ [API RESPONSE   +37.38s] (888ms) 200 https://admin-dev.mediplanner.mx/api/appointments/getFilteredAppointments → {"status":"OK","data":[]}
✅ [API RESPONSE   +37.44s] (939ms) 200 https://admin-dev.mediplanner.mx/api/dashboard/getDashboardPayments → {"status":"OK","data":{"grafica_actual":[{"etiqueta":"Viernes","total_pagos":0,"monto":0}],"grafica_anterior":[{"etiquet
❌ [REQUEST FAILED +37.51s] https://mediplanner-atencion.zendesk.com/frontendevents/pv?client=1B752747-577B-429A-A0E0-83861AF69088 — net::ERR_ABORTED
📤 [API REQUEST    +38.45s] POST https://admin-dev.mediplanner.mx/api/wizard/getActiveStep
📤 [API REQUEST    +38.73s] GET https://admin-dev.mediplanner.mx/api/profile/getProfile
📤 [API REQUEST    +38.73s] POST https://admin-dev.mediplanner.mx/api/appointments/getAppointmentTypes
📤 [API REQUEST    +38.73s] POST https://admin-dev.mediplanner.mx/api/wizard/saveStep
✅ [API RESPONSE   +38.72s] (269ms) 200 https://admin-dev.mediplanner.mx/api/wizard/getActiveStep → {"status":"OK","data":{"activeStep":5,"date":"2026-07-31 14:28:24"}}
[2026-07-31T20:29:51.452Z] ℹ️  Buscando botón Iniciar para "Daniela" en los próximos 5 días...
❌ [REQUEST FAILED +39.15s] https://admin-dev.mediplanner.mx/api/appointments/getAppointmentTypes — net::ERR_ABORTED
❌ [REQUEST FAILED +39.15s] https://p.clarity.ms/collect — net::ERR_ABORTED
❌ [REQUEST FAILED +39.15s] https://admin-dev.mediplanner.mx/api/profile/getProfile — net::ERR_ABORTED
❌ [REQUEST FAILED +39.15s] https://www.google-analytics.com/g/collect?v=2&tid=G-ZVKJ9CWYCW&gtm=45je67t1v9248896219za200zd9248896219&_p=1785529787719&gcd=13l3l3l3l1l1&npa=0&dma=0&_eu=AEAAAAQ&ae=a&are=1&cid=1338814980.1785529476&frm=0&ngs=1&pscdl=noapi&rcb=11&sr=1536x960&uaa=x86&uab=64&uafvl=Chromium%3B145.0.7632.6%7CNot%253AA-Brand%3B99.0.0.0&uam=&uamb=0&uap=Windows&uapv=10.0&uaw=0&ul=en-us&tag_exp=115938466~115938468~118897920~118897930~119896803~120222308&sid=1785529475&sct=1&seg=1&dl=https%3A%2F%2Fadmin-dev.mediplanner.mx%2FDashboard&dt=Mediplanner&_s=2&tfd=4430 — net::ERR_ABORTED
❌ [REQUEST FAILED +39.15s] https://www.google-analytics.com/g/collect?v=2&tid=G-ZVKJ9CWYCW&gtm=45je67t1v9248896219za200zd9248896219&_p=1785529787719&gcd=13l3l3l3l1l1&npa=0&dma=0&_eu=AAAAAAQ&are=1&cid=1338814980.1785529476&frm=0&ngs=1&pscdl=noapi&rcb=11&sr=1536x960&uaa=x86&uab=64&uafvl=Chromium%3B145.0.7632.6%7CNot%253AA-Brand%3B99.0.0.0&uam=&uamb=0&uap=Windows&uapv=10.0&uaw=0&ul=en-us&_s=3&tag_exp=115938466~115938468~118897920~118897930~119896803~120222308&sid=1785529475&sct=1&seg=1&dl=https%3A%2F%2Fadmin-dev.mediplanner.mx%2Fwizard%2Fonboarding&dr=https%3A%2F%2Fadmin-dev.mediplanner.mx%2FDashboard&dt=Mediplanner&en=user_engagement&_et=1136&tfd=4430 — net::ERR_ABORTED
✅ [API RESPONSE   +39.13s] (400ms) 200 https://admin-dev.mediplanner.mx/api/wizard/saveStep
❌ [REQUEST FAILED +39.44s] https://mediplanner-atencion.zendesk.com/frontendevents/pv?client=1B752747-577B-429A-A0E0-83861AF69088 — net::ERR_ABORTED
📤 [API REQUEST    +39.46s] POST https://admin-dev.mediplanner.mx/api/permissions/getPermissions
📤 [API REQUEST    +39.46s] GET https://admin-dev.mediplanner.mx/api/profile/getProfile
📤 [API REQUEST    +39.46s] POST https://admin-dev.mediplanner.mx/api/appointments/getFilteredAppointments
📤 [API REQUEST    +39.46s] POST https://admin-dev.mediplanner.mx/api/dashboard/getDashboardData
📤 [API REQUEST    +39.46s] POST https://admin-dev.mediplanner.mx/api/procedures/getLastProceduresFilesByDoctorId
📤 [API REQUEST    +39.46s] POST https://admin-dev.mediplanner.mx/api/dashboard/getDashboardPayments
📤 [API REQUEST    +39.47s] POST https://admin-dev.mediplanner.mx/api/appointments/getAppointmentCount
❌ [REQUEST FAILED +39.47s] https://www.google-analytics.com/g/collect?v=2&tid=G-ZVKJ9CWYCW&gtm=45je67t1v9248896219za200zd9248896219&_p=1785529791718&gcd=13l3l3l3l1l1&npa=0&dma=0&_eu=AAAAAAQ&are=1&cid=1338814980.1785529476&frm=0&ngs=1&pscdl=noapi&rcb=16&sr=1536x960&uaa=x86&uab=64&uafvl=Chromium%3B145.0.7632.6%7CNot%253AA-Brand%3B99.0.0.0&uam=&uamb=0&uap=Windows&uapv=10.0&uaw=0&ul=en-us&_s=1&tag_exp=115616985~115938465~115938468~118897920~118897930~119896803&sid=1785529475&sct=1&seg=1&dl=https%3A%2F%2Fadmin-dev.mediplanner.mx%2FDashboard&dt=Mediplanner&en=page_view&_ee=1&tfd=408 — net::ERR_ABORTED
[2026-07-31T20:29:52.124Z] ⚠️  Calendario del Dashboard no renderizó (intento 1/3), recargando...
❌ [REQUEST FAILED +40.07s] https://admin-dev.mediplanner.mx/api/dashboard/getDashboardData — net::ERR_ABORTED
❌ [REQUEST FAILED +40.07s] https://p.clarity.ms/collect — net::ERR_ABORTED
❌ [REQUEST FAILED +40.07s] https://admin-dev.mediplanner.mx/api/procedures/getLastProceduresFilesByDoctorId — net::ERR_ABORTED
❌ [REQUEST FAILED +40.07s] https://www.google-analytics.com/g/collect?v=2&tid=G-ZVKJ9CWYCW&gtm=45je67t1v9248896219za200zd9248896219&_p=1785529791718&gcd=13l3l3l3l1l1&npa=0&dma=0&_eu=AEAAAAQ&ae=a&are=1&cid=1338814980.1785529476&frm=0&ngs=1&pscdl=noapi&rcb=16&sr=1536x960&uaa=x86&uab=64&uafvl=Chromium%3B145.0.7632.6%7CNot%253AA-Brand%3B99.0.0.0&uam=&uamb=0&uap=Windows&uapv=10.0&uaw=0&ul=en-us&_s=2&tag_exp=115616985~115938465~115938468~118897920~118897930~119896803&sid=1785529475&sct=1&seg=1&dl=https%3A%2F%2Fadmin-dev.mediplanner.mx%2FDashboard&dt=Mediplanner&en=scroll&epn.percent_scrolled=90&_et=1&tfd=1062 — net::ERR_ABORTED
❌ [REQUEST FAILED +40.07s] https://admin-dev.mediplanner.mx/api/dashboard/getDashboardPayments — net::ERR_ABORTED
❌ [REQUEST FAILED +40.07s] https://admin-dev.mediplanner.mx/api/appointments/getAppointmentCount — net::ERR_ABORTED
❌ [REQUEST FAILED +40.07s] https://admin-dev.mediplanner.mx/api/appointments/getFilteredAppointments — net::ERR_ABORTED
✅ [API RESPONSE   +39.86s] (396ms) 200 https://admin-dev.mediplanner.mx/api/permissions/getPermissions
✅ [API RESPONSE   +39.86s] (400ms) 200 https://admin-dev.mediplanner.mx/api/profile/getProfile
❌ [REQUEST FAILED +40.56s] https://www.google-analytics.com/g/collect?v=2&tid=G-ZVKJ9CWYCW&gtm=45je67t1v9248896219za200zd9248896219&_p=1785529792834&gcd=13l3l3l3l1l1&npa=0&dma=0&_eu=AAAAAAQ&are=1&cid=1338814980.1785529476&frm=0&ngs=1&pscdl=noapi&rcb=11&sr=1536x960&uaa=x86&uab=64&uafvl=Chromium%3B145.0.7632.6%7CNot%253AA-Brand%3B99.0.0.0&uam=&uamb=0&uap=Windows&uapv=10.0&uaw=0&ul=en-us&_s=1&tag_exp=115616985~115938466~115938468~118897920~118897930~119896802&sid=1785529475&sct=1&seg=1&dl=https%3A%2F%2Fadmin-dev.mediplanner.mx%2FDashboard&dt=Mediplanner&en=page_view&_ee=1&tfd=765 — net::ERR_ABORTED
📤 [API REQUEST    +40.64s] POST https://admin-dev.mediplanner.mx/api/permissions/getPermissions
📤 [API REQUEST    +40.65s] GET https://admin-dev.mediplanner.mx/api/profile/getProfile
📤 [API REQUEST    +40.65s] POST https://admin-dev.mediplanner.mx/api/appointments/getFilteredAppointments
📤 [API REQUEST    +40.65s] POST https://admin-dev.mediplanner.mx/api/dashboard/getDashboardData
📤 [API REQUEST    +40.65s] POST https://admin-dev.mediplanner.mx/api/procedures/getLastProceduresFilesByDoctorId
📤 [API REQUEST    +40.65s] POST https://admin-dev.mediplanner.mx/api/dashboard/getDashboardPayments
❌ [REQUEST FAILED +40.65s] https://mediplanner-atencion.zendesk.com/frontendevents/pv?client=1B752747-577B-429A-A0E0-83861AF69088 — net::ERR_ABORTED
📤 [API REQUEST    +40.66s] POST https://admin-dev.mediplanner.mx/api/appointments/getAppointmentCount
✅ [API RESPONSE   +41.07s] (430ms) 200 https://admin-dev.mediplanner.mx/api/permissions/getPermissions → {"status":"OK","data":[{"id":1,"name":"Consultar","module":"Usuarios","module_id":1,"active":false},{"id":2,"name":"Crea
✅ [API RESPONSE   +41.08s] (431ms) 200 https://admin-dev.mediplanner.mx/api/profile/getProfile → {"status":"OK","data":{"id":467,"sNombre":"Walter","sPaterno":"Hartwell","sMaterno":"White","sCorreo":"dpichardo@rym-sol
✅ [API RESPONSE   +41.39s] (730ms) 200 https://admin-dev.mediplanner.mx/api/appointments/getAppointmentCount → {"status":"OK","data":[{"date":"2026-07-01","count":0},{"date":"2026-07-02","count":0},{"date":"2026-07-03","count":0},{
✅ [API RESPONSE   +41.44s] (796ms) 200 https://admin-dev.mediplanner.mx/api/dashboard/getDashboardData → {"status":"OK","data":{"monthConsultations":{"count":70,"percentage":0},"recurring":{"count":15,"percentage":650},"patie
✅ [API RESPONSE   +41.46s] (813ms) 200 https://admin-dev.mediplanner.mx/api/procedures/getLastProceduresFilesByDoctorId → {"status":"OK","data":{"procedimientos":[{"paciente_id":894,"paciente_nombre":"Agustin Tapia Nievas","procedimiento_id":
✅ [API RESPONSE   +41.66s] (1015ms) 200 https://admin-dev.mediplanner.mx/api/dashboard/getDashboardPayments → {"status":"OK","data":{"grafica_actual":[{"etiqueta":"Viernes","total_pagos":0,"monto":0}],"grafica_anterior":[{"etiquet
✅ [API RESPONSE   +41.66s] (1018ms) 200 https://admin-dev.mediplanner.mx/api/appointments/getFilteredAppointments → {"status":"OK","data":[]}
[2026-07-31T20:29:54.587Z] ⚠️  Calendario del Dashboard no renderizó (intento 2/3), recargando...
❌ [REQUEST FAILED +42.28s] https://www.google-analytics.com/g/collect?v=2&tid=G-ZVKJ9CWYCW&gtm=45je67t1v9248896219za200zd9248896219&_p=1785529792834&gcd=13l3l3l3l1l1&npa=0&dma=0&_eu=AEAAAAQ&ae=a&are=1&cid=1338814980.1785529476&frm=0&ngs=1&pscdl=noapi&rcb=11&sr=1536x960&uaa=x86&uab=64&uafvl=Chromium%3B145.0.7632.6%7CNot%253AA-Brand%3B99.0.0.0&uam=&uamb=0&uap=Windows&uapv=10.0&uaw=0&ul=en-us&_s=2&tag_exp=115616985~115938466~115938468~118897920~118897930~119896802&sid=1785529475&sct=1&seg=1&dl=https%3A%2F%2Fadmin-dev.mediplanner.mx%2FDashboard&dt=Mediplanner&en=scroll&epn.percent_scrolled=90&_et=15&tfd=2590 — net::ERR_ABORTED
❌ [REQUEST FAILED +42.28s] https://www.google-analytics.com/g/collect?v=2&tid=G-ZVKJ9CWYCW&gtm=45je67t1v9248896219za200zd9248896219&_p=1785529792834&gcd=13l3l3l3l1l1&npa=0&dma=0&_eu=AAAAAAQ&are=1&cid=1338814980.1785529476&frm=0&ngs=1&pscdl=noapi&rcb=11&sr=1536x960&uaa=x86&uab=64&uafvl=Chromium%3B145.0.7632.6%7CNot%253AA-Brand%3B99.0.0.0&uam=&uamb=0&uap=Windows&uapv=10.0&uaw=0&ul=en-us&_s=3&tag_exp=115616985~115938466~115938468~118897920~118897930~119896802&sid=1785529475&sct=1&seg=1&dl=https%3A%2F%2Fadmin-dev.mediplanner.mx%2FDashboard&dt=Mediplanner&en=user_engagement&_et=1822&tfd=2590 — net::ERR_ABORTED
❌ [REQUEST FAILED +42.28s] https://p.clarity.ms/collect — net::ERR_ABORTED
❌ [REQUEST FAILED +42.64s] https://www.google-analytics.com/g/collect?v=2&tid=G-ZVKJ9CWYCW&gtm=45je67t1v9248896219za200zd9248896219&_p=1785529794886&gcd=13l3l3l3l1l1&npa=0&dma=0&_eu=AAAAAAQ&are=1&cid=1338814980.1785529476&frm=0&ngs=1&pscdl=noapi&rcb=7&sr=1536x960&uaa=x86&uab=64&uafvl=Chromium%3B145.0.7632.6%7CNot%253AA-Brand%3B99.0.0.0&uam=&uamb=0&uap=Windows&uapv=10.0&uaw=0&ul=en-us&_s=1&tag_exp=115938465~115938468~118897920~118897930~119896803~120222308&sid=1785529475&sct=1&seg=1&dl=https%3A%2F%2Fadmin-dev.mediplanner.mx%2FDashboard&dt=Mediplanner&en=page_view&_ee=1&tfd=361 — net::ERR_ABORTED
📤 [API REQUEST    +42.68s] POST https://admin-dev.mediplanner.mx/api/permissions/getPermissions
📤 [API REQUEST    +42.68s] GET https://admin-dev.mediplanner.mx/api/profile/getProfile
📤 [API REQUEST    +42.68s] POST https://admin-dev.mediplanner.mx/api/appointments/getFilteredAppointments
📤 [API REQUEST    +42.68s] POST https://admin-dev.mediplanner.mx/api/dashboard/getDashboardData
📤 [API REQUEST    +42.68s] POST https://admin-dev.mediplanner.mx/api/procedures/getLastProceduresFilesByDoctorId
📤 [API REQUEST    +42.68s] POST https://admin-dev.mediplanner.mx/api/dashboard/getDashboardPayments
📤 [API REQUEST    +42.70s] POST https://admin-dev.mediplanner.mx/api/appointments/getAppointmentCount
❌ [REQUEST FAILED +42.72s] https://mediplanner-atencion.zendesk.com/frontendevents/pv?client=1B752747-577B-429A-A0E0-83861AF69088 — net::ERR_ABORTED
✅ [API RESPONSE   +43.29s] (608ms) 200 https://admin-dev.mediplanner.mx/api/procedures/getLastProceduresFilesByDoctorId → {"status":"OK","data":{"procedimientos":[{"paciente_id":894,"paciente_nombre":"Agustin Tapia Nievas","procedimiento_id":
✅ [API RESPONSE   +43.43s] (747ms) 200 https://admin-dev.mediplanner.mx/api/permissions/getPermissions → {"status":"OK","data":[{"id":1,"name":"Consultar","module":"Usuarios","module_id":1,"active":false},{"id":2,"name":"Crea
✅ [API RESPONSE   +43.43s] (751ms) 200 https://admin-dev.mediplanner.mx/api/dashboard/getDashboardData → {"status":"OK","data":{"monthConsultations":{"count":70,"percentage":0},"recurring":{"count":15,"percentage":650},"patie
✅ [API RESPONSE   +43.49s] (811ms) 200 https://admin-dev.mediplanner.mx/api/profile/getProfile → {"status":"OK","data":{"id":467,"sNombre":"Walter","sPaterno":"Hartwell","sMaterno":"White","sCorreo":"dpichardo@rym-sol
✅ [API RESPONSE   +43.55s] (849ms) 200 https://admin-dev.mediplanner.mx/api/appointments/getAppointmentCount → {"status":"OK","data":[{"date":"2026-07-01","count":0},{"date":"2026-07-02","count":0},{"date":"2026-07-03","count":0},{
✅ [API RESPONSE   +43.60s] (920ms) 200 https://admin-dev.mediplanner.mx/api/appointments/getFilteredAppointments → {"status":"OK","data":[]}
✅ [API RESPONSE   +43.61s] (923ms) 200 https://admin-dev.mediplanner.mx/api/dashboard/getDashboardPayments → {"status":"OK","data":{"grafica_actual":[{"etiqueta":"Viernes","total_pagos":0,"monto":0}],"grafica_anterior":[{"etiquet
[2026-07-31T20:29:56.691Z] ⚠️  Calendario del Dashboard no renderizó (intento 3/3), recargando...
❌ [REQUEST FAILED +44.36s] https://p.clarity.ms/collect — net::ERR_ABORTED
❌ [REQUEST FAILED +44.37s] https://www.google-analytics.com/g/collect?v=2&tid=G-ZVKJ9CWYCW&gtm=45je67t1v9248896219za200zd9248896219&_p=1785529794886&gcd=13l3l3l3l1l1&npa=0&dma=0&_eu=AAAAAAQ&are=1&cid=1338814980.1785529476&frm=0&ngs=1&pscdl=noapi&rcb=7&sr=1536x960&uaa=x86&uab=64&uafvl=Chromium%3B145.0.7632.6%7CNot%253AA-Brand%3B99.0.0.0&uam=&uamb=0&uap=Windows&uapv=10.0&uaw=0&ul=en-us&_s=3&tag_exp=115938465~115938468~118897920~118897930~119896803~120222308&sid=1785529475&sct=1&seg=1&dl=https%3A%2F%2Fadmin-dev.mediplanner.mx%2FDashboard&dt=Mediplanner&en=user_engagement&_et=1866&tfd=2232 — net::ERR_ABORTED
❌ [REQUEST FAILED +44.37s] https://www.google-analytics.com/g/collect?v=2&tid=G-ZVKJ9CWYCW&gtm=45je67t1v9248896219za200zd9248896219&_p=1785529794886&gcd=13l3l3l3l1l1&npa=0&dma=0&_eu=AEAAAAQ&ae=a&are=1&cid=1338814980.1785529476&frm=0&ngs=1&pscdl=noapi&rcb=7&sr=1536x960&uaa=x86&uab=64&uafvl=Chromium%3B145.0.7632.6%7CNot%253AA-Brand%3B99.0.0.0&uam=&uamb=0&uap=Windows&uapv=10.0&uaw=0&ul=en-us&_s=2&tag_exp=115938465~115938468~118897920~118897930~119896803~120222308&sid=1785529475&sct=1&seg=1&dl=https%3A%2F%2Fadmin-dev.mediplanner.mx%2FDashboard&dt=Mediplanner&en=scroll&epn.percent_scrolled=90&_et=16&tfd=2231 — net::ERR_ABORTED
❌ [REQUEST FAILED +44.37s] https://p.clarity.ms/collect — net::ERR_ABORTED
❌ [REQUEST FAILED +44.64s] https://www.google-analytics.com/g/collect?v=2&tid=G-ZVKJ9CWYCW&gtm=45je67t1v9248896219za200zd9248896219&_p=1785529796957&gcd=13l3l3l3l1l1&npa=0&dma=0&_eu=AAAAAAQ&are=1&cid=1338814980.1785529476&frm=0&ngs=1&pscdl=noapi&rcb=2&sr=1536x960&uaa=x86&uab=64&uafvl=Chromium%3B145.0.7632.6%7CNot%253AA-Brand%3B99.0.0.0&uam=&uamb=0&uap=Windows&uapv=10.0&uaw=0&ul=en-us&_s=1&tag_exp=115616985~115938466~115938469~118897920~118897930~119896803~120222307&sid=1785529475&sct=1&seg=1&dl=https%3A%2F%2Fadmin-dev.mediplanner.mx%2FDashboard&dt=Mediplanner&en=page_view&_ee=1&tfd=330 — net::ERR_ABORTED
📤 [API REQUEST    +44.76s] POST https://admin-dev.mediplanner.mx/api/permissions/getPermissions
📤 [API REQUEST    +44.76s] GET https://admin-dev.mediplanner.mx/api/profile/getProfile
📤 [API REQUEST    +44.76s] POST https://admin-dev.mediplanner.mx/api/appointments/getFilteredAppointments
📤 [API REQUEST    +44.76s] POST https://admin-dev.mediplanner.mx/api/dashboard/getDashboardData
📤 [API REQUEST    +44.76s] POST https://admin-dev.mediplanner.mx/api/procedures/getLastProceduresFilesByDoctorId
📤 [API REQUEST    +44.76s] POST https://admin-dev.mediplanner.mx/api/dashboard/getDashboardPayments
📤 [API REQUEST    +44.78s] POST https://admin-dev.mediplanner.mx/api/appointments/getAppointmentCount
❌ [REQUEST FAILED +44.78s] https://mediplanner-atencion.zendesk.com/frontendevents/pv?client=1B752747-577B-429A-A0E0-83861AF69088 — net::ERR_ABORTED
✅ [API RESPONSE   +45.58s] (818ms) 200 https://admin-dev.mediplanner.mx/api/procedures/getLastProceduresFilesByDoctorId → {"status":"OK","data":{"procedimientos":[{"paciente_id":894,"paciente_nombre":"Agustin Tapia Nievas","procedimiento_id":
✅ [API RESPONSE   +45.59s] (832ms) 200 https://admin-dev.mediplanner.mx/api/appointments/getFilteredAppointments → {"status":"OK","data":[]}
✅ [API RESPONSE   +45.60s] (838ms) 200 https://admin-dev.mediplanner.mx/api/dashboard/getDashboardData → {"status":"OK","data":{"monthConsultations":{"count":70,"percentage":0},"recurring":{"count":15,"percentage":650},"patie
✅ [API RESPONSE   +45.60s] (844ms) 200 https://admin-dev.mediplanner.mx/api/permissions/getPermissions → {"status":"OK","data":[{"id":1,"name":"Consultar","module":"Usuarios","module_id":1,"active":false},{"id":2,"name":"Crea
✅ [API RESPONSE   +45.61s] (846ms) 200 https://admin-dev.mediplanner.mx/api/profile/getProfile → {"status":"OK","data":{"id":467,"sNombre":"Walter","sPaterno":"Hartwell","sMaterno":"White","sCorreo":"dpichardo@rym-sol
✅ [API RESPONSE   +45.63s] (871ms) 200 https://admin-dev.mediplanner.mx/api/dashboard/getDashboardPayments → {"status":"OK","data":{"grafica_actual":[{"etiqueta":"Viernes","total_pagos":0,"monto":0}],"grafica_anterior":[{"etiquet
✅ [API RESPONSE   +45.79s] (1007ms) 200 https://admin-dev.mediplanner.mx/api/appointments/getAppointmentCount → {"status":"OK","data":[{"date":"2026-07-01","count":0},{"date":"2026-07-02","count":0},{"date":"2026-07-03","count":0},{
[2026-07-31T20:29:58.670Z] ⚠️  El calendario del Dashboard no llegó a renderizar (td[data-day])
📤 [API REQUEST    +46.30s] POST https://admin-dev.mediplanner.mx/api/appointments/getAppointmentCount
✅ [API RESPONSE   +46.51s] (213ms) 200 https://admin-dev.mediplanner.mx/api/appointments/getAppointmentCount → {"status":"OK","data":[{"date":"2026-08-01","count":1},{"date":"2026-08-02","count":0},{"date":"2026-08-03","count":21},
📤 [API REQUEST    +46.96s] POST https://admin-dev.mediplanner.mx/api/appointments/getFilteredAppointments
✅ [API RESPONSE   +47.42s] (463ms) 200 https://admin-dev.mediplanner.mx/api/appointments/getFilteredAppointments → {"status":"OK","data":[]}
📤 [API REQUEST    +48.54s] POST https://admin-dev.mediplanner.mx/api/appointments/getFilteredAppointments
✅ [API RESPONSE   +49.27s] (727ms) 200 https://admin-dev.mediplanner.mx/api/appointments/getFilteredAppointments → {"status":"OK","data":[]}
❌ [REQUEST FAILED +49.66s] https://www.google-analytics.com/g/collect?v=2&tid=G-ZVKJ9CWYCW&gtm=45je67t1v9248896219za200zd9248896219&_p=1785529796957&gcd=13l3l3l3l1l1&npa=0&dma=0&_eu=AEAAAAQ&ae=a&are=1&cid=1338814980.1785529476&frm=0&ngs=1&pscdl=noapi&rcb=2&sr=1536x960&uaa=x86&uab=64&uafvl=Chromium%3B145.0.7632.6%7CNot%253AA-Brand%3B99.0.0.0&uam=&uamb=0&uap=Windows&uapv=10.0&uaw=0&ul=en-us&_s=2&tag_exp=115616985~115938466~115938469~118897920~118897930~119896803~120222307&sid=1785529475&sct=1&seg=1&dl=https%3A%2F%2Fadmin-dev.mediplanner.mx%2FDashboard&dt=Mediplanner&en=scroll&epn.percent_scrolled=90&_et=17&tfd=5341 — net::ERR_ABORTED
📤 [API REQUEST    +50.35s] POST https://admin-dev.mediplanner.mx/api/appointments/getFilteredAppointments
✅ [API RESPONSE   +51.73s] (1373ms) 200 https://admin-dev.mediplanner.mx/api/appointments/getFilteredAppointments → {"status":"OK","data":[{"title":"Consulta inicial","doctor_id":467,"doctor_name":"Dr.Walter Hartwell White","doctor_img"
[2026-07-31T20:30:05.233Z] ✅ Botón Iniciar de "Daniela" encontrado en 2026-08-03
📤 [API REQUEST    +52.96s] POST https://admin-dev.mediplanner.mx/api/appointments/getFilteredAppointments
📤 [API REQUEST    +52.96s] POST https://admin-dev.mediplanner.mx/api/patients/getPatient
✅ [API RESPONSE   +53.69s] (735ms) 200 https://admin-dev.mediplanner.mx/api/appointments/getFilteredAppointments → {"status":"OK","data":[{"title":"Consulta inicial","doctor_id":467,"doctor_name":"Dr.Walter Hartwell White","doctor_img"
📤 [API REQUEST    +54.06s] POST https://admin-dev.mediplanner.mx/api/patients/getPatient
✅ [API RESPONSE   +54.07s] (1110ms) 200 https://admin-dev.mediplanner.mx/api/patients/getPatient → {"status":"OK","data":{"id":474,"iEstatusId":2,"sEstatus":"Aceptada","sImagen":"","sNombre":"Daniela","sPaterno":"Jiméne
📤 [API REQUEST    +54.15s] POST https://admin-dev.mediplanner.mx/api/patients/getPatient
✅ [API RESPONSE   +54.50s] (435ms) 200 https://admin-dev.mediplanner.mx/api/patients/getPatient → {"status":"OK","data":{"id":474,"iEstatusId":2,"sEstatus":"Aceptada","sImagen":"","sNombre":"Daniela","sPaterno":"Jiméne
✅ [API RESPONSE   +55.00s] (849ms) 200 https://admin-dev.mediplanner.mx/api/patients/getPatient → {"status":"OK","data":{"id":474,"iEstatusId":2,"sEstatus":"Aceptada","sImagen":"","sNombre":"Daniela","sPaterno":"Jiméne
❌ [REQUEST FAILED +59.22s] https://www.google-analytics.com/g/collect?v=2&tid=G-ZVKJ9CWYCW&gtm=45je67t1v9248896219za200zd9248896219&_p=1785529796957&gcd=13l3l3l3l1l1&npa=0&dma=0&_eu=AEEAAAQ&ae=a&are=1&cid=1338814980.1785529476&frm=0&ngs=1&pscdl=noapi&rcb=2&sr=1536x960&uaa=x86&uab=64&uafvl=Chromium%3B145.0.7632.6%7CNot%253AA-Brand%3B99.0.0.0&uam=&uamb=0&uap=Windows&uapv=10.0&uaw=0&ul=en-us&_s=3&tag_exp=115616985~115938466~115938469~118897920~118897930~119896803~120222307&sid=1785529475&sct=1&seg=1&dl=https%3A%2F%2Fadmin-dev.mediplanner.mx%2FDashboard&dt=Mediplanner&en=form_start&ep.form_id=&ep.form_destination=https%3A%2F%2Fadmin-dev.mediplanner.mx%2FDashboard&epn.form_length=10&ep.first_field_id=&ep.first_field_name=peso&ep.first_field_type=text&epn.first_field_position=7&_et=9580&tfd=14916 — net::ERR_ABORTED
  x  6 [consultation-user-errors] › tests\consultation.user-errors.spec.js:294:3 › Consulta — errores humanos reales (error guessing) › 5. Doble-click accidental en "Guardar cambios" de Tratamiento no debe duplicar el medicamento (1.4m)
[dotenv@17.3.1] injecting env (0) from .env -- tip: ⚡️ secrets for agents: https://dotenvx.com/as2
[2026-07-31T20:30:39.072Z] ℹ️  Explorando próximos 5 días para registrar una cita...
[2026-07-31T20:30:39.073Z] ℹ️  Paciente objetivo de la cita: "Daniela Jiménez"
❌ [REQUEST FAILED +1.46s] https://www.google-analytics.com/g/collect?v=2&tid=G-ZVKJ9CWYCW&gtm=45je67t1v9248896219za200zd9248896219&_p=1785529839872&gcd=13l3l3l3l1l1&npa=0&dma=0&_eu=AAAAAAQ&are=1&cid=1338814980.1785529476&frm=0&ngs=1&pscdl=noapi&rcb=14&sr=1536x960&uaa=x86&uab=64&uafvl=Chromium%3B145.0.7632.6%7CNot%253AA-Brand%3B99.0.0.0&uam=&uamb=0&uap=Windows&uapv=10.0&uaw=0&ul=en-us&_s=1&tag_exp=115616986~115938465~115938469~118897920~118897930~119896802~120222309&sid=1785529475&sct=1&seg=1&dl=https%3A%2F%2Fadmin-dev.mediplanner.mx%2FCitas&dt=Mediplanner&en=page_view&_ee=1&tfd=1178 — net::ERR_ABORTED
❌ [REQUEST FAILED +2.86s] https://mediplanner-atencion.zendesk.com/frontendevents/pv?client=1B752747-577B-429A-A0E0-83861AF69088 — net::ERR_ABORTED
📤 [API REQUEST    +4.29s] POST https://admin-dev.mediplanner.mx/api/permissions/getPermissions
📤 [API REQUEST    +4.29s] GET https://admin-dev.mediplanner.mx/api/profile/getProfile
✅ [API RESPONSE   +4.98s] (690ms) 200 https://admin-dev.mediplanner.mx/api/permissions/getPermissions → {"status":"OK","data":[{"id":1,"name":"Consultar","module":"Usuarios","module_id":1,"active":false},{"id":2,"name":"Crea
✅ [API RESPONSE   +4.98s] (689ms) 200 https://admin-dev.mediplanner.mx/api/profile/getProfile → {"status":"OK","data":{"id":467,"sNombre":"Walter","sPaterno":"Hartwell","sMaterno":"White","sCorreo":"dpichardo@rym-sol
📤 [API REQUEST    +5.02s] POST https://admin-dev.mediplanner.mx/api/appointments/getFilteredAppointments
✅ [API RESPONSE   +5.95s] (929ms) 200 https://admin-dev.mediplanner.mx/api/appointments/getFilteredAppointments → {"status":"OK","data":[{"title":"Consulta inicial","doctor_id":467,"doctor_name":"Dr.Walter Hartwell White","doctor_img"
❌ [REQUEST FAILED +6.28s] https://www.google-analytics.com/g/collect?v=2&tid=G-ZVKJ9CWYCW&gtm=45je67t1v9248896219za200zd9248896219&_p=1785529839872&gcd=13l3l3l3l1l1&npa=0&dma=0&_eu=AEAAAAQ&ae=a&are=1&cid=1338814980.1785529476&frm=0&ngs=1&pscdl=noapi&rcb=14&sr=1536x960&uaa=x86&uab=64&uafvl=Chromium%3B145.0.7632.6%7CNot%253AA-Brand%3B99.0.0.0&uam=&uamb=0&uap=Windows&uapv=10.0&uaw=0&ul=en-us&_s=2&tag_exp=115616986~115938465~115938469~118897920~118897930~119896802~120222309&sid=1785529475&sct=1&seg=1&dl=https%3A%2F%2Fadmin-dev.mediplanner.mx%2FCitas&dt=Mediplanner&en=scroll&epn.percent_scrolled=90&_et=4&tfd=6181 — net::ERR_ABORTED
[2026-07-31T20:30:47.894Z] ℹ️  Buscando botón "Agendar cita"...
🔴 [DEVTOOLS ERROR +9.22s] data-stepper-next not found
📤 [API REQUEST    +9.23s] POST https://admin-dev.mediplanner.mx/api/patients/getPatients
📤 [API REQUEST    +9.23s] POST https://admin-dev.mediplanner.mx/api/appointments/getAppointmentTypes
[2026-07-31T20:30:48.431Z] ℹ️  Comboboxes en wizard: 1
✅ [API RESPONSE   +9.80s] (572ms) 200 https://admin-dev.mediplanner.mx/api/appointments/getAppointmentTypes → {"status":"OK","data":[{"doctor_id":467,"relacion_id":1,"cita_nombre":"Consulta inicial","duracion":5,"producto_id":0,"u
📤 [API REQUEST    +10.13s] POST https://admin-dev.mediplanner.mx/api/patients/getPatients
[2026-07-31T20:30:49.244Z] ℹ️  Buscando: "Daniela Jiménez" (intento 1/5)...
❌ [REQUEST FAILED +10.56s] https://mediplanner-atencion.zendesk.com/frontendevents/pv?client=1B752747-577B-429A-A0E0-83861AF69088 — net::ERR_ABORTED
✅ [API RESPONSE   +11.53s] (1400ms) 200 https://admin-dev.mediplanner.mx/api/patients/getPatients → {"status":"OK","data":{"patients":[{"id":474,"iUsuarioDrId":467,"sImagen":"","sNombre":"Daniela","sPaterno":"Jiménez","s
✅ [API RESPONSE   +11.54s] (2311ms) 200 https://admin-dev.mediplanner.mx/api/patients/getPatients → {"status":"OK","data":{"patients":[{"id":903,"iUsuarioDrId":467,"sImagen":"","sNombre":"Percentil","sPaterno":"Prueba","
[2026-07-31T20:30:51.269Z] ℹ️  Opciones encontradas: 10
[2026-07-31T20:30:51.379Z] ✅ Opción seleccionada (coincide "Daniela Jiménez"): "Daniela Jiménez Durán"
❌ [REQUEST FAILED +15.01s] https://www.google-analytics.com/g/collect?v=2&tid=G-ZVKJ9CWYCW&gtm=45je67t1v9248896219za200zd9248896219&_p=1785529839872&gcd=13l3l3l3l1l1&npa=0&dma=0&_eu=AEAAAAQ&ae=a&are=1&cid=1338814980.1785529476&frm=0&ngs=1&pscdl=noapi&rcb=14&sr=1536x960&uaa=x86&uab=64&uafvl=Chromium%3B145.0.7632.6%7CNot%253AA-Brand%3B99.0.0.0&uam=&uamb=0&uap=Windows&uapv=10.0&uaw=0&ul=en-us&_s=3&tag_exp=115616986~115938465~115938469~118897920~118897930~119896802~120222309&dl=https%3A%2F%2Fadmin-dev.mediplanner.mx%2FCitas%2FCrearCita&dr=https%3A%2F%2Fadmin-dev.mediplanner.mx%2FCitas&sid=1785529475&sct=1&seg=1&dt=Mediplanner&en=page_view&_et=8719&tfd=14914 — net::ERR_ABORTED
[2026-07-31T20:30:54.519Z] ℹ️  Selects en paso 2: 2
[2026-07-31T20:30:54.522Z] ℹ️  Opciones tipo consulta: 4
[2026-07-31T20:30:56.118Z] ℹ️  Opciones hospital: 6
[2026-07-31T20:30:57.293Z] ℹ️  Buscando input de fecha...
[2026-07-31T20:30:59.312Z] ✅ Input de fecha encontrado con selector: input[type="date"]
[2026-07-31T20:30:59.325Z] ℹ️  Intentando registrar cita en: 2026-07-31
📤 [API REQUEST    +20.28s] POST https://admin-dev.mediplanner.mx/api/appointments/getFreeSchedules
✅ [API RESPONSE   +21.06s] (781ms) 200 https://admin-dev.mediplanner.mx/api/appointments/getFreeSchedules → {"status":"OK","data":[]}
[2026-07-31T20:31:01.408Z] ⚠️  No hay horas disponibles en 2026-07-31
[2026-07-31T20:31:01.408Z] ℹ️  Intentando registrar cita en: 2026-08-01
📤 [API REQUEST    +22.36s] POST https://admin-dev.mediplanner.mx/api/appointments/getFreeSchedules
✅ [API RESPONSE   +22.99s] (631ms) 200 https://admin-dev.mediplanner.mx/api/appointments/getFreeSchedules → {"status":"OK","data":[]}
[2026-07-31T20:31:03.503Z] ⚠️  No hay horas disponibles en 2026-08-01
[2026-07-31T20:31:03.503Z] ℹ️  Intentando registrar cita en: 2026-08-02
📤 [API REQUEST    +24.46s] POST https://admin-dev.mediplanner.mx/api/appointments/getFreeSchedules
✅ [API RESPONSE   +24.84s] (380ms) 200 https://admin-dev.mediplanner.mx/api/appointments/getFreeSchedules → {"status":"OK","data":[]}
[2026-07-31T20:31:05.607Z] ⚠️  No hay horas disponibles en 2026-08-02
[2026-07-31T20:31:05.607Z] ℹ️  Intentando registrar cita en: 2026-08-03
📤 [API REQUEST    +26.56s] POST https://admin-dev.mediplanner.mx/api/appointments/getFreeSchedules
✅ [API RESPONSE   +26.91s] (353ms) 200 https://admin-dev.mediplanner.mx/api/appointments/getFreeSchedules → {"status":"OK","data":[{"hora_inicio":"10:45:00","hora_fin":"10:50:00"},{"hora_inicio":"10:50:00","hora_fin":"10:55:00"}
[2026-07-31T20:31:07.697Z] ✅ Horas disponibles en 2026-08-03: 174
[2026-07-31T20:31:07.714Z] ℹ️  Intentando seleccionar hora: 10:45
[2026-07-31T20:31:08.805Z] ✅ Hora seleccionada exitosamente
📤 [API REQUEST    +30.98s] POST https://admin-dev.mediplanner.mx/api/appointments/createAppointment
✅ [API RESPONSE   +33.53s] (2545ms) 200 https://admin-dev.mediplanner.mx/api/appointments/createAppointment → {"status":"OK","data":{"relacion_id":611,"message":"Cita creada correctamente"}}
[2026-07-31T20:31:13.034Z] ✅ Cita registrada exitosamente en 2026-08-03
❌ [REQUEST FAILED +34.17s] https://p.clarity.ms/collect — net::ERR_ABORTED
❌ [REQUEST FAILED +34.17s] https://www.google-analytics.com/g/collect?v=2&tid=G-ZVKJ9CWYCW&gtm=45je67t1v9248896219za200zd9248896219&_p=1785529839872&gcd=13l3l3l3l1l1&npa=0&dma=0&_eu=AAAAAAQ&are=1&cid=1338814980.1785529476&frm=0&ngs=1&pscdl=noapi&rcb=14&sr=1536x960&uaa=x86&uab=64&uafvl=Chromium%3B145.0.7632.6%7CNot%253AA-Brand%3B99.0.0.0&uam=&uamb=0&uap=Windows&uapv=10.0&uaw=0&ul=en-us&_s=4&tag_exp=115616986~115938465~115938469~118897920~118897930~119896802~120222309&sid=1785529475&sct=1&seg=1&dl=https%3A%2F%2Fadmin-dev.mediplanner.mx%2FCitas%2FCrearCita&dr=https%3A%2F%2Fadmin-dev.mediplanner.mx%2FCitas&dt=Mediplanner&en=user_engagement&_et=24235&tfd=34138 — net::ERR_ABORTED
❌ [REQUEST FAILED +34.76s] https://mediplanner-atencion.zendesk.com/embeddable/config — net::ERR_ABORTED
❌ [REQUEST FAILED +34.81s] https://www.google-analytics.com/g/collect?v=2&tid=G-ZVKJ9CWYCW&gtm=45je67t1v9248896219za200zd9248896219&_p=1785529873625&gcd=13l3l3l3l1l1&npa=0&dma=0&_eu=AAAAAAQ&are=1&cid=1338814980.1785529476&frm=0&ngs=1&pscdl=noapi&rcb=1&sr=1536x960&uaa=x86&uab=64&uafvl=Chromium%3B145.0.7632.6%7CNot%253AA-Brand%3B99.0.0.0&uam=&uamb=0&uap=Windows&uapv=10.0&uaw=0&ul=en-us&_s=1&tag_exp=115938465~115938469~118897920~118897930~119896803&sid=1785529475&sct=1&seg=1&dl=https%3A%2F%2Fadmin-dev.mediplanner.mx%2FDashboard&dt=Mediplanner&en=page_view&_ee=1&tfd=744 — net::ERR_ABORTED
❌ [REQUEST FAILED +34.81s] https://mediplanner-atencion.zendesk.com/frontendevents/pv?client=1B752747-577B-429A-A0E0-83861AF69088 — net::ERR_ABORTED
📤 [API REQUEST    +35.10s] POST https://admin-dev.mediplanner.mx/api/permissions/getPermissions
📤 [API REQUEST    +35.10s] GET https://admin-dev.mediplanner.mx/api/profile/getProfile
📤 [API REQUEST    +35.34s] POST https://admin-dev.mediplanner.mx/api/appointments/getFilteredAppointments
📤 [API REQUEST    +35.34s] POST https://admin-dev.mediplanner.mx/api/dashboard/getDashboardData
📤 [API REQUEST    +35.34s] POST https://admin-dev.mediplanner.mx/api/procedures/getLastProceduresFilesByDoctorId
📤 [API REQUEST    +35.34s] POST https://admin-dev.mediplanner.mx/api/dashboard/getDashboardPayments
📤 [API REQUEST    +35.34s] POST https://admin-dev.mediplanner.mx/api/wizard/getActiveStep
📤 [API REQUEST    +35.36s] POST https://admin-dev.mediplanner.mx/api/appointments/getAppointmentCount
✅ [API RESPONSE   +35.73s] (627ms) 200 https://admin-dev.mediplanner.mx/api/permissions/getPermissions → {"status":"OK","data":[{"id":1,"name":"Consultar","module":"Usuarios","module_id":1,"active":false},{"id":2,"name":"Crea
✅ [API RESPONSE   +35.80s] (691ms) 200 https://admin-dev.mediplanner.mx/api/profile/getProfile → {"status":"OK","data":{"id":467,"sNombre":"Walter","sPaterno":"Hartwell","sMaterno":"White","sCorreo":"dpichardo@rym-sol
✅ [API RESPONSE   +35.82s] (482ms) 200 https://admin-dev.mediplanner.mx/api/dashboard/getDashboardData → {"status":"OK","data":{"monthConsultations":{"count":70,"percentage":0},"recurring":{"count":15,"percentage":650},"patie
✅ [API RESPONSE   +36.01s] (667ms) 200 https://admin-dev.mediplanner.mx/api/appointments/getFilteredAppointments → {"status":"OK","data":[]}
✅ [API RESPONSE   +36.18s] (839ms) 200 https://admin-dev.mediplanner.mx/api/wizard/getActiveStep → {"status":"OK","data":{"activeStep":5,"date":"2026-07-31 14:29:51"}}
✅ [API RESPONSE   +36.19s] (826ms) 200 https://admin-dev.mediplanner.mx/api/appointments/getAppointmentCount → {"status":"OK","data":[{"date":"2026-07-01","count":0},{"date":"2026-07-02","count":0},{"date":"2026-07-03","count":0},{
✅ [API RESPONSE   +36.21s] (867ms) 200 https://admin-dev.mediplanner.mx/api/procedures/getLastProceduresFilesByDoctorId → {"status":"OK","data":{"procedimientos":[{"paciente_id":894,"paciente_nombre":"Agustin Tapia Nievas","procedimiento_id":
✅ [API RESPONSE   +36.57s] (1227ms) 200 https://admin-dev.mediplanner.mx/api/dashboard/getDashboardPayments → {"status":"OK","data":{"grafica_actual":[{"etiqueta":"Viernes","total_pagos":0,"monto":0}],"grafica_anterior":[{"etiquet
❌ [REQUEST FAILED +36.83s] https://mediplanner-atencion.zendesk.com/frontendevents/pv?client=1B752747-577B-429A-A0E0-83861AF69088 — net::ERR_ABORTED
📤 [API REQUEST    +37.78s] POST https://admin-dev.mediplanner.mx/api/wizard/getActiveStep
[2026-07-31T20:31:17.210Z] ℹ️  Buscando botón Iniciar para "Daniela" en los próximos 5 días...
📤 [API REQUEST    +38.18s] GET https://admin-dev.mediplanner.mx/api/profile/getProfile
📤 [API REQUEST    +38.18s] POST https://admin-dev.mediplanner.mx/api/appointments/getAppointmentTypes
📤 [API REQUEST    +38.18s] POST https://admin-dev.mediplanner.mx/api/wizard/saveStep
❌ [REQUEST FAILED +38.37s] https://p.clarity.ms/collect — net::ERR_ABORTED
❌ [REQUEST FAILED +38.37s] https://admin-dev.mediplanner.mx/api/profile/getProfile — net::ERR_ABORTED
❌ [REQUEST FAILED +38.37s] https://admin-dev.mediplanner.mx/api/wizard/saveStep — net::ERR_ABORTED
❌ [REQUEST FAILED +38.37s] https://www.google-analytics.com/g/collect?v=2&tid=G-ZVKJ9CWYCW&gtm=45je67t1v9248896219za200zd9248896219&_p=1785529873625&gcd=13l3l3l3l1l1&npa=0&dma=0&_eu=AEAAAAQ&ae=a&are=1&cid=1338814980.1785529476&frm=0&ngs=1&pscdl=noapi&rcb=1&sr=1536x960&uaa=x86&uab=64&uafvl=Chromium%3B145.0.7632.6%7CNot%253AA-Brand%3B99.0.0.0&uam=&uamb=0&uap=Windows&uapv=10.0&uaw=0&ul=en-us&tag_exp=115938465~115938469~118897920~118897930~119896803&sid=1785529475&sct=1&seg=1&dl=https%3A%2F%2Fadmin-dev.mediplanner.mx%2FDashboard&dt=Mediplanner&_s=2&tfd=4379 — net::ERR_ABORTED
❌ [REQUEST FAILED +38.37s] https://admin-dev.mediplanner.mx/api/appointments/getAppointmentTypes — net::ERR_ABORTED
❌ [REQUEST FAILED +38.37s] https://www.google-analytics.com/g/collect?v=2&tid=G-ZVKJ9CWYCW&gtm=45je67t1v9248896219za200zd9248896219&_p=1785529873625&gcd=13l3l3l3l1l1&npa=0&dma=0&_eu=AAAAAAQ&are=1&cid=1338814980.1785529476&frm=0&ngs=1&pscdl=noapi&rcb=1&sr=1536x960&uaa=x86&uab=64&uafvl=Chromium%3B145.0.7632.6%7CNot%253AA-Brand%3B99.0.0.0&uam=&uamb=0&uap=Windows&uapv=10.0&uaw=0&ul=en-us&_s=3&tag_exp=115938465~115938469~118897920~118897930~119896803&sid=1785529475&sct=1&seg=1&dl=https%3A%2F%2Fadmin-dev.mediplanner.mx%2Fwizard%2Fonboarding&dr=https%3A%2F%2Fadmin-dev.mediplanner.mx%2FDashboard&dt=Mediplanner&en=user_engagement&_et=1166&tfd=4380 — net::ERR_ABORTED
✅ [API RESPONSE   +38.17s] (397ms) 200 https://admin-dev.mediplanner.mx/api/wizard/getActiveStep
📤 [API REQUEST    +38.69s] POST https://admin-dev.mediplanner.mx/api/permissions/getPermissions
📤 [API REQUEST    +38.69s] GET https://admin-dev.mediplanner.mx/api/profile/getProfile
📤 [API REQUEST    +38.69s] POST https://admin-dev.mediplanner.mx/api/appointments/getFilteredAppointments
📤 [API REQUEST    +38.69s] POST https://admin-dev.mediplanner.mx/api/dashboard/getDashboardData
📤 [API REQUEST    +38.69s] POST https://admin-dev.mediplanner.mx/api/procedures/getLastProceduresFilesByDoctorId
📤 [API REQUEST    +38.69s] POST https://admin-dev.mediplanner.mx/api/dashboard/getDashboardPayments
❌ [REQUEST FAILED +38.69s] https://mediplanner-atencion.zendesk.com/frontendevents/pv?client=1B752747-577B-429A-A0E0-83861AF69088 — net::ERR_ABORTED
❌ [REQUEST FAILED +38.69s] https://www.google-analytics.com/g/collect?v=2&tid=G-ZVKJ9CWYCW&gtm=45je67t1v9248896219za200zd9248896219&_p=1785529877530&gcd=13l3l3l3l1l1&npa=0&dma=0&_eu=AAAAAAQ&are=1&cid=1338814980.1785529476&frm=0&ngs=1&pscdl=noapi&rcb=19&sr=1536x960&uaa=x86&uab=64&uafvl=Chromium%3B145.0.7632.6%7CNot%253AA-Brand%3B99.0.0.0&uam=&uamb=0&uap=Windows&uapv=10.0&uaw=0&ul=en-us&_s=1&tag_exp=115616985~115938465~115938469~118897920~118897930~119896802&sid=1785529475&sct=1&seg=1&dl=https%3A%2F%2Fadmin-dev.mediplanner.mx%2FDashboard&dt=Mediplanner&en=page_view&_ee=1&tfd=433 — net::ERR_ABORTED
📤 [API REQUEST    +38.70s] POST https://admin-dev.mediplanner.mx/api/appointments/getAppointmentCount
[2026-07-31T20:31:17.887Z] ⚠️  Calendario del Dashboard no renderizó (intento 1/3), recargando...
❌ [REQUEST FAILED +38.98s] https://admin-dev.mediplanner.mx/api/procedures/getLastProceduresFilesByDoctorId — net::ERR_ABORTED
❌ [REQUEST FAILED +38.98s] https://admin-dev.mediplanner.mx/api/profile/getProfile — net::ERR_ABORTED
❌ [REQUEST FAILED +38.98s] https://admin-dev.mediplanner.mx/api/dashboard/getDashboardData — net::ERR_ABORTED
❌ [REQUEST FAILED +38.98s] https://www.google-analytics.com/g/collect?v=2&tid=G-ZVKJ9CWYCW&gtm=45je67t1v9248896219za200zd9248896219&_p=1785529877530&gcd=13l3l3l3l1l1&npa=0&dma=0&_eu=AEAAAAQ&ae=a&are=1&cid=1338814980.1785529476&frm=0&ngs=1&pscdl=noapi&rcb=19&sr=1536x960&uaa=x86&uab=64&uafvl=Chromium%3B145.0.7632.6%7CNot%253AA-Brand%3B99.0.0.0&uam=&uamb=0&uap=Windows&uapv=10.0&uaw=0&ul=en-us&_s=2&tag_exp=115616985~115938465~115938469~118897920~118897930~119896802&sid=1785529475&sct=1&seg=1&dl=https%3A%2F%2Fadmin-dev.mediplanner.mx%2FDashboard&dt=Mediplanner&en=scroll&epn.percent_scrolled=90&_et=1&tfd=815 — net::ERR_ABORTED
❌ [REQUEST FAILED +38.98s] https://admin-dev.mediplanner.mx/api/appointments/getAppointmentCount — net::ERR_ABORTED
❌ [REQUEST FAILED +38.98s] https://admin-dev.mediplanner.mx/api/dashboard/getDashboardPayments — net::ERR_ABORTED
❌ [REQUEST FAILED +38.98s] https://p.clarity.ms/collect — net::ERR_ABORTED
❌ [REQUEST FAILED +38.98s] https://admin-dev.mediplanner.mx/api/appointments/getFilteredAppointments — net::ERR_ABORTED
❌ [REQUEST FAILED +38.98s] https://admin-dev.mediplanner.mx/api/permissions/getPermissions — net::ERR_ABORTED
❌ [REQUEST FAILED +39.50s] https://www.google-analytics.com/g/collect?v=2&tid=G-ZVKJ9CWYCW&gtm=45je67t1v9248896219za200zd9248896219&_p=1785529878338&gcd=13l3l3l3l1l1&npa=0&dma=0&_eu=AAAAAAQ&are=1&cid=1338814980.1785529476&frm=0&ngs=1&pscdl=noapi&rcb=19&sr=1536x960&uaa=x86&uab=64&uafvl=Chromium%3B145.0.7632.6%7CNot%253AA-Brand%3B99.0.0.0&uam=&uamb=0&uap=Windows&uapv=10.0&uaw=0&ul=en-us&_s=1&tag_exp=115938466~115938468~118897920~118897930~119896803&sid=1785529475&sct=1&seg=1&dl=https%3A%2F%2Fadmin-dev.mediplanner.mx%2FDashboard&dt=Mediplanner&en=page_view&_ee=1&tfd=512 — net::ERR_ABORTED
📤 [API REQUEST    +39.55s] POST https://admin-dev.mediplanner.mx/api/permissions/getPermissions
📤 [API REQUEST    +39.55s] GET https://admin-dev.mediplanner.mx/api/profile/getProfile
📤 [API REQUEST    +39.55s] POST https://admin-dev.mediplanner.mx/api/appointments/getFilteredAppointments
📤 [API REQUEST    +39.55s] POST https://admin-dev.mediplanner.mx/api/dashboard/getDashboardData
📤 [API REQUEST    +39.55s] POST https://admin-dev.mediplanner.mx/api/procedures/getLastProceduresFilesByDoctorId
📤 [API REQUEST    +39.55s] POST https://admin-dev.mediplanner.mx/api/dashboard/getDashboardPayments
📤 [API REQUEST    +39.58s] POST https://admin-dev.mediplanner.mx/api/appointments/getAppointmentCount
❌ [REQUEST FAILED +39.63s] https://mediplanner-atencion.zendesk.com/frontendevents/pv?client=1B752747-577B-429A-A0E0-83861AF69088 — net::ERR_ABORTED
✅ [API RESPONSE   +40.10s] (550ms) 200 https://admin-dev.mediplanner.mx/api/profile/getProfile → {"status":"OK","data":{"id":467,"sNombre":"Walter","sPaterno":"Hartwell","sMaterno":"White","sCorreo":"dpichardo@rym-sol
✅ [API RESPONSE   +40.27s] (721ms) 200 https://admin-dev.mediplanner.mx/api/permissions/getPermissions → {"status":"OK","data":[{"id":1,"name":"Consultar","module":"Usuarios","module_id":1,"active":false},{"id":2,"name":"Crea
✅ [API RESPONSE   +40.33s] (783ms) 200 https://admin-dev.mediplanner.mx/api/procedures/getLastProceduresFilesByDoctorId → {"status":"OK","data":{"procedimientos":[{"paciente_id":894,"paciente_nombre":"Agustin Tapia Nievas","procedimiento_id":
✅ [API RESPONSE   +40.43s] (845ms) 200 https://admin-dev.mediplanner.mx/api/appointments/getAppointmentCount → {"status":"OK","data":[{"date":"2026-07-01","count":0},{"date":"2026-07-02","count":0},{"date":"2026-07-03","count":0},{
✅ [API RESPONSE   +40.43s] (884ms) 200 https://admin-dev.mediplanner.mx/api/dashboard/getDashboardData → {"status":"OK","data":{"monthConsultations":{"count":70,"percentage":0},"recurring":{"count":15,"percentage":650},"patie
✅ [API RESPONSE   +40.61s] (1062ms) 200 https://admin-dev.mediplanner.mx/api/appointments/getFilteredAppointments → {"status":"OK","data":[]}
✅ [API RESPONSE   +40.61s] (1065ms) 200 https://admin-dev.mediplanner.mx/api/dashboard/getDashboardPayments → {"status":"OK","data":{"grafica_actual":[{"etiqueta":"Viernes","total_pagos":0,"monto":0}],"grafica_anterior":[{"etiquet
[2026-07-31T20:31:20.140Z] ⚠️  Calendario del Dashboard no renderizó (intento 2/3), recargando...
❌ [REQUEST FAILED +41.35s] https://www.google-analytics.com/g/collect?v=2&tid=G-ZVKJ9CWYCW&gtm=45je67t1v9248896219za200zd9248896219&_p=1785529878338&gcd=13l3l3l3l1l1&npa=0&dma=0&_eu=AAAAAAQ&are=1&cid=1338814980.1785529476&frm=0&ngs=1&pscdl=noapi&rcb=19&sr=1536x960&uaa=x86&uab=64&uafvl=Chromium%3B145.0.7632.6%7CNot%253AA-Brand%3B99.0.0.0&uam=&uamb=0&uap=Windows&uapv=10.0&uaw=0&ul=en-us&_s=3&tag_exp=115938466~115938468~118897920~118897930~119896803&sid=1785529475&sct=1&seg=1&dl=https%3A%2F%2Fadmin-dev.mediplanner.mx%2FDashboard&dt=Mediplanner&en=user_engagement&_et=1977&tfd=2494 — net::ERR_ABORTED
❌ [REQUEST FAILED +41.35s] https://p.clarity.ms/collect — net::ERR_ABORTED
❌ [REQUEST FAILED +41.35s] https://www.google-analytics.com/g/collect?v=2&tid=G-ZVKJ9CWYCW&gtm=45je67t1v9248896219za200zd9248896219&_p=1785529878338&gcd=13l3l3l3l1l1&npa=0&dma=0&_eu=AEAAAAQ&ae=a&are=1&cid=1338814980.1785529476&frm=0&ngs=1&pscdl=noapi&rcb=19&sr=1536x960&uaa=x86&uab=64&uafvl=Chromium%3B145.0.7632.6%7CNot%253AA-Brand%3B99.0.0.0&uam=&uamb=0&uap=Windows&uapv=10.0&uaw=0&ul=en-us&_s=2&tag_exp=115938466~115938468~118897920~118897930~119896803&sid=1785529475&sct=1&seg=1&dl=https%3A%2F%2Fadmin-dev.mediplanner.mx%2FDashboard&dt=Mediplanner&en=scroll&epn.percent_scrolled=90&_et=14&tfd=2493 — net::ERR_ABORTED
❌ [REQUEST FAILED +41.63s] https://www.google-analytics.com/g/collect?v=2&tid=G-ZVKJ9CWYCW&gtm=45je67t1v9248896219za200zd9248896219&_p=1785529880510&gcd=13l3l3l3l1l1&npa=0&dma=0&_eu=AAAAAAQ&are=1&cid=1338814980.1785529476&frm=0&ngs=1&pscdl=noapi&rcb=10&sr=1536x960&uaa=x86&uab=64&uafvl=Chromium%3B145.0.7632.6%7CNot%253AA-Brand%3B99.0.0.0&uam=&uamb=0&uap=Windows&uapv=10.0&uaw=0&ul=en-us&_s=1&tag_exp=115938466~115938468~118395333~118897920~118897930~119527019~119896802~120222307&sid=1785529475&sct=1&seg=1&dl=https%3A%2F%2Fadmin-dev.mediplanner.mx%2FDashboard&dt=Mediplanner&en=page_view&_ee=1&tfd=441 — net::ERR_ABORTED
❌ [REQUEST FAILED +41.72s] https://mediplanner-atencion.zendesk.com/frontendevents/pv?client=1B752747-577B-429A-A0E0-83861AF69088 — net::ERR_ABORTED
📤 [API REQUEST    +41.75s] POST https://admin-dev.mediplanner.mx/api/permissions/getPermissions
📤 [API REQUEST    +41.75s] GET https://admin-dev.mediplanner.mx/api/profile/getProfile
📤 [API REQUEST    +41.75s] POST https://admin-dev.mediplanner.mx/api/appointments/getFilteredAppointments
📤 [API REQUEST    +41.75s] POST https://admin-dev.mediplanner.mx/api/dashboard/getDashboardData
📤 [API REQUEST    +41.75s] POST https://admin-dev.mediplanner.mx/api/procedures/getLastProceduresFilesByDoctorId
📤 [API REQUEST    +41.75s] POST https://admin-dev.mediplanner.mx/api/dashboard/getDashboardPayments
📤 [API REQUEST    +41.77s] POST https://admin-dev.mediplanner.mx/api/appointments/getAppointmentCount
✅ [API RESPONSE   +42.46s] (712ms) 200 https://admin-dev.mediplanner.mx/api/procedures/getLastProceduresFilesByDoctorId → {"status":"OK","data":{"procedimientos":[{"paciente_id":894,"paciente_nombre":"Agustin Tapia Nievas","procedimiento_id":
✅ [API RESPONSE   +42.56s] (808ms) 200 https://admin-dev.mediplanner.mx/api/permissions/getPermissions → {"status":"OK","data":[{"id":1,"name":"Consultar","module":"Usuarios","module_id":1,"active":false},{"id":2,"name":"Crea
✅ [API RESPONSE   +42.56s] (812ms) 200 https://admin-dev.mediplanner.mx/api/profile/getProfile → {"status":"OK","data":{"id":467,"sNombre":"Walter","sPaterno":"Hartwell","sMaterno":"White","sCorreo":"dpichardo@rym-sol
✅ [API RESPONSE   +42.62s] (875ms) 200 https://admin-dev.mediplanner.mx/api/dashboard/getDashboardData → {"status":"OK","data":{"monthConsultations":{"count":70,"percentage":0},"recurring":{"count":15,"percentage":650},"patie
✅ [API RESPONSE   +42.63s] (878ms) 200 https://admin-dev.mediplanner.mx/api/appointments/getFilteredAppointments → {"status":"OK","data":[]}
✅ [API RESPONSE   +42.68s] (930ms) 200 https://admin-dev.mediplanner.mx/api/dashboard/getDashboardPayments → {"status":"OK","data":{"grafica_actual":[{"etiqueta":"Viernes","total_pagos":0,"monto":0}],"grafica_anterior":[{"etiquet
✅ [API RESPONSE   +42.68s] (914ms) 200 https://admin-dev.mediplanner.mx/api/appointments/getAppointmentCount → {"status":"OK","data":[{"date":"2026-07-01","count":0},{"date":"2026-07-02","count":0},{"date":"2026-07-03","count":0},{
[2026-07-31T20:31:22.258Z] ⚠️  Calendario del Dashboard no renderizó (intento 3/3), recargando...
❌ [REQUEST FAILED +43.49s] https://www.google-analytics.com/g/collect?v=2&tid=G-ZVKJ9CWYCW&gtm=45je67t1v9248896219za200zd9248896219&_p=1785529880510&gcd=13l3l3l3l1l1&npa=0&dma=0&_eu=AEAAAAQ&ae=a&are=1&cid=1338814980.1785529476&frm=0&ngs=1&pscdl=noapi&rcb=10&sr=1536x960&uaa=x86&uab=64&uafvl=Chromium%3B145.0.7632.6%7CNot%253AA-Brand%3B99.0.0.0&uam=&uamb=0&uap=Windows&uapv=10.0&uaw=0&ul=en-us&_s=2&tag_exp=115938466~115938468~118395333~118897920~118897930~119527019~119896802~120222307&sid=1785529475&sct=1&seg=1&dl=https%3A%2F%2Fadmin-dev.mediplanner.mx%2FDashboard&dt=Mediplanner&en=scroll&epn.percent_scrolled=90&_et=18&tfd=2392 — net::ERR_ABORTED
❌ [REQUEST FAILED +43.49s] https://www.google-analytics.com/g/collect?v=2&tid=G-ZVKJ9CWYCW&gtm=45je67t1v9248896219za200zd9248896219&_p=1785529880510&gcd=13l3l3l3l1l1&npa=0&dma=0&_eu=AAAAAAQ&are=1&cid=1338814980.1785529476&frm=0&ngs=1&pscdl=noapi&rcb=10&sr=1536x960&uaa=x86&uab=64&uafvl=Chromium%3B145.0.7632.6%7CNot%253AA-Brand%3B99.0.0.0&uam=&uamb=0&uap=Windows&uapv=10.0&uaw=0&ul=en-us&_s=3&tag_exp=115938466~115938468~118395333~118897920~118897930~119527019~119896802~120222307&sid=1785529475&sct=1&seg=1&dl=https%3A%2F%2Fadmin-dev.mediplanner.mx%2FDashboard&dt=Mediplanner&en=user_engagement&_et=1948&tfd=2392 — net::ERR_ABORTED
❌ [REQUEST FAILED +43.49s] https://p.clarity.ms/collect — net::ERR_ABORTED
❌ [REQUEST FAILED +43.82s] https://www.google-analytics.com/g/collect?v=2&tid=G-ZVKJ9CWYCW&gtm=45je67t1v9248896219za200zd9248896219&_p=1785529882642&gcd=13l3l3l3l1l1&npa=0&dma=0&_eu=AAAAAAQ&are=1&cid=1338814980.1785529476&frm=0&ngs=1&pscdl=noapi&rcb=12&sr=1536x960&uaa=x86&uab=64&uafvl=Chromium%3B145.0.7632.6%7CNot%253AA-Brand%3B99.0.0.0&uam=&uamb=0&uap=Windows&uapv=10.0&uaw=0&ul=en-us&_s=1&tag_exp=115616986~115938465~115938469~118897920~118897930~119896802&sid=1785529475&sct=1&seg=1&dl=https%3A%2F%2Fadmin-dev.mediplanner.mx%2FDashboard&dt=Mediplanner&en=page_view&_ee=1&tfd=447 — net::ERR_ABORTED
📤 [API REQUEST    +43.86s] POST https://admin-dev.mediplanner.mx/api/permissions/getPermissions
📤 [API REQUEST    +43.86s] GET https://admin-dev.mediplanner.mx/api/profile/getProfile
📤 [API REQUEST    +43.86s] POST https://admin-dev.mediplanner.mx/api/appointments/getFilteredAppointments
📤 [API REQUEST    +43.86s] POST https://admin-dev.mediplanner.mx/api/dashboard/getDashboardData
📤 [API REQUEST    +43.86s] POST https://admin-dev.mediplanner.mx/api/procedures/getLastProceduresFilesByDoctorId
📤 [API REQUEST    +43.86s] POST https://admin-dev.mediplanner.mx/api/dashboard/getDashboardPayments
📤 [API REQUEST    +43.88s] POST https://admin-dev.mediplanner.mx/api/appointments/getAppointmentCount
❌ [REQUEST FAILED +43.99s] https://mediplanner-atencion.zendesk.com/frontendevents/pv?client=1B752747-577B-429A-A0E0-83861AF69088 — net::ERR_ABORTED
✅ [API RESPONSE   +44.51s] (645ms) 200 https://admin-dev.mediplanner.mx/api/procedures/getLastProceduresFilesByDoctorId → {"status":"OK","data":{"procedimientos":[{"paciente_id":894,"paciente_nombre":"Agustin Tapia Nievas","procedimiento_id":
✅ [API RESPONSE   +44.61s] (749ms) 200 https://admin-dev.mediplanner.mx/api/dashboard/getDashboardData → {"status":"OK","data":{"monthConsultations":{"count":70,"percentage":0},"recurring":{"count":15,"percentage":650},"patie
✅ [API RESPONSE   +44.61s] (751ms) 200 https://admin-dev.mediplanner.mx/api/permissions/getPermissions → {"status":"OK","data":[{"id":1,"name":"Consultar","module":"Usuarios","module_id":1,"active":false},{"id":2,"name":"Crea
✅ [API RESPONSE   +44.62s] (753ms) 200 https://admin-dev.mediplanner.mx/api/profile/getProfile → {"status":"OK","data":{"id":467,"sNombre":"Walter","sPaterno":"Hartwell","sMaterno":"White","sCorreo":"dpichardo@rym-sol
✅ [API RESPONSE   +44.66s] (799ms) 200 https://admin-dev.mediplanner.mx/api/appointments/getFilteredAppointments → {"status":"OK","data":[]}
✅ [API RESPONSE   +44.80s] (942ms) 200 https://admin-dev.mediplanner.mx/api/dashboard/getDashboardPayments → {"status":"OK","data":{"grafica_actual":[{"etiqueta":"Viernes","total_pagos":0,"monto":0}],"grafica_anterior":[{"etiquet
✅ [API RESPONSE   +44.81s] (925ms) 200 https://admin-dev.mediplanner.mx/api/appointments/getAppointmentCount → {"status":"OK","data":[{"date":"2026-07-01","count":0},{"date":"2026-07-02","count":0},{"date":"2026-07-03","count":0},{
[2026-07-31T20:31:24.441Z] ⚠️  El calendario del Dashboard no llegó a renderizar (td[data-day])
📤 [API REQUEST    +45.46s] POST https://admin-dev.mediplanner.mx/api/appointments/getAppointmentCount
✅ [API RESPONSE   +45.69s] (225ms) 200 https://admin-dev.mediplanner.mx/api/appointments/getAppointmentCount → {"status":"OK","data":[{"date":"2026-08-01","count":1},{"date":"2026-08-02","count":0},{"date":"2026-08-03","count":22},
📤 [API REQUEST    +46.10s] POST https://admin-dev.mediplanner.mx/api/appointments/getFilteredAppointments
✅ [API RESPONSE   +46.44s] (345ms) 200 https://admin-dev.mediplanner.mx/api/appointments/getFilteredAppointments → {"status":"OK","data":[]}
📤 [API REQUEST    +47.52s] POST https://admin-dev.mediplanner.mx/api/appointments/getFilteredAppointments
✅ [API RESPONSE   +47.84s] (327ms) 200 https://admin-dev.mediplanner.mx/api/appointments/getFilteredAppointments → {"status":"OK","data":[]}
❌ [REQUEST FAILED +48.75s] https://www.google-analytics.com/g/collect?v=2&tid=G-ZVKJ9CWYCW&gtm=45je67t1v9248896219za200zd9248896219&_p=1785529882642&gcd=13l3l3l3l1l1&npa=0&dma=0&_eu=AEAAAAQ&ae=a&are=1&cid=1338814980.1785529476&frm=0&ngs=1&pscdl=noapi&rcb=12&sr=1536x960&uaa=x86&uab=64&uafvl=Chromium%3B145.0.7632.6%7CNot%253AA-Brand%3B99.0.0.0&uam=&uamb=0&uap=Windows&uapv=10.0&uaw=0&ul=en-us&_s=2&tag_exp=115616986~115938465~115938469~118897920~118897930~119896802&sid=1785529475&sct=1&seg=1&dl=https%3A%2F%2Fadmin-dev.mediplanner.mx%2FDashboard&dt=Mediplanner&en=scroll&epn.percent_scrolled=90&_et=20&tfd=5462 — net::ERR_ABORTED
📤 [API REQUEST    +48.91s] POST https://admin-dev.mediplanner.mx/api/appointments/getFilteredAppointments
✅ [API RESPONSE   +49.83s] (913ms) 200 https://admin-dev.mediplanner.mx/api/appointments/getFilteredAppointments → {"status":"OK","data":[{"title":"Consulta inicial","doctor_id":467,"doctor_name":"Dr.Walter Hartwell White","doctor_img"
[2026-07-31T20:31:29.907Z] ✅ Botón Iniciar de "Daniela" encontrado en 2026-08-03
📤 [API REQUEST    +51.01s] POST https://admin-dev.mediplanner.mx/api/appointments/getFilteredAppointments
📤 [API REQUEST    +51.01s] POST https://admin-dev.mediplanner.mx/api/patients/getPatient
✅ [API RESPONSE   +51.77s] (766ms) 200 https://admin-dev.mediplanner.mx/api/appointments/getFilteredAppointments → {"status":"OK","data":[{"title":"Consulta inicial","doctor_id":467,"doctor_name":"Dr.Walter Hartwell White","doctor_img"
📤 [API REQUEST    +52.10s] POST https://admin-dev.mediplanner.mx/api/patients/getPatient
✅ [API RESPONSE   +52.12s] (1117ms) 200 https://admin-dev.mediplanner.mx/api/patients/getPatient → {"status":"OK","data":{"id":474,"iEstatusId":2,"sEstatus":"Aceptada","sImagen":"","sNombre":"Daniela","sPaterno":"Jiméne
📤 [API REQUEST    +52.18s] POST https://admin-dev.mediplanner.mx/api/patients/getPatient
✅ [API RESPONSE   +52.59s] (487ms) 200 https://admin-dev.mediplanner.mx/api/patients/getPatient → {"status":"OK","data":{"id":474,"iEstatusId":2,"sEstatus":"Aceptada","sImagen":"","sNombre":"Daniela","sPaterno":"Jiméne
✅ [API RESPONSE   +52.60s] (415ms) 200 https://admin-dev.mediplanner.mx/api/patients/getPatient → {"status":"OK","data":{"id":474,"iEstatusId":2,"sEstatus":"Aceptada","sImagen":"","sNombre":"Daniela","sPaterno":"Jiméne
❌ [REQUEST FAILED +57.30s] https://www.google-analytics.com/g/collect?v=2&tid=G-ZVKJ9CWYCW&gtm=45je67t1v9248896219za200zd9248896219&_p=1785529882642&gcd=13l3l3l3l1l1&npa=0&dma=0&_eu=AEEAAAQ&ae=a&are=1&cid=1338814980.1785529476&frm=0&ngs=1&pscdl=noapi&rcb=12&sr=1536x960&uaa=x86&uab=64&uafvl=Chromium%3B145.0.7632.6%7CNot%253AA-Brand%3B99.0.0.0&uam=&uamb=0&uap=Windows&uapv=10.0&uaw=0&ul=en-us&_s=3&tag_exp=115616986~115938465~115938469~118897920~118897930~119896802&sid=1785529475&sct=1&seg=1&dl=https%3A%2F%2Fadmin-dev.mediplanner.mx%2FDashboard&dt=Mediplanner&en=form_start&ep.form_id=&ep.form_destination=https%3A%2F%2Fadmin-dev.mediplanner.mx%2FDashboard&epn.form_length=10&ep.first_field_id=&ep.first_field_name=peso&ep.first_field_type=text&epn.first_field_position=7&_et=8519&tfd=13982 — net::ERR_ABORTED
  x  7 [consultation-user-errors] › tests\consultation.user-errors.spec.js:364:3 › Consulta — errores humanos reales (error guessing) › 6. Llenar Tratamiento antes que Diagnóstico no debe hacer que uno pise al otro (1.4m)


  1) [consultation-user-errors] › tests\consultation.user-errors.spec.js:100:3 › Consulta — errores humanos reales (error guessing) › 1. Cambiar de pestaña justo tras seleccionar un diagnóstico no debe perder el dato 

    TimeoutError: locator.click: Timeout 15000ms exceeded.
    Call log:
    [2m  - waiting for getByRole('button', { name: /^Guardar$/i })[22m
    [2m    - locator resolved to <button disabled class="text-gray-500 bg-[#1e71b8] text-white px-4 py-2 rounded-md ml-4 hover:bg-[#11426b] disabled:bg-[#d3d3d3] disabled:cursor-not-allowed">Guardar</button>[22m
    [2m  - attempting click action[22m
    [2m    2 × waiting for element to be visible, enabled and stable[22m
    [2m      - element is not enabled[22m
    [2m    - retrying click action[22m
    [2m    - waiting 20ms[22m
    [2m    2 × waiting for element to be visible, enabled and stable[22m
    [2m      - element is not enabled[22m
    [2m    - retrying click action[22m
    [2m      - waiting 100ms[22m
    [2m    28 × waiting for element to be visible, enabled and stable[22m
    [2m       - element is not enabled[22m
    [2m     - retrying click action[22m
    [2m       - waiting 500ms[22m


      61 |     return btn && !btn.disabled;
      62 |   }, { timeout: 10000 }).catch(() => {});
    > 63 |   await page.getByRole('button', { name: /^Guardar$/i }).click();
         |                                                          ^
      64 |   await page.waitForTimeout(2000);
      65 |   const cerrarButton = page.getByRole('button', { name: /cerrar/i });
      66 |   if (await cerrarButton.isVisible().catch(() => false)) {
        at iniciarConsultaDeHoy (C:\Users\pandr\OneDrive\00_Pedro_Quijada\03_RYM-Solutions\Repositorios\MediplannerWebNuevo\tests\consultation.user-errors.spec.js:63:58)
        at C:\Users\pandr\OneDrive\00_Pedro_Quijada\03_RYM-Solutions\Repositorios\MediplannerWebNuevo\tests\consultation.user-errors.spec.js:103:5

    attachment #1: screenshot (image/png) ──────────────────────────────────────────────────────────
    test-results\consultation.user-errors-C-3898b-tico-no-debe-perder-el-dato-consultation-user-errors\test-failed-1.png
    ────────────────────────────────────────────────────────────────────────────────────────────────

    Error Context: test-results\consultation.user-errors-C-3898b-tico-no-debe-perder-el-dato-consultation-user-errors\error-context.md

  2) [consultation-user-errors] › tests\consultation.user-errors.spec.js:129:3 › Consulta — errores humanos reales (error guessing) › 2. Corregir un typo de dosis antes de guardar debe persistir el valor corregido, no el original 

    TimeoutError: locator.click: Timeout 15000ms exceeded.
    Call log:
    [2m  - waiting for getByRole('button', { name: /^Guardar$/i })[22m
    [2m    - locator resolved to <button disabled class="text-gray-500 bg-[#1e71b8] text-white px-4 py-2 rounded-md ml-4 hover:bg-[#11426b] disabled:bg-[#d3d3d3] disabled:cursor-not-allowed">Guardar</button>[22m
    [2m  - attempting click action[22m
    [2m    2 × waiting for element to be visible, enabled and stable[22m
    [2m      - element is not enabled[22m
    [2m    - retrying click action[22m
    [2m    - waiting 20ms[22m
    [2m    2 × waiting for element to be visible, enabled and stable[22m
    [2m      - element is not enabled[22m
    [2m    - retrying click action[22m
    [2m      - waiting 100ms[22m
    [2m    28 × waiting for element to be visible, enabled and stable[22m
    [2m       - element is not enabled[22m
    [2m     - retrying click action[22m
    [2m       - waiting 500ms[22m


      61 |     return btn && !btn.disabled;
      62 |   }, { timeout: 10000 }).catch(() => {});
    > 63 |   await page.getByRole('button', { name: /^Guardar$/i }).click();
         |                                                          ^
      64 |   await page.waitForTimeout(2000);
      65 |   const cerrarButton = page.getByRole('button', { name: /cerrar/i });
      66 |   if (await cerrarButton.isVisible().catch(() => false)) {
        at iniciarConsultaDeHoy (C:\Users\pandr\OneDrive\00_Pedro_Quijada\03_RYM-Solutions\Repositorios\MediplannerWebNuevo\tests\consultation.user-errors.spec.js:63:58)
        at C:\Users\pandr\OneDrive\00_Pedro_Quijada\03_RYM-Solutions\Repositorios\MediplannerWebNuevo\tests\consultation.user-errors.spec.js:132:5

    attachment #1: screenshot (image/png) ──────────────────────────────────────────────────────────
    test-results\consultation.user-errors-C-44839-or-corregido-no-el-original-consultation-user-errors\test-failed-1.png
    ────────────────────────────────────────────────────────────────────────────────────────────────

    Error Context: test-results\consultation.user-errors-C-44839-or-corregido-no-el-original-consultation-user-errors\error-context.md

  3) [consultation-user-errors] › tests\consultation.user-errors.spec.js:257:3 › Consulta — errores humanos reales (error guessing) › 4. Escribir en Notas del Médico y navegar fuera sin guardar no debe corromper el dato al volver 

    TimeoutError: locator.click: Timeout 15000ms exceeded.
    Call log:
    [2m  - waiting for getByRole('button', { name: /^Guardar$/i })[22m
    [2m    - locator resolved to <button disabled class="text-gray-500 bg-[#1e71b8] text-white px-4 py-2 rounded-md ml-4 hover:bg-[#11426b] disabled:bg-[#d3d3d3] disabled:cursor-not-allowed">Guardar</button>[22m
    [2m  - attempting click action[22m
    [2m    2 × waiting for element to be visible, enabled and stable[22m
    [2m      - element is not enabled[22m
    [2m    - retrying click action[22m
    [2m    - waiting 20ms[22m
    [2m    2 × waiting for element to be visible, enabled and stable[22m
    [2m      - element is not enabled[22m
    [2m    - retrying click action[22m
    [2m      - waiting 100ms[22m
    [2m    28 × waiting for element to be visible, enabled and stable[22m
    [2m       - element is not enabled[22m
    [2m     - retrying click action[22m
    [2m       - waiting 500ms[22m


      61 |     return btn && !btn.disabled;
      62 |   }, { timeout: 10000 }).catch(() => {});
    > 63 |   await page.getByRole('button', { name: /^Guardar$/i }).click();
         |                                                          ^
      64 |   await page.waitForTimeout(2000);
      65 |   const cerrarButton = page.getByRole('button', { name: /cerrar/i });
      66 |   if (await cerrarButton.isVisible().catch(() => false)) {
        at iniciarConsultaDeHoy (C:\Users\pandr\OneDrive\00_Pedro_Quijada\03_RYM-Solutions\Repositorios\MediplannerWebNuevo\tests\consultation.user-errors.spec.js:63:58)
        at C:\Users\pandr\OneDrive\00_Pedro_Quijada\03_RYM-Solutions\Repositorios\MediplannerWebNuevo\tests\consultation.user-errors.spec.js:260:5

    attachment #1: screenshot (image/png) ──────────────────────────────────────────────────────────
    test-results\consultation.user-errors-C-f5dae-corromper-el-dato-al-volver-consultation-user-errors\test-failed-1.png
    ────────────────────────────────────────────────────────────────────────────────────────────────

    Error Context: test-results\consultation.user-errors-C-f5dae-corromper-el-dato-al-volver-consultation-user-errors\error-context.md

  4) [consultation-user-errors] › tests\consultation.user-errors.spec.js:294:3 › Consulta — errores humanos reales (error guessing) › 5. Doble-click accidental en "Guardar cambios" de Tratamiento no debe duplicar el medicamento 

    TimeoutError: locator.click: Timeout 15000ms exceeded.
    Call log:
    [2m  - waiting for getByRole('button', { name: /^Guardar$/i })[22m
    [2m    - locator resolved to <button disabled class="text-gray-500 bg-[#1e71b8] text-white px-4 py-2 rounded-md ml-4 hover:bg-[#11426b] disabled:bg-[#d3d3d3] disabled:cursor-not-allowed">Guardar</button>[22m
    [2m  - attempting click action[22m
    [2m    2 × waiting for element to be visible, enabled and stable[22m
    [2m      - element is not enabled[22m
    [2m    - retrying click action[22m
    [2m    - waiting 20ms[22m
    [2m    2 × waiting for element to be visible, enabled and stable[22m
    [2m      - element is not enabled[22m
    [2m    - retrying click action[22m
    [2m      - waiting 100ms[22m
    [2m    28 × waiting for element to be visible, enabled and stable[22m
    [2m       - element is not enabled[22m
    [2m     - retrying click action[22m
    [2m       - waiting 500ms[22m


      61 |     return btn && !btn.disabled;
      62 |   }, { timeout: 10000 }).catch(() => {});
    > 63 |   await page.getByRole('button', { name: /^Guardar$/i }).click();
         |                                                          ^
      64 |   await page.waitForTimeout(2000);
      65 |   const cerrarButton = page.getByRole('button', { name: /cerrar/i });
      66 |   if (await cerrarButton.isVisible().catch(() => false)) {
        at iniciarConsultaDeHoy (C:\Users\pandr\OneDrive\00_Pedro_Quijada\03_RYM-Solutions\Repositorios\MediplannerWebNuevo\tests\consultation.user-errors.spec.js:63:58)
        at C:\Users\pandr\OneDrive\00_Pedro_Quijada\03_RYM-Solutions\Repositorios\MediplannerWebNuevo\tests\consultation.user-errors.spec.js:297:5

    attachment #1: screenshot (image/png) ──────────────────────────────────────────────────────────
    test-results\consultation.user-errors-C-1ddd4-ebe-duplicar-el-medicamento-consultation-user-errors\test-failed-1.png
    ────────────────────────────────────────────────────────────────────────────────────────────────

    Error Context: test-results\consultation.user-errors-C-1ddd4-ebe-duplicar-el-medicamento-consultation-user-errors\error-context.md

  5) [consultation-user-errors] › tests\consultation.user-errors.spec.js:364:3 › Consulta — errores humanos reales (error guessing) › 6. Llenar Tratamiento antes que Diagnóstico no debe hacer que uno pise al otro 

    TimeoutError: locator.click: Timeout 15000ms exceeded.
    Call log:
    [2m  - waiting for getByRole('button', { name: /^Guardar$/i })[22m
    [2m    - locator resolved to <button disabled class="text-gray-500 bg-[#1e71b8] text-white px-4 py-2 rounded-md ml-4 hover:bg-[#11426b] disabled:bg-[#d3d3d3] disabled:cursor-not-allowed">Guardar</button>[22m
    [2m  - attempting click action[22m
    [2m    2 × waiting for element to be visible, enabled and stable[22m
    [2m      - element is not enabled[22m
    [2m    - retrying click action[22m
    [2m    - waiting 20ms[22m
    [2m    2 × waiting for element to be visible, enabled and stable[22m
    [2m      - element is not enabled[22m
    [2m    - retrying click action[22m
    [2m      - waiting 100ms[22m
    [2m    28 × waiting for element to be visible, enabled and stable[22m
    [2m       - element is not enabled[22m
    [2m     - retrying click action[22m
    [2m       - waiting 500ms[22m


      61 |     return btn && !btn.disabled;
      62 |   }, { timeout: 10000 }).catch(() => {});
    > 63 |   await page.getByRole('button', { name: /^Guardar$/i }).click();
         |                                                          ^
      64 |   await page.waitForTimeout(2000);
      65 |   const cerrarButton = page.getByRole('button', { name: /cerrar/i });
      66 |   if (await cerrarButton.isVisible().catch(() => false)) {
        at iniciarConsultaDeHoy (C:\Users\pandr\OneDrive\00_Pedro_Quijada\03_RYM-Solutions\Repositorios\MediplannerWebNuevo\tests\consultation.user-errors.spec.js:63:58)
        at C:\Users\pandr\OneDrive\00_Pedro_Quijada\03_RYM-Solutions\Repositorios\MediplannerWebNuevo\tests\consultation.user-errors.spec.js:367:5

    attachment #1: screenshot (image/png) ──────────────────────────────────────────────────────────
    test-results\consultation.user-errors-C-678d4--hacer-que-uno-pise-al-otro-consultation-user-errors\test-failed-1.png
    ────────────────────────────────────────────────────────────────────────────────────────────────

    Error Context: test-results\consultation.user-errors-C-678d4--hacer-que-uno-pise-al-otro-consultation-user-errors\error-context.md

  5 failed
    [consultation-user-errors] › tests\consultation.user-errors.spec.js:100:3 › Consulta — errores humanos reales (error guessing) › 1. Cambiar de pestaña justo tras seleccionar un diagnóstico no debe perder el dato 
    [consultation-user-errors] › tests\consultation.user-errors.spec.js:129:3 › Consulta — errores humanos reales (error guessing) › 2. Corregir un typo de dosis antes de guardar debe persistir el valor corregido, no el original 
    [consultation-user-errors] › tests\consultation.user-errors.spec.js:257:3 › Consulta — errores humanos reales (error guessing) › 4. Escribir en Notas del Médico y navegar fuera sin guardar no debe corromper el dato al volver 
    [consultation-user-errors] › tests\consultation.user-errors.spec.js:294:3 › Consulta — errores humanos reales (error guessing) › 5. Doble-click accidental en "Guardar cambios" de Tratamiento no debe duplicar el medicamento 
    [consultation-user-errors] › tests\consultation.user-errors.spec.js:364:3 › Consulta — errores humanos reales (error guessing) › 6. Llenar Tratamiento antes que Diagnóstico no debe hacer que uno pise al otro 
  2 passed (7.5m)
=== FIN PROYECTO vuelta=2 proyecto=consultation-user-errors exit=1 14:32:02 ===
=== VUELTA 2 COMPLETA 2026-07-31 14:32:02 ===
=== VUELTA 3 INICIO 2026-07-31 14:32:02 ===
=== INICIO PROYECTO vuelta=3 proyecto=dashboard 14:32:02 ===
[dotenv@17.3.1] injecting env (4) from .env -- tip: ⚙️  load multiple .env files with { path: ['.env.local', '.env'] }

Running 2 tests using 1 worker

[dotenv@17.3.1] injecting env (0) from .env -- tip: ⚙️  suppress all logs with { quiet: true }
🔐 Iniciando proceso de autenticación...
🌐 URL base: https://admin-dev.mediplanner.mx/
📧 Email: dr.***@gmail.com
✅ Navegación exitosa a la página principal
⏳ Esperando formulario de login...
✅ Formulario de login detectado
✅ Campo email llenado
✅ Campo contraseña llenado
✅ Botón de login clickeado
✅ Página principal cargada
✅ Autenticación exitosa - Redirigido fuera de login
✅ Sesión guardada en storageState.json
  ok 1 [setup] › tests\auth.setup.ts:7:6 › authenticate (6.2s)
[dotenv@17.3.1] injecting env (0) from .env -- tip: ⚙️  enable debug logging with { debug: true }
❌ [REQUEST FAILED +0.99s] https://www.google-analytics.com/g/collect?v=2&tid=G-ZVKJ9CWYCW&gtm=45je67t1v9248896219za200zd9248896219&_p=1785529933738&gcd=13l3l3l3l1l1&npa=0&dma=0&_eu=AAAAAAQ&are=1&cid=440033419.1785529927&frm=0&ngs=1&pscdl=noapi&rcb=6&sr=1536x960&uaa=x86&uab=64&uafvl=Chromium%3B145.0.7632.6%7CNot%253AA-Brand%3B99.0.0.0&uam=&uamb=0&uap=Windows&uapv=10.0&uaw=0&ul=en-us&_s=1&tag_exp=115938466~115938468~118897920~118897930~119896803~120222308&sid=1785529926&sct=1&seg=1&dl=https%3A%2F%2Fadmin-dev.mediplanner.mx%2FDashboard&dt=Mediplanner&en=page_view&_ee=1&_et=1&tfd=791 — net::ERR_ABORTED
❌ [REQUEST FAILED +2.36s] https://mediplanner-atencion.zendesk.com/frontendevents/pv?client=1B752747-577B-429A-A0E0-83861AF69088 — net::ERR_ABORTED
📤 [API REQUEST    +3.35s] POST https://admin-dev.mediplanner.mx/api/permissions/getPermissions
📤 [API REQUEST    +3.35s] GET https://admin-dev.mediplanner.mx/api/profile/getProfile
📤 [API REQUEST    +3.77s] POST https://admin-dev.mediplanner.mx/api/appointments/getFilteredAppointments
📤 [API REQUEST    +3.77s] POST https://admin-dev.mediplanner.mx/api/dashboard/getDashboardData
📤 [API REQUEST    +3.77s] POST https://admin-dev.mediplanner.mx/api/procedures/getLastProceduresFilesByDoctorId
📤 [API REQUEST    +3.77s] POST https://admin-dev.mediplanner.mx/api/dashboard/getDashboardPayments
📤 [API REQUEST    +3.78s] POST https://admin-dev.mediplanner.mx/api/wizard/getActiveStep
📤 [API REQUEST    +3.81s] POST https://admin-dev.mediplanner.mx/api/appointments/getAppointmentCount
✅ [API RESPONSE   +3.91s] (554ms) 200 https://admin-dev.mediplanner.mx/api/permissions/getPermissions → {"status":"OK","data":[{"id":1,"name":"Consultar","module":"Usuarios","module_id":1,"active":false},{"id":2,"name":"Crea
✅ [API RESPONSE   +4.05s] (693ms) 200 https://admin-dev.mediplanner.mx/api/profile/getProfile → {"status":"OK","data":{"id":467,"sNombre":"Walter","sPaterno":"Hartwell","sMaterno":"White","sCorreo":"dpichardo@rym-sol
✅ [API RESPONSE   +4.34s] (563ms) 200 https://admin-dev.mediplanner.mx/api/procedures/getLastProceduresFilesByDoctorId → {"status":"OK","data":{"procedimientos":[{"paciente_id":894,"paciente_nombre":"Agustin Tapia Nievas","procedimiento_id":
✅ [API RESPONSE   +4.35s] (575ms) 200 https://admin-dev.mediplanner.mx/api/wizard/getActiveStep → {"status":"OK","data":{"activeStep":5,"date":"2026-07-31 14:31:17"}}
✅ [API RESPONSE   +4.52s] (747ms) 200 https://admin-dev.mediplanner.mx/api/appointments/getFilteredAppointments → {"status":"OK","data":[]}
✅ [API RESPONSE   +4.53s] (712ms) 200 https://admin-dev.mediplanner.mx/api/appointments/getAppointmentCount → {"status":"OK","data":[{"date":"2026-07-01","count":0},{"date":"2026-07-02","count":0},{"date":"2026-07-03","count":0},{
✅ [API RESPONSE   +4.53s] (754ms) 200 https://admin-dev.mediplanner.mx/api/dashboard/getDashboardData → {"status":"OK","data":{"monthConsultations":{"count":70,"percentage":0},"recurring":{"count":15,"percentage":650},"patie
✅ [API RESPONSE   +4.54s] (760ms) 200 https://admin-dev.mediplanner.mx/api/dashboard/getDashboardPayments → {"status":"OK","data":{"grafica_actual":[{"etiqueta":"Viernes","total_pagos":0,"monto":0}],"grafica_anterior":[{"etiquet
📤 [API REQUEST    +5.88s] POST https://admin-dev.mediplanner.mx/api/wizard/getActiveStep
❌ [REQUEST FAILED +5.93s] https://www.google-analytics.com/g/collect?v=2&tid=G-ZVKJ9CWYCW&gtm=45je67t1v9248896219za200zd9248896219&_p=1785529933738&gcd=13l3l3l3l1l1&npa=0&dma=0&_eu=AEAAAAQ&ae=a&are=1&cid=440033419.1785529927&frm=0&ngs=1&pscdl=noapi&rcb=6&sr=1536x960&uaa=x86&uab=64&uafvl=Chromium%3B145.0.7632.6%7CNot%253AA-Brand%3B99.0.0.0&uam=&uamb=0&uap=Windows&uapv=10.0&uaw=0&ul=en-us&tag_exp=115938466~115938468~118897920~118897930~119896803~120222308&sid=1785529926&sct=1&seg=1&dl=https%3A%2F%2Fadmin-dev.mediplanner.mx%2FDashboard&dt=Mediplanner&_s=2&tfd=5812 — net::ERR_ABORTED
📊 getDashboardData: consultas=70 recurrentes=15 nuevas=4 pacientes=48
❌ [REQUEST FAILED +6.16s] https://mediplanner-atencion.zendesk.com/frontendevents/pv?client=1B752747-577B-429A-A0E0-83861AF69088 — net::ERR_ABORTED
📤 [API REQUEST    +6.17s] GET https://admin-dev.mediplanner.mx/api/profile/getProfile
📤 [API REQUEST    +6.17s] POST https://admin-dev.mediplanner.mx/api/appointments/getAppointmentTypes
📤 [API REQUEST    +6.17s] POST https://admin-dev.mediplanner.mx/api/wizard/saveStep
✅ [API RESPONSE   +6.15s] (270ms) 200 https://admin-dev.mediplanner.mx/api/wizard/getActiveStep → {"status":"OK","data":{"activeStep":5,"date":"2026-07-31 14:31:17"}}
  x  2 [dashboard] › tests\dashboard.spec.js:25:3 › Dashboard › KPIs, calendario y paneles muestran datos reales (no solo mapeo) (6.7s)


  1) [dashboard] › tests\dashboard.spec.js:25:3 › Dashboard › KPIs, calendario y paneles muestran datos reales (no solo mapeo) 

    Error: Tarjeta "CONSULTAS" debe mostrar contenido además del título

    [2mexpect([22m[31mreceived[39m[2m).[22mnot[2m.[22mtoBe[2m([22m[32mexpected[39m[2m) // Object.is equality[22m

    Expected: not [32m""[39m

      66 |     for (const kpi of kpis) {
      67 |       const txt = await getCardText(page, kpi.label);
    > 68 |       expect(txt, `Tarjeta "${kpi.label}" debe mostrar contenido además del título`).not.toBe('');
         |                                                                                          ^
      69 |       expect(txt, `Tarjeta "${kpi.label}" debe mostrar el valor ${kpi.count} (texto real: "${txt}")`)
      70 |         .toMatch(new RegExp(`(^|\\D)${kpi.count}(\\D|$)`));
      71 |       console.log(`✅ KPI "${kpi.label}": "${txt}"`);
        at C:\Users\pandr\OneDrive\00_Pedro_Quijada\03_RYM-Solutions\Repositorios\MediplannerWebNuevo\tests\dashboard.spec.js:68:90

    attachment #1: screenshot (image/png) ──────────────────────────────────────────────────────────
    test-results\dashboard-Dashboard-KPIs-c-657a9-datos-reales-no-solo-mapeo--dashboard\test-failed-1.png
    ────────────────────────────────────────────────────────────────────────────────────────────────

    Error Context: test-results\dashboard-Dashboard-KPIs-c-657a9-datos-reales-no-solo-mapeo--dashboard\error-context.md

  1 failed
    [dashboard] › tests\dashboard.spec.js:25:3 › Dashboard › KPIs, calendario y paneles muestran datos reales (no solo mapeo) 
  1 passed (16.5s)
=== FIN PROYECTO vuelta=3 proyecto=dashboard exit=1 14:32:20 ===
=== INICIO PROYECTO vuelta=3 proyecto=reportes 14:32:20 ===
[dotenv@17.3.1] injecting env (4) from .env -- tip: 🤖 agentic secret storage: https://dotenvx.com/as2

Running 2 tests using 1 worker

[dotenv@17.3.1] injecting env (0) from .env -- tip: ⚙️  enable debug logging with { debug: true }
🔐 Iniciando proceso de autenticación...
🌐 URL base: https://admin-dev.mediplanner.mx/
📧 Email: dr.***@gmail.com
✅ Navegación exitosa a la página principal
⏳ Esperando formulario de login...
✅ Formulario de login detectado
✅ Campo email llenado
✅ Campo contraseña llenado
✅ Botón de login clickeado
✅ Página principal cargada
✅ Autenticación exitosa - Redirigido fuera de login
✅ Sesión guardada en storageState.json
  ok 1 [setup] › tests\auth.setup.ts:7:6 › authenticate (7.4s)
[dotenv@17.3.1] injecting env (0) from .env -- tip: 🛡️ auth for agents: https://vestauth.com
❌ [REQUEST FAILED +0.92s] https://www.google-analytics.com/g/collect?v=2&tid=G-ZVKJ9CWYCW&gtm=45je67u0h2v9248896219za200zd9248896219&_p=1785529953089&gcd=13l3l3l3l1l1&npa=0&dma=0&_eu=AAAAAAQ&are=1&cid=1772514393.1785529944&frm=0&ngs=1&pscdl=noapi&rcb=10&sr=1536x960&uaa=x86&uab=64&uafvl=Chromium%3B145.0.7632.6%7CNot%253AA-Brand%3B99.0.0.0&uam=&uamb=0&uap=Windows&uapv=10.0&uaw=0&ul=en-us&_s=1&tag_exp=115938466~115938469~118395334~118897920~118897930~119896802&sid=1785529944&sct=1&seg=1&dl=https%3A%2F%2Fadmin-dev.mediplanner.mx%2FDashboard&dt=Mediplanner&en=page_view&_ee=1&tfd=740 — net::ERR_ABORTED
❌ [REQUEST FAILED +2.22s] https://mediplanner-atencion.zendesk.com/frontendevents/pv?client=1B752747-577B-429A-A0E0-83861AF69088 — net::ERR_ABORTED
📤 [API REQUEST    +5.07s] POST https://admin-dev.mediplanner.mx/api/permissions/getPermissions
📤 [API REQUEST    +5.07s] GET https://admin-dev.mediplanner.mx/api/profile/getProfile
✅ [API RESPONSE   +5.45s] (378ms) 200 https://admin-dev.mediplanner.mx/api/permissions/getPermissions → {"status":"OK","data":[{"id":1,"name":"Consultar","module":"Usuarios","module_id":1,"active":false},{"id":2,"name":"Crea
📤 [API REQUEST    +5.65s] POST https://admin-dev.mediplanner.mx/api/appointments/getFilteredAppointments
📤 [API REQUEST    +5.65s] POST https://admin-dev.mediplanner.mx/api/dashboard/getDashboardData
📤 [API REQUEST    +5.65s] POST https://admin-dev.mediplanner.mx/api/procedures/getLastProceduresFilesByDoctorId
📤 [API REQUEST    +5.65s] POST https://admin-dev.mediplanner.mx/api/dashboard/getDashboardPayments
📤 [API REQUEST    +5.65s] POST https://admin-dev.mediplanner.mx/api/wizard/getActiveStep
📤 [API REQUEST    +5.68s] POST https://admin-dev.mediplanner.mx/api/appointments/getAppointmentCount
✅ [API RESPONSE   +5.73s] (657ms) 200 https://admin-dev.mediplanner.mx/api/profile/getProfile → {"status":"OK","data":{"id":467,"sNombre":"Walter","sPaterno":"Hartwell","sMaterno":"White","sCorreo":"dpichardo@rym-sol
❌ [REQUEST FAILED +5.87s] https://www.google-analytics.com/g/collect?v=2&tid=G-ZVKJ9CWYCW&gtm=45je67u0h2v9248896219za200zd9248896219&_p=1785529953089&gcd=13l3l3l3l1l1&npa=0&dma=0&_eu=AEAAAAQ&ae=a&are=1&cid=1772514393.1785529944&frm=0&ngs=1&pscdl=noapi&rcb=10&sr=1536x960&uaa=x86&uab=64&uafvl=Chromium%3B145.0.7632.6%7CNot%253AA-Brand%3B99.0.0.0&uam=&uamb=0&uap=Windows&uapv=10.0&uaw=0&ul=en-us&_s=2&tag_exp=115938466~115938469~118395334~118897920~118897930~119896802&sid=1785529944&sct=1&seg=1&dl=https%3A%2F%2Fadmin-dev.mediplanner.mx%2FDashboard&dt=Mediplanner&en=scroll&epn.percent_scrolled=90&_et=3&tfd=5746 — net::ERR_ABORTED
❌ [REQUEST FAILED +5.90s] https://mediplanner-atencion.zendesk.com/frontendevents/pv?client=1B752747-577B-429A-A0E0-83861AF69088 — net::ERR_ABORTED
✅ [API RESPONSE   +6.15s] (501ms) 200 https://admin-dev.mediplanner.mx/api/wizard/getActiveStep → {"status":"OK","data":{"activeStep":5,"date":"2026-07-31 14:32:19"}}
✅ [API RESPONSE   +6.16s] (511ms) 200 https://admin-dev.mediplanner.mx/api/procedures/getLastProceduresFilesByDoctorId → {"status":"OK","data":{"procedimientos":[{"paciente_id":894,"paciente_nombre":"Agustin Tapia Nievas","procedimiento_id":
✅ [API RESPONSE   +6.50s] (813ms) 200 https://admin-dev.mediplanner.mx/api/appointments/getAppointmentCount → {"status":"OK","data":[{"date":"2026-07-01","count":0},{"date":"2026-07-02","count":0},{"date":"2026-07-03","count":0},{
✅ [API RESPONSE   +6.50s] (849ms) 200 https://admin-dev.mediplanner.mx/api/dashboard/getDashboardData → {"status":"OK","data":{"monthConsultations":{"count":70,"percentage":0},"recurring":{"count":15,"percentage":650},"patie
✅ [API RESPONSE   +6.53s] (880ms) 200 https://admin-dev.mediplanner.mx/api/dashboard/getDashboardPayments → {"status":"OK","data":{"grafica_actual":[{"etiqueta":"Viernes","total_pagos":0,"monto":0}],"grafica_anterior":[{"etiquet
✅ [API RESPONSE   +6.53s] (882ms) 200 https://admin-dev.mediplanner.mx/api/appointments/getFilteredAppointments → {"status":"OK","data":[]}
❌ [REQUEST FAILED +8.07s] https://mediplanner-atencion.zendesk.com/frontendevents/pv?client=1B752747-577B-429A-A0E0-83861AF69088 — net::ERR_ABORTED
📤 [API REQUEST    +8.10s] POST https://admin-dev.mediplanner.mx/api/wizard/getActiveStep
📤 [API REQUEST    +8.31s] GET https://admin-dev.mediplanner.mx/api/profile/getProfile
📤 [API REQUEST    +8.31s] POST https://admin-dev.mediplanner.mx/api/appointments/getAppointmentTypes
📤 [API REQUEST    +8.31s] POST https://admin-dev.mediplanner.mx/api/wizard/saveStep
✅ [API RESPONSE   +8.30s] (208ms) 200 https://admin-dev.mediplanner.mx/api/wizard/getActiveStep → {"status":"OK","data":{"activeStep":5,"date":"2026-07-31 14:32:19"}}
✅ [API RESPONSE   +8.68s] (365ms) 200 https://admin-dev.mediplanner.mx/api/wizard/saveStep → {"status":"OK","data":{"activeStep":5,"date":"2026-07-31 14:32:41"}}
✅ [API RESPONSE   +8.79s] (481ms) 200 https://admin-dev.mediplanner.mx/api/profile/getProfile → {"status":"OK","data":{"id":467,"sNombre":"Walter","sPaterno":"Hartwell","sMaterno":"White","sCorreo":"dpichardo@rym-sol
📤 [API REQUEST    +8.90s] POST https://admin-dev.mediplanner.mx/api/appointments/getHospitalsByAppointment
📤 [API REQUEST    +8.90s] POST https://admin-dev.mediplanner.mx/api/appointments/getHospitalsByAppointment
📤 [API REQUEST    +8.90s] POST https://admin-dev.mediplanner.mx/api/appointments/getHospitalsByAppointment
✅ [API RESPONSE   +8.90s] (589ms) 200 https://admin-dev.mediplanner.mx/api/appointments/getAppointmentTypes → {"status":"OK","data":[{"doctor_id":467,"relacion_id":1,"cita_nombre":"Consulta inicial","duracion":5,"producto_id":0,"u
✅ [API RESPONSE   +9.30s] (393ms) 200 https://admin-dev.mediplanner.mx/api/appointments/getHospitalsByAppointment → {"status":"OK","data":[{"hospital_id":15,"relacion_id":2,"nombre":"Consultorio Personal","consultorio":"General","activo
✅ [API RESPONSE   +9.30s] (398ms) 200 https://admin-dev.mediplanner.mx/api/appointments/getHospitalsByAppointment → {"status":"OK","data":[{"hospital_id":15,"relacion_id":2,"nombre":"Consultorio Personal","consultorio":"General","activo
✅ [API RESPONSE   +9.30s] (398ms) 200 https://admin-dev.mediplanner.mx/api/appointments/getHospitalsByAppointment → {"status":"OK","data":[{"hospital_id":15,"relacion_id":2,"nombre":"Consultorio Personal","consultorio":"General","activo
❌ [REQUEST FAILED +12.26s] https://www.google-analytics.com/g/collect?v=2&tid=G-ZVKJ9CWYCW&gtm=45je67u0h2v9248896219za200zd9248896219&_p=1785529953089&gcd=13l3l3l3l1l1&npa=0&dma=0&_eu=AEAAAAQ&ae=a&are=1&cid=1772514393.1785529944&frm=0&ngs=1&pscdl=noapi&rcb=10&sr=1536x960&uaa=x86&uab=64&uafvl=Chromium%3B145.0.7632.6%7CNot%253AA-Brand%3B99.0.0.0&uam=&uamb=0&uap=Windows&uapv=10.0&uaw=0&ul=en-us&_s=3&tag_exp=115938466~115938469~118395334~118897920~118897930~119896802&dl=https%3A%2F%2Fadmin-dev.mediplanner.mx%2Fwizard%2Fonboarding&dr=https%3A%2F%2Fadmin-dev.mediplanner.mx%2FDashboard&sid=1785529944&sct=1&seg=1&dt=Mediplanner&en=page_view&_et=6387&tfd=12142 — net::ERR_ABORTED
  x  2 [reportes] › tests\reportes.spec.ts:37:5 › Reportes: cargar KPIs/Top 10, filtrar por rango de fechas y ver "Ingresos recientes" (14.0s)


  1) [reportes] › tests\reportes.spec.ts:37:5 › Reportes: cargar KPIs/Top 10, filtrar por rango de fechas y ver "Ingresos recientes" › Ir a Reportes desde el sidebar (no vía URL directa) 

    Error: [2mexpect([22m[31mpage[39m[2m).[22mtoHaveURL[2m([22m[32mexpected[39m[2m)[22m failed

    Expected pattern: [32m/\/reportes\/reporteFacturas/i[39m
    Received string:  [31m"https://admin-dev.mediplanner.mx/wizard/onboarding"[39m
    Timeout: 5000ms

    Call log:
    [2m  - Expect "toHaveURL" with timeout 5000ms[22m
    [2m    9 × unexpected value "https://admin-dev.mediplanner.mx/wizard/onboarding"[22m


      48 |   await test.step('Ir a Reportes desde el sidebar (no vía URL directa)', async () => {
      49 |     await goToReportes(page);
    > 50 |     await expect(page).toHaveURL(/\/reportes\/reporteFacturas/i);
         |                        ^
      51 |     await expect(page.getByRole('heading', { name: 'Reportes' })).toBeVisible({ timeout: 10000 });
      52 |   });
      53 |
        at C:\Users\pandr\OneDrive\00_Pedro_Quijada\03_RYM-Solutions\Repositorios\MediplannerWebNuevo\tests\reportes.spec.ts:50:24
        at C:\Users\pandr\OneDrive\00_Pedro_Quijada\03_RYM-Solutions\Repositorios\MediplannerWebNuevo\tests\reportes.spec.ts:48:3

    attachment #1: screenshot (image/png) ──────────────────────────────────────────────────────────
    test-results\reportes-Reportes-cargar-K-13d72-s-y-ver-Ingresos-recientes--reportes\test-failed-1.png
    ────────────────────────────────────────────────────────────────────────────────────────────────

    Error Context: test-results\reportes-Reportes-cargar-K-13d72-s-y-ver-Ingresos-recientes--reportes\error-context.md

  1 failed
    [reportes] › tests\reportes.spec.ts:37:5 › Reportes: cargar KPIs/Top 10, filtrar por rango de fechas y ver "Ingresos recientes" 
  1 passed (24.9s)
=== FIN PROYECTO vuelta=3 proyecto=reportes exit=1 14:32:46 ===
=== INICIO PROYECTO vuelta=3 proyecto=ajustes-servicios 14:32:46 ===
[dotenv@17.3.1] injecting env (4) from .env -- tip: ⚡️ secrets for agents: https://dotenvx.com/as2

Running 2 tests using 1 worker

[dotenv@17.3.1] injecting env (0) from .env -- tip: 🤖 agentic secret storage: https://dotenvx.com/as2
🔐 Iniciando proceso de autenticación...
🌐 URL base: https://admin-dev.mediplanner.mx/
📧 Email: dr.***@gmail.com
✅ Navegación exitosa a la página principal
⏳ Esperando formulario de login...
✅ Formulario de login detectado
✅ Campo email llenado
✅ Campo contraseña llenado
✅ Botón de login clickeado
✅ Página principal cargada
✅ Autenticación exitosa - Redirigido fuera de login
✅ Sesión guardada en storageState.json
  ok 1 [setup] › tests\auth.setup.ts:7:6 › authenticate (5.2s)
[dotenv@17.3.1] injecting env (0) from .env -- tip: 🔐 prevent committing .env to code: https://dotenvx.com/precommit
❌ [REQUEST FAILED +0.79s] https://www.google-analytics.com/g/collect?v=2&tid=G-ZVKJ9CWYCW&gtm=45je67t1v9248896219za200zd9248896219&_p=1785529977209&gcd=13l3l3l3l1l1&npa=0&dma=0&_eu=AAAAAAQ&are=1&cid=549922751.1785529971&frm=0&ngs=1&pscdl=noapi&rcb=14&sr=1536x960&uaa=x86&uab=64&uafvl=Chromium%3B145.0.7632.6%7CNot%253AA-Brand%3B99.0.0.0&uam=&uamb=0&uap=Windows&uapv=10.0&uaw=0&ul=en-us&_s=1&tag_exp=115616986~115938466~115938468~118897920~118897930~119527020~119896803&sid=1785529970&sct=1&seg=1&dl=https%3A%2F%2Fadmin-dev.mediplanner.mx%2FDashboard&dt=Mediplanner&en=page_view&_ee=1&tfd=592 — net::ERR_ABORTED
❌ [REQUEST FAILED +2.11s] https://mediplanner-atencion.zendesk.com/frontendevents/pv?client=1B752747-577B-429A-A0E0-83861AF69088 — net::ERR_ABORTED
📤 [API REQUEST    +5.01s] POST https://admin-dev.mediplanner.mx/api/permissions/getPermissions
📤 [API REQUEST    +5.01s] GET https://admin-dev.mediplanner.mx/api/profile/getProfile
✅ [API RESPONSE   +5.57s] (555ms) 200 https://admin-dev.mediplanner.mx/api/permissions/getPermissions → {"status":"OK","data":[{"id":1,"name":"Consultar","module":"Usuarios","module_id":1,"active":false},{"id":2,"name":"Crea
❌ [REQUEST FAILED +5.70s] https://www.google-analytics.com/g/collect?v=2&tid=G-ZVKJ9CWYCW&gtm=45je67t1v9248896219za200zd9248896219&_p=1785529977209&gcd=13l3l3l3l1l1&npa=0&dma=0&_eu=AEAAAAQ&ae=a&are=1&cid=549922751.1785529971&frm=0&ngs=1&pscdl=noapi&rcb=14&sr=1536x960&uaa=x86&uab=64&uafvl=Chromium%3B145.0.7632.6%7CNot%253AA-Brand%3B99.0.0.0&uam=&uamb=0&uap=Windows&uapv=10.0&uaw=0&ul=en-us&_s=2&tag_exp=115616986~115938466~115938468~118897920~118897930~119527020~119896803&sid=1785529970&sct=1&seg=1&dl=https%3A%2F%2Fadmin-dev.mediplanner.mx%2FDashboard&dt=Mediplanner&en=scroll&epn.percent_scrolled=90&_et=5&tfd=5602 — net::ERR_ABORTED
❌ [REQUEST FAILED +5.72s] https://mediplanner-atencion.zendesk.com/frontendevents/pv?client=1B752747-577B-429A-A0E0-83861AF69088 — net::ERR_ABORTED
✅ [API RESPONSE   +5.88s] (866ms) 200 https://admin-dev.mediplanner.mx/api/profile/getProfile → {"status":"OK","data":{"id":467,"sNombre":"Walter","sPaterno":"Hartwell","sMaterno":"White","sCorreo":"dpichardo@rym-sol
📤 [API REQUEST    +5.93s] POST https://admin-dev.mediplanner.mx/api/catalogs/getCatalogs
📤 [API REQUEST    +5.93s] GET https://admin-dev.mediplanner.mx/api/profile/getProfile
📤 [API REQUEST    +5.93s] POST https://admin-dev.mediplanner.mx/api/catalogs/getCatalogs
📤 [API REQUEST    +5.93s] POST https://admin-dev.mediplanner.mx/api/session/getDependents
✅ [API RESPONSE   +6.28s] (354ms) 200 https://admin-dev.mediplanner.mx/api/catalogs/getCatalogs → {"status":"OK","data":{"hospitales":[{"id":1,"name":"Santo Tomas"},{"id":2,"name":"Hospital JFSB"},{"id":3,"name":"Angel
✅ [API RESPONSE   +6.29s] (362ms) 200 https://admin-dev.mediplanner.mx/api/catalogs/getCatalogs → {"status":"OK","data":{"specialties":[{"id":1,"name":"Especialidad prueba act 1"},{"id":2,"name":"Acupuntura"},{"id":3,"
✅ [API RESPONSE   +6.34s] (413ms) 200 https://admin-dev.mediplanner.mx/api/session/getDependents → {"status":"OK","data":{"usuario":{"id":467,"imagen":"https://s3.amazonaws.com/s3.mediplanner.mx/userImages/f0192e7e8977d
📤 [API REQUEST    +6.42s] POST https://admin-dev.mediplanner.mx/api/hospitals/findCp
✅ [API RESPONSE   +6.42s] (489ms) 200 https://admin-dev.mediplanner.mx/api/profile/getProfile → {"status":"OK","data":{"id":467,"sNombre":"Walter","sPaterno":"Hartwell","sMaterno":"White","sCorreo":"dpichardo@rym-sol
✅ [API RESPONSE   +6.78s] (354ms) 200 https://admin-dev.mediplanner.mx/api/hospitals/findCp → {"status":"OK","data":{"neighborhoods":[{"id":102925,"name":"Jurica la Solana"},{"id":102926,"name":"Punta Juriquilla"},
📤 [API REQUEST    +7.84s] POST https://admin-dev.mediplanner.mx/api/services/getServices
✅ [API RESPONSE   +8.28s] (441ms) 200 https://admin-dev.mediplanner.mx/api/services/getServices → {"status":"OK","data":[{"servicio_id":1,"nombre":"Certificado Médico","duracion":15,"producto_id":239,"unidad_id":2,"obj
❌ [REQUEST FAILED +9.76s] https://mediplanner-atencion.zendesk.com/frontendevents/pv?client=1B752747-577B-429A-A0E0-83861AF69088 — net::ERR_ABORTED
❌ [REQUEST FAILED +11.17s] https://www.google-analytics.com/g/collect?v=2&tid=G-ZVKJ9CWYCW&gtm=45je67t1v9248896219za200zd9248896219&_p=1785529977209&gcd=13l3l3l3l1l1&npa=0&dma=0&_eu=AEAAAAQ&ae=a&are=1&cid=549922751.1785529971&frm=0&ngs=1&pscdl=noapi&rcb=14&sr=1536x960&uaa=x86&uab=64&uafvl=Chromium%3B145.0.7632.6%7CNot%253AA-Brand%3B99.0.0.0&uam=&uamb=0&uap=Windows&uapv=10.0&uaw=0&ul=en-us&tag_exp=115616986~115938466~115938468~118897920~118897930~119527020~119896803&dl=https%3A%2F%2Fadmin-dev.mediplanner.mx%2Fperfil%2FUsuario&dr=https%3A%2F%2Fadmin-dev.mediplanner.mx%2FDashboard&sid=1785529970&sct=1&seg=1&dt=Mediplanner&_s=3&tfd=11081 — net::ERR_ABORTED
📤 [API REQUEST    +12.02s] POST https://admin-dev.mediplanner.mx/api/catalogs/getCatalogs
✅ [API RESPONSE   +12.18s] (161ms) 200 https://admin-dev.mediplanner.mx/api/catalogs/getCatalogs → {"status":"OK","data":{"tipos_objeto_impuesto":[{"id":1,"name":"No objeto de impuesto","clave":"01"},{"id":2,"name":"Si 
📤 [API REQUEST    +13.46s] POST https://admin-dev.mediplanner.mx/api/services/saveService
📤 [API REQUEST    +13.89s] POST https://admin-dev.mediplanner.mx/api/services/getHospitalsByService
❌ [REQUEST FAILED +13.92s] https://mediplanner-atencion.zendesk.com/frontendevents/pv?client=1B752747-577B-429A-A0E0-83861AF69088 — net::ERR_ABORTED
✅ [API RESPONSE   +13.88s] (421ms) 200 https://admin-dev.mediplanner.mx/api/services/saveService → {"status":"OK","data":{"message":"Servicio guardado correctamente","id_servicio":11}}
✅ [API RESPONSE   +14.14s] (249ms) 200 https://admin-dev.mediplanner.mx/api/services/getHospitalsByService → {"status":"OK","data":[{"hospital_id":2,"nombre":"Consultorio Personal","precio":0},{"hospital_id":3,"nombre":"Hospital 
❌ [REQUEST FAILED +15.62s] https://www.google-analytics.com/g/collect?v=2&tid=G-ZVKJ9CWYCW&gtm=45je67t1v9248896219za200zd9248896219&_p=1785529977209&gcd=13l3l3l3l1l1&npa=0&dma=0&_eu=AEAAAAQ&ae=a&are=1&cid=549922751.1785529971&frm=0&ngs=1&pscdl=noapi&rcb=14&sr=1536x960&uaa=x86&uab=64&uafvl=Chromium%3B145.0.7632.6%7CNot%253AA-Brand%3B99.0.0.0&uam=&uamb=0&uap=Windows&uapv=10.0&uaw=0&ul=en-us&_s=4&tag_exp=115616986~115938466~115938468~118897920~118897930~119527020~119896803&dl=https%3A%2F%2Fadmin-dev.mediplanner.mx%2Fperfil%2FedicionServicio&dr=https%3A%2F%2Fadmin-dev.mediplanner.mx%2Fperfil%2FServicios&sid=1785529970&sct=1&seg=1&dt=Mediplanner&en=page_view&_et=4149&tfd=15580 — net::ERR_ABORTED
❌ [REQUEST FAILED +15.62s] https://p.clarity.ms/collect — net::ERR_ABORTED
❌ [REQUEST FAILED +15.62s] https://www.google-analytics.com/g/collect?v=2&tid=G-ZVKJ9CWYCW&gtm=45je67t1v9248896219za200zd9248896219&_p=1785529977209&gcd=13l3l3l3l1l1&npa=0&dma=0&_eu=AAAAAAQ&are=1&cid=549922751.1785529971&frm=0&ngs=1&pscdl=noapi&rcb=14&sr=1536x960&uaa=x86&uab=64&uafvl=Chromium%3B145.0.7632.6%7CNot%253AA-Brand%3B99.0.0.0&uam=&uamb=0&uap=Windows&uapv=10.0&uaw=0&ul=en-us&_s=5&tag_exp=115616986~115938466~115938468~118897920~118897930~119527020~119896803&sid=1785529970&sct=1&seg=1&dl=https%3A%2F%2Fadmin-dev.mediplanner.mx%2Fperfil%2FedicionServicio&dr=https%3A%2F%2Fadmin-dev.mediplanner.mx%2Fperfil%2FServicios&dt=Mediplanner&en=user_engagement&_et=2718&tfd=15581 — net::ERR_ABORTED
❌ [REQUEST FAILED +15.99s] https://www.google-analytics.com/g/collect?v=2&tid=G-ZVKJ9CWYCW&gtm=45je67t1v9248896219za200zd9248896219&_p=1785529992700&gcd=13l3l3l3l1l1&npa=0&dma=0&_eu=AAAAAAQ&are=1&cid=549922751.1785529971&frm=0&ngs=1&pscdl=noapi&rcb=1&sr=1536x960&uaa=x86&uab=64&uafvl=Chromium%3B145.0.7632.6%7CNot%253AA-Brand%3B99.0.0.0&uam=&uamb=0&uap=Windows&uapv=10.0&uaw=0&ul=en-us&_s=1&tag_exp=115616985~115938466~115938469~118897920~118897930~119896802&sid=1785529970&sct=1&seg=1&dl=https%3A%2F%2Fadmin-dev.mediplanner.mx%2Fperfil%2FServicios&dt=Mediplanner&en=page_view&_ee=1&tfd=504 — net::ERR_ABORTED
📤 [API REQUEST    +16.02s] POST https://admin-dev.mediplanner.mx/api/permissions/getPermissions
📤 [API REQUEST    +16.02s] GET https://admin-dev.mediplanner.mx/api/profile/getProfile
📤 [API REQUEST    +16.02s] POST https://admin-dev.mediplanner.mx/api/services/getServices
❌ [REQUEST FAILED +16.05s] https://mediplanner-atencion.zendesk.com/frontendevents/pv?client=1B752747-577B-429A-A0E0-83861AF69088 — net::ERR_ABORTED
❌ [REQUEST FAILED +16.06s] https://mediplanner-atencion.zendesk.com/embeddable/config — net::ERR_ABORTED
✅ [API RESPONSE   +16.32s] (297ms) 200 https://admin-dev.mediplanner.mx/api/services/getServices → {"status":"OK","data":[{"servicio_id":1,"nombre":"Certificado Médico","duracion":15,"producto_id":239,"unidad_id":2,"obj
   Servicio "QA_TEST_SERVICIO_NO_BORRAR_1785529976267" encontrado en getServices: false
✅ [API RESPONSE   +16.47s] (456ms) 200 https://admin-dev.mediplanner.mx/api/profile/getProfile → {"status":"OK","data":{"id":467,"sNombre":"Walter","sPaterno":"Hartwell","sMaterno":"White","sCorreo":"dpichardo@rym-sol
✅ [API RESPONSE   +16.48s] (458ms) 200 https://admin-dev.mediplanner.mx/api/permissions/getPermissions → {"status":"OK","data":[{"id":1,"name":"Consultar","module":"Usuarios","module_id":1,"active":false},{"id":2,"name":"Crea

══════════════════════════════════════════════════════════════════════
📊  RESUMEN DEVTOOLS MONITOR
══════════════════════════════════════════════════════════════════════
⏱️  Duración total:         16.5s
📤  API Requests enviados:  14
✅  Responses exitosas:     14
🟠  Responses con error:    0
🔴  Errores de JS/consola:  13
🟡  Warnings de consola:    0

── Errores detectados ──────────────────────────────────────────────
  [1] +0.79s → net::ERR_ABORTED
  [2] +2.11s → net::ERR_ABORTED
  [3] +5.70s → net::ERR_ABORTED
  [4] +5.72s → net::ERR_ABORTED
  [5] +9.76s → net::ERR_ABORTED
  [6] +11.17s → net::ERR_ABORTED
  [7] +13.92s → net::ERR_ABORTED
  [8] +15.62s → net::ERR_ABORTED
  [9] +15.62s → net::ERR_ABORTED
  [10] +15.62s → net::ERR_ABORTED
  [11] +15.99s → net::ERR_ABORTED
  [12] +16.05s → net::ERR_ABORTED
  [13] +16.06s → net::ERR_ABORTED
══════════════════════════════════════════════════════════════════════


──────────────────────────────────────────────────────────────────────
🔎  RESUMEN FAIL DETECTION (Ajustes › Servicios)
──────────────────────────────────────────────────────────────────────
   Errores de consola REALES:     0
   APIs de Servicios fallidas:    0
──────────────────────────────────────────────────────────────────────

  x  2 [ajustes-servicios] › tests\ajustes.servicios.spec.ts:44:5 › Ajustes › Servicios: catálogo carga, filtro "Sólo activos" y alta de un servicio (17.1s)


  1) [ajustes-servicios] › tests\ajustes.servicios.spec.ts:44:5 › Ajustes › Servicios: catálogo carga, filtro "Sólo activos" y alta de un servicio 

    Error: El servicio "QA_TEST_SERVICIO_NO_BORRAR_1785529976267" no apareció en getServices tras guardar — falso registro

    [2mexpect([22m[31mreceived[39m[2m).[22mtoBe[2m([22m[32mexpected[39m[2m) // Object.is equality[22m

    Expected: [32mtrue[39m
    Received: [31mfalse[39m

      150 |
      151 |   expect(serviciosApiFailures, `Alguna API de Servicios falló: ${serviciosApiFailures.join(', ')}`).toEqual([]);
    > 152 |   expect(servicioEncontrado, `El servicio "${NOMBRE_SERVICIO_QA}" no apareció en getServices tras guardar — falso registro`).toBe(true);
          |                                                                                                                              ^
      153 | });
      154 |
        at C:\Users\pandr\OneDrive\00_Pedro_Quijada\03_RYM-Solutions\Repositorios\MediplannerWebNuevo\tests\ajustes.servicios.spec.ts:152:126

    attachment #1: screenshot (image/png) ──────────────────────────────────────────────────────────
    test-results\ajustes.servicios-Ajustes--7a2e0-tivos-y-alta-de-un-servicio-ajustes-servicios\test-failed-1.png
    ────────────────────────────────────────────────────────────────────────────────────────────────

    Error Context: test-results\ajustes.servicios-Ajustes--7a2e0-tivos-y-alta-de-un-servicio-ajustes-servicios\error-context.md

  1 failed
    [ajustes-servicios] › tests\ajustes.servicios.spec.ts:44:5 › Ajustes › Servicios: catálogo carga, filtro "Sólo activos" y alta de un servicio 
  1 passed (26.1s)
=== FIN PROYECTO vuelta=3 proyecto=ajustes-servicios exit=1 14:33:14 ===
=== INICIO PROYECTO vuelta=3 proyecto=percentil-explorar 14:33:14 ===
[dotenv@17.3.1] injecting env (4) from .env -- tip: ⚙️  specify custom .env file path with { path: '/custom/path/.env' }

Running 2 tests using 1 worker

[dotenv@17.3.1] injecting env (0) from .env -- tip: ⚙️  suppress all logs with { quiet: true }
🔐 Iniciando proceso de autenticación...
🌐 URL base: https://admin-dev.mediplanner.mx/
📧 Email: dr.***@gmail.com
✅ Navegación exitosa a la página principal
⏳ Esperando formulario de login...
✅ Formulario de login detectado
✅ Campo email llenado
✅ Campo contraseña llenado
✅ Botón de login clickeado
✅ Página principal cargada
✅ Autenticación exitosa - Redirigido fuera de login
✅ Sesión guardada en storageState.json
  ok 1 [setup] › tests\auth.setup.ts:7:6 › authenticate (5.8s)
[dotenv@17.3.1] injecting env (0) from .env -- tip: ⚙️  enable debug logging with { debug: true }
❌ [REQUEST FAILED +1.10s] https://www.google-analytics.com/g/collect?v=2&tid=G-ZVKJ9CWYCW&gtm=45je67t1h1v9248896219za200zd9248896219&_p=1785530005719&gcd=13l3l3l3l1l1&npa=0&dma=0&_eu=AAAAAAQ&are=1&cid=1970490451.1785529998&frm=0&ngs=1&pscdl=noapi&rcb=19&sr=1536x960&uaa=x86&uab=64&uafvl=Chromium%3B145.0.7632.6%7CNot%253AA-Brand%3B99.0.0.0&uam=&uamb=0&uap=Windows&uapv=10.0&uaw=0&ul=en-us&_s=1&tag_exp=115616985~115938465~115938469~118012007~118897920~118897930~119527020~119896803&sid=1785529998&sct=1&seg=1&dl=https%3A%2F%2Fadmin-dev.mediplanner.mx%2FPacientes&dt=Mediplanner&en=page_view&_ee=1&tfd=943 — net::ERR_ABORTED
❌ [REQUEST FAILED +2.54s] https://mediplanner-atencion.zendesk.com/frontendevents/pv?client=1B752747-577B-429A-A0E0-83861AF69088 — net::ERR_ABORTED
🔎 Buscando "percentil" en el campo "Buscar Usuarios"...
❌ [REQUEST FAILED +6.04s] https://www.google-analytics.com/g/collect?v=2&tid=G-ZVKJ9CWYCW&gtm=45je67t1h1v9248896219za200zd9248896219&_p=1785530005719&gcd=13l3l3l3l1l1&npa=0&dma=0&_eu=AEAAAAQ&ae=a&are=1&cid=1970490451.1785529998&frm=0&ngs=1&pscdl=noapi&rcb=19&sr=1536x960&uaa=x86&uab=64&uafvl=Chromium%3B145.0.7632.6%7CNot%253AA-Brand%3B99.0.0.0&uam=&uamb=0&uap=Windows&uapv=10.0&uaw=0&ul=en-us&_s=2&tag_exp=115616985~115938465~115938469~118012007~118897920~118897930~119527020~119896803&sid=1785529998&sct=1&seg=1&dl=https%3A%2F%2Fadmin-dev.mediplanner.mx%2FPacientes&dt=Mediplanner&en=scroll&epn.percent_scrolled=90&_et=5&tfd=5951 — net::ERR_ABORTED
📤 [API REQUEST    +9.96s] POST https://admin-dev.mediplanner.mx/api/permissions/getPermissions
📤 [API REQUEST    +9.96s] GET https://admin-dev.mediplanner.mx/api/profile/getProfile
✅ [API RESPONSE   +10.38s] (427ms) 200 https://admin-dev.mediplanner.mx/api/permissions/getPermissions → {"status":"OK","data":[{"id":1,"name":"Consultar","module":"Usuarios","module_id":1,"active":false},{"id":2,"name":"Crea
✅ [API RESPONSE   +10.40s] (439ms) 200 https://admin-dev.mediplanner.mx/api/profile/getProfile → {"status":"OK","data":{"id":467,"sNombre":"Walter","sPaterno":"Hartwell","sMaterno":"White","sCorreo":"dpichardo@rym-sol
📤 [API REQUEST    +10.46s] POST https://admin-dev.mediplanner.mx/api/patients/getPatients
✅ [API RESPONSE   +12.68s] (2225ms) 200 https://admin-dev.mediplanner.mx/api/patients/getPatients → {"status":"OK","data":{"patients":[{"id":903,"iUsuarioDrId":467,"sImagen":"","sNombre":"Percentil","sPaterno":"Prueba","
  x  2 [percentil-explorar] › tests\percentil.explorar.spec.js:9:1 › Buscar paciente y mapear acciones (25.0s)


  1) [percentil-explorar] › tests\percentil.explorar.spec.js:9:1 › Buscar paciente y mapear acciones 

    TimeoutError: locator.waitFor: Timeout 20000ms exceeded.
    Call log:
    [2m  - waiting for locator('input[placeholder="Buscar Usuarios"]').first() to be visible[22m


      17 |   console.log(`🔎 Buscando "${PACIENTE}" en el campo "Buscar Usuarios"...`);
      18 |   const buscar = page.locator('input[placeholder="Buscar Usuarios"]').first();
    > 19 |   await buscar.waitFor({ state: 'visible', timeout: 20000 });
         |                ^
      20 |   await buscar.click();
      21 |   await buscar.fill(PACIENTE);
      22 |   await page.waitForTimeout(3000);
        at C:\Users\pandr\OneDrive\00_Pedro_Quijada\03_RYM-Solutions\Repositorios\MediplannerWebNuevo\tests\percentil.explorar.spec.js:19:16

    attachment #1: screenshot (image/png) ──────────────────────────────────────────────────────────
    test-results\percentil.explorar-Buscar-paciente-y-mapear-acciones-percentil-explorar\test-failed-1.png
    ────────────────────────────────────────────────────────────────────────────────────────────────

    Error Context: test-results\percentil.explorar-Buscar-paciente-y-mapear-acciones-percentil-explorar\error-context.md

  1 failed
    [percentil-explorar] › tests\percentil.explorar.spec.js:9:1 › Buscar paciente y mapear acciones 
  1 passed (34.4s)
=== FIN PROYECTO vuelta=3 proyecto=percentil-explorar exit=1 14:33:50 ===
=== INICIO PROYECTO vuelta=3 proyecto=vacunacion-ciclo-completo 14:33:50 ===
[dotenv@17.3.1] injecting env (4) from .env -- tip: 🔐 prevent building .env in docker: https://dotenvx.com/prebuild

Running 2 tests using 1 worker

[dotenv@17.3.1] injecting env (0) from .env -- tip: ⚙️  specify custom .env file path with { path: '/custom/path/.env' }
🔐 Iniciando proceso de autenticación...
🌐 URL base: https://admin-dev.mediplanner.mx/
📧 Email: dr.***@gmail.com
✅ Navegación exitosa a la página principal
⏳ Esperando formulario de login...
✅ Formulario de login detectado
✅ Campo email llenado
✅ Campo contraseña llenado
✅ Botón de login clickeado
✅ Página principal cargada
✅ Autenticación exitosa - Redirigido fuera de login
✅ Sesión guardada en storageState.json
  ok 1 [setup] › tests\auth.setup.ts:7:6 › authenticate (5.3s)
[dotenv@17.3.1] injecting env (0) from .env -- tip: ⚙️  enable debug logging with { debug: true }
❌ [REQUEST FAILED +0.70s] https://www.google-analytics.com/g/collect?v=2&tid=G-ZVKJ9CWYCW&gtm=45je67t1v9248896219za200zd9248896219&_p=1785530040841&gcd=13l3l3l3l1l1&npa=0&dma=0&_eu=AAAAAAQ&are=1&cid=1793014710.1785530034&frm=0&ngs=1&pscdl=noapi&rcb=9&sr=1536x960&uaa=x86&uab=64&uafvl=Chromium%3B145.0.7632.6%7CNot%253AA-Brand%3B99.0.0.0&uam=&uamb=0&uap=Windows&uapv=10.0&uaw=0&ul=en-us&_s=1&tag_exp=115938466~115938469~118897920~118897930~119527020~119896803&sid=1785530034&sct=1&seg=1&dl=https%3A%2F%2Fadmin-dev.mediplanner.mx%2FPacientes&dt=Mediplanner&en=page_view&_ee=1&tfd=561 — net::ERR_ABORTED
❌ [REQUEST FAILED +2.42s] https://mediplanner-atencion.zendesk.com/frontendevents/pv?client=1B752747-577B-429A-A0E0-83861AF69088 — net::ERR_ABORTED
❌ [REQUEST FAILED +5.66s] https://www.google-analytics.com/g/collect?v=2&tid=G-ZVKJ9CWYCW&gtm=45je67t1v9248896219za200zd9248896219&_p=1785530040841&gcd=13l3l3l3l1l1&npa=0&dma=0&_eu=AEAAAAQ&ae=a&are=1&cid=1793014710.1785530034&frm=0&ngs=1&pscdl=noapi&rcb=9&sr=1536x960&uaa=x86&uab=64&uafvl=Chromium%3B145.0.7632.6%7CNot%253AA-Brand%3B99.0.0.0&uam=&uamb=0&uap=Windows&uapv=10.0&uaw=0&ul=en-us&_s=2&tag_exp=115938466~115938469~118897920~118897930~119527020~119896803&sid=1785530034&sct=1&seg=1&dl=https%3A%2F%2Fadmin-dev.mediplanner.mx%2FPacientes&dt=Mediplanner&en=scroll&epn.percent_scrolled=90&_et=4&tfd=5577 — net::ERR_ABORTED
📤 [API REQUEST    +5.83s] POST https://admin-dev.mediplanner.mx/api/permissions/getPermissions
📤 [API REQUEST    +5.84s] GET https://admin-dev.mediplanner.mx/api/profile/getProfile
✅ [API RESPONSE   +6.24s] (399ms) 200 https://admin-dev.mediplanner.mx/api/profile/getProfile → {"status":"OK","data":{"id":467,"sNombre":"Walter","sPaterno":"Hartwell","sMaterno":"White","sCorreo":"dpichardo@rym-sol
✅ [API RESPONSE   +6.46s] (628ms) 200 https://admin-dev.mediplanner.mx/api/permissions/getPermissions → {"status":"OK","data":[{"id":1,"name":"Consultar","module":"Usuarios","module_id":1,"active":false},{"id":2,"name":"Crea
📤 [API REQUEST    +6.48s] POST https://admin-dev.mediplanner.mx/api/patients/getPatients
✅ [API RESPONSE   +7.18s] (699ms) 200 https://admin-dev.mediplanner.mx/api/patients/getPatients → {"status":"OK","data":{"patients":[{"id":903,"iUsuarioDrId":467,"sImagen":"","sNombre":"Percentil","sPaterno":"Prueba","
📤 [API REQUEST    +7.65s] POST https://admin-dev.mediplanner.mx/api/patients/getPatients
✅ [API RESPONSE   +8.82s] (1176ms) 200 https://admin-dev.mediplanner.mx/api/patients/getPatients → {"status":"OK","data":{"patients":[{"id":903,"iUsuarioDrId":467,"sImagen":"","sNombre":"Percentil","sPaterno":"Prueba","
📤 [API REQUEST    +10.98s] GET https://admin-dev.mediplanner.mx/api/profile/getProfile
📤 [API REQUEST    +10.98s] POST https://admin-dev.mediplanner.mx/api/appointments/getAppointmentTypes
📤 [API REQUEST    +10.98s] POST https://admin-dev.mediplanner.mx/api/consultations/getRecentVitalSigns
📤 [API REQUEST    +10.98s] POST https://admin-dev.mediplanner.mx/api/patients/getPatient
✅ [API RESPONSE   +11.52s] (540ms) 200 https://admin-dev.mediplanner.mx/api/consultations/getRecentVitalSigns → {"status":"OK","data":{"presion":"120","oxigenacion":"99","temperatura":"36.5","peso":"77","imc":"23.25","frecuencia_car
✅ [API RESPONSE   +11.69s] (705ms) 200 https://admin-dev.mediplanner.mx/api/appointments/getAppointmentTypes → {"status":"OK","data":[{"doctor_id":467,"relacion_id":1,"cita_nombre":"Consulta inicial","duracion":5,"producto_id":0,"u
✅ [API RESPONSE   +11.69s] (707ms) 200 https://admin-dev.mediplanner.mx/api/profile/getProfile → {"status":"OK","data":{"id":467,"sNombre":"Walter","sPaterno":"Hartwell","sMaterno":"White","sCorreo":"dpichardo@rym-sol
✅ [API RESPONSE   +11.76s] (777ms) 200 https://admin-dev.mediplanner.mx/api/patients/getPatient → {"status":"OK","data":{"id":894,"iEstatusId":2,"sEstatus":"Aceptada","sImagen":"https://s3.amazonaws.com/s3.mediplanner.
❌ [REQUEST FAILED +12.17s] https://mediplanner-atencion.zendesk.com/frontendevents/pv?client=1B752747-577B-429A-A0E0-83861AF69088 — net::ERR_ABORTED
📤 [API REQUEST    +13.95s] POST https://admin-dev.mediplanner.mx/api/catalogs/getCatalogs
📤 [API REQUEST    +13.95s] POST https://admin-dev.mediplanner.mx/api/patients/getPatient
✅ [API RESPONSE   +14.18s] (237ms) 200 https://admin-dev.mediplanner.mx/api/catalogs/getCatalogs → {"status":"OK","data":{"tipos_sexo":[{"id":1,"name":"Masculino"},{"id":2,"name":"Femenino"}],"tipos_estado_civil":[{"id"
📤 [API REQUEST    +14.28s] POST https://admin-dev.mediplanner.mx/api/vaccines/getVaccines
📤 [API REQUEST    +15.01s] POST https://admin-dev.mediplanner.mx/api/patients/getPatient
✅ [API RESPONSE   +15.00s] (726ms) 200 https://admin-dev.mediplanner.mx/api/vaccines/getVaccines → {"status":"OK","data":[{"tipo":"Básicas","tipo_id":1,"vacunas":[{"id":1,"nombre":"BCG","descripcion":"Protege contra la 
✅ [API RESPONSE   +15.01s] (1065ms) 200 https://admin-dev.mediplanner.mx/api/patients/getPatient → {"status":"OK","data":{"id":894,"iEstatusId":2,"sEstatus":"Aceptada","sImagen":"https://s3.amazonaws.com/s3.mediplanner.
📤 [API REQUEST    +15.40s] POST https://admin-dev.mediplanner.mx/api/vaccines/getVaccinesUser
✅ [API RESPONSE   +15.40s] (395ms) 200 https://admin-dev.mediplanner.mx/api/patients/getPatient → {"status":"OK","data":{"id":894,"iEstatusId":2,"sEstatus":"Aceptada","sImagen":"https://s3.amazonaws.com/s3.mediplanner.
✅ [API RESPONSE   +16.82s] (1415ms) 200 https://admin-dev.mediplanner.mx/api/vaccines/getVaccinesUser → {"status":"OK","data":[[{"id":5,"secuencia":52,"nombre":"HEXAVALENTE","descripcion":"Protege Difteria, Tétanos, Tos feri
📊 Inicial → dosis registradas: 32, filas otra-vacuna: 32
   📝 [HALLAZGO] No apareció "Guardar cambios" tras borrar dosis (¿la cartilla persiste de otro modo?)
🗑️ Borrado de dosis (clic rápido + guardado batch):
     Dosis iniciales:                 0
     Clics dados en ×:                0
     saveVaccinesUser por-clic (200): 0  (esperado 0: el borrado no auto-guarda)
     saveVaccinesUser de "Guardar":   0
     Botones × restantes:             0
❌ [REQUEST FAILED +21.86s] https://www.google-analytics.com/g/collect?v=2&tid=G-ZVKJ9CWYCW&gtm=45je67t1v9248896219za200zd9248896219&_p=1785530040841&gcd=13l3l3l3l1l1&npa=0&dma=0&_eu=AEAAAAQ&ae=a&are=1&cid=1793014710.1785530034&frm=0&ngs=1&pscdl=noapi&rcb=9&sr=1536x960&uaa=x86&uab=64&uafvl=Chromium%3B145.0.7632.6%7CNot%253AA-Brand%3B99.0.0.0&uam=&uamb=0&uap=Windows&uapv=10.0&uaw=0&ul=en-us&_s=3&tag_exp=115938466~115938469~118897920~118897930~119527020~119896803&dl=https%3A%2F%2Fadmin-dev.mediplanner.mx%2FPacientes%2FDashboard&dr=https%3A%2F%2Fadmin-dev.mediplanner.mx%2FPacientes&sid=1785530034&sct=1&seg=1&dt=Mediplanner&en=page_view&_et=11218&tfd=16791 — net::ERR_ABORTED
🗑️ Borrado otra-vacuna: filas iniciales=32, clics=30, restantes=32
❌ [REQUEST FAILED +86.84s] https://www.google-analytics.com/g/collect?v=2&tid=G-ZVKJ9CWYCW&gtm=45je67t1v9248896219za200zd9248896219&_p=1785530040841&gcd=13l3l3l3l1l1&npa=0&dma=0&_eu=AAAAAAQ&are=1&cid=1793014710.1785530034&frm=0&ngs=1&pscdl=noapi&rcb=9&sr=1536x960&uaa=x86&uab=64&uafvl=Chromium%3B145.0.7632.6%7CNot%253AA-Brand%3B99.0.0.0&uam=&uamb=0&uap=Windows&uapv=10.0&uaw=0&ul=en-us&_s=4&tag_exp=115938466~115938469~118897920~118897930~119527020~119896803&sid=1785530034&sct=1&seg=1&dl=https%3A%2F%2Fadmin-dev.mediplanner.mx%2FPacientes%2FDashboard&dr=https%3A%2F%2Fadmin-dev.mediplanner.mx%2FPacientes&dt=Mediplanner&en=user_engagement&_et=75020&tfd=86806 — net::ERR_ABORTED
❌ [REQUEST FAILED +86.84s] https://p.clarity.ms/collect — net::ERR_ABORTED
📤 [API REQUEST    +87.21s] POST https://admin-dev.mediplanner.mx/api/permissions/getPermissions
📤 [API REQUEST    +87.21s] GET https://admin-dev.mediplanner.mx/api/profile/getProfile
📤 [API REQUEST    +87.21s] POST https://admin-dev.mediplanner.mx/api/patients/getPatients
❌ [REQUEST FAILED +87.23s] https://mediplanner-atencion.zendesk.com/frontendevents/pv?client=1B752747-577B-429A-A0E0-83861AF69088 — net::ERR_ABORTED
❌ [REQUEST FAILED +87.32s] https://www.google-analytics.com/g/collect?v=2&tid=G-ZVKJ9CWYCW&gtm=45je67t1v9248896219za200zd9248896219&_p=1785530127488&gcd=13l3l3l3l1l1&npa=0&dma=0&_eu=AAAAAAQ&are=1&cid=1793014710.1785530034&frm=0&ngs=1&pscdl=noapi&rcb=3&sr=1536x960&uaa=x86&uab=64&uafvl=Chromium%3B145.0.7632.6%7CNot%253AA-Brand%3B99.0.0.0&uam=&uamb=0&uap=Windows&uapv=10.0&uaw=0&ul=en-us&_s=1&tag_exp=115938466~115938469~118897920~118897930~119896803&sid=1785530034&sct=1&seg=1&dl=https%3A%2F%2Fadmin-dev.mediplanner.mx%2FPacientes&dt=Mediplanner&en=page_view&_ee=1&tfd=537 — net::ERR_ABORTED
❌ [REQUEST FAILED +87.39s] https://mediplanner-atencion.zendesk.com/embeddable/config — net::ERR_ABORTED
✅ [API RESPONSE   +88.22s] (1011ms) 200 https://admin-dev.mediplanner.mx/api/patients/getPatients → {"status":"OK","data":{"patients":[{"id":903,"iUsuarioDrId":467,"sImagen":"","sNombre":"Percentil","sPaterno":"Prueba","
✅ [API RESPONSE   +88.22s] (1014ms) 200 https://admin-dev.mediplanner.mx/api/permissions/getPermissions → {"status":"OK","data":[{"id":1,"name":"Consultar","module":"Usuarios","module_id":1,"active":false},{"id":2,"name":"Crea
✅ [API RESPONSE   +88.22s] (1015ms) 200 https://admin-dev.mediplanner.mx/api/profile/getProfile → {"status":"OK","data":{"id":467,"sNombre":"Walter","sPaterno":"Hartwell","sMaterno":"White","sCorreo":"dpichardo@rym-sol
📤 [API REQUEST    +89.05s] POST https://admin-dev.mediplanner.mx/api/patients/getPatients
✅ [API RESPONSE   +90.31s] (1262ms) 200 https://admin-dev.mediplanner.mx/api/patients/getPatients → {"status":"OK","data":{"patients":[{"id":903,"iUsuarioDrId":467,"sImagen":"","sNombre":"Percentil","sPaterno":"Prueba","
📤 [API REQUEST    +92.19s] GET https://admin-dev.mediplanner.mx/api/profile/getProfile
📤 [API REQUEST    +92.19s] POST https://admin-dev.mediplanner.mx/api/appointments/getAppointmentTypes
📤 [API REQUEST    +92.19s] POST https://admin-dev.mediplanner.mx/api/consultations/getRecentVitalSigns
📤 [API REQUEST    +92.19s] POST https://admin-dev.mediplanner.mx/api/patients/getPatient
❌ [REQUEST FAILED +92.31s] https://www.google-analytics.com/g/collect?v=2&tid=G-ZVKJ9CWYCW&gtm=45je67t1v9248896219za200zd9248896219&_p=1785530127488&gcd=13l3l3l3l1l1&npa=0&dma=0&_eu=AEAAAAQ&ae=a&are=1&cid=1793014710.1785530034&frm=0&ngs=1&pscdl=noapi&rcb=3&sr=1536x960&uaa=x86&uab=64&uafvl=Chromium%3B145.0.7632.6%7CNot%253AA-Brand%3B99.0.0.0&uam=&uamb=0&uap=Windows&uapv=10.0&uaw=0&ul=en-us&_s=2&tag_exp=115938466~115938469~118897920~118897930~119896803&sid=1785530034&sct=1&seg=1&dl=https%3A%2F%2Fadmin-dev.mediplanner.mx%2FPacientes&dt=Mediplanner&en=scroll&epn.percent_scrolled=90&_et=2&tfd=5554 — net::ERR_ABORTED
✅ [API RESPONSE   +93.07s] (878ms) 200 https://admin-dev.mediplanner.mx/api/consultations/getRecentVitalSigns → {"status":"OK","data":{"presion":"120","oxigenacion":"99","temperatura":"36.5","peso":"77","imc":"23.25","frecuencia_car
✅ [API RESPONSE   +93.15s] (958ms) 200 https://admin-dev.mediplanner.mx/api/profile/getProfile → {"status":"OK","data":{"id":467,"sNombre":"Walter","sPaterno":"Hartwell","sMaterno":"White","sCorreo":"dpichardo@rym-sol
✅ [API RESPONSE   +93.15s] (962ms) 200 https://admin-dev.mediplanner.mx/api/appointments/getAppointmentTypes → {"status":"OK","data":[{"doctor_id":467,"relacion_id":1,"cita_nombre":"Consulta inicial","duracion":5,"producto_id":0,"u
✅ [API RESPONSE   +93.20s] (1014ms) 200 https://admin-dev.mediplanner.mx/api/patients/getPatient → {"status":"OK","data":{"id":894,"iEstatusId":2,"sEstatus":"Aceptada","sImagen":"https://s3.amazonaws.com/s3.mediplanner.
📤 [API REQUEST    +93.24s] POST https://admin-dev.mediplanner.mx/api/catalogs/getCatalogs
📤 [API REQUEST    +93.24s] POST https://admin-dev.mediplanner.mx/api/patients/getPatient
❌ [REQUEST FAILED +93.24s] https://mediplanner-atencion.zendesk.com/frontendevents/pv?client=1B752747-577B-429A-A0E0-83861AF69088 — net::ERR_ABORTED
✅ [API RESPONSE   +93.47s] (236ms) 200 https://admin-dev.mediplanner.mx/api/catalogs/getCatalogs → {"status":"OK","data":{"tipos_sexo":[{"id":1,"name":"Masculino"},{"id":2,"name":"Femenino"}],"tipos_estado_civil":[{"id"
✅ [API RESPONSE   +93.68s] (442ms) 200 https://admin-dev.mediplanner.mx/api/patients/getPatient → {"status":"OK","data":{"id":894,"iEstatusId":2,"sEstatus":"Aceptada","sImagen":"https://s3.amazonaws.com/s3.mediplanner.
📤 [API REQUEST    +94.79s] POST https://admin-dev.mediplanner.mx/api/vaccines/getVaccines
📤 [API REQUEST    +95.03s] POST https://admin-dev.mediplanner.mx/api/patients/getPatient
✅ [API RESPONSE   +95.02s] (231ms) 200 https://admin-dev.mediplanner.mx/api/vaccines/getVaccines → {"status":"OK","data":[{"tipo":"Básicas","tipo_id":1,"vacunas":[{"id":1,"nombre":"BCG","descripcion":"Protege contra la 
📤 [API REQUEST    +95.42s] POST https://admin-dev.mediplanner.mx/api/vaccines/getVaccinesUser
✅ [API RESPONSE   +95.42s] (394ms) 200 https://admin-dev.mediplanner.mx/api/patients/getPatient → {"status":"OK","data":{"id":894,"iEstatusId":2,"sEstatus":"Aceptada","sImagen":"https://s3.amazonaws.com/s3.mediplanner.
✅ [API RESPONSE   +95.73s] (305ms) 200 https://admin-dev.mediplanner.mx/api/vaccines/getVaccinesUser → {"status":"OK","data":[[{"id":5,"secuencia":52,"nombre":"HEXAVALENTE","descripcion":"Protege Difteria, Tétanos, Tos feri
❌ [REQUEST FAILED +98.32s] https://www.google-analytics.com/g/collect?v=2&tid=G-ZVKJ9CWYCW&gtm=45je67t1v9248896219za200zd9248896219&_p=1785530127488&gcd=13l3l3l3l1l1&npa=0&dma=0&_eu=AEAAAAQ&ae=a&are=1&cid=1793014710.1785530034&frm=0&ngs=1&pscdl=noapi&rcb=3&sr=1536x960&uaa=x86&uab=64&uafvl=Chromium%3B145.0.7632.6%7CNot%253AA-Brand%3B99.0.0.0&uam=&uamb=0&uap=Windows&uapv=10.0&uaw=0&ul=en-us&_s=3&tag_exp=115938466~115938469~118897920~118897930~119896803&dl=https%3A%2F%2Fadmin-dev.mediplanner.mx%2FPacientes%2FDashboard&dr=https%3A%2F%2Fadmin-dev.mediplanner.mx%2FPacientes&sid=1785530034&sct=1&seg=1&dt=Mediplanner&en=page_view&_et=5915&tfd=11458 — net::ERR_ABORTED
✅ Post-borrado tras refrescar → dosis registradas: 32, filas otra-vacuna: 32
  x  2 [vacunacion-ciclo-completo] › tests\vacunacion.ciclo-completo.spec.ts:154:5 › Vacunación: ciclo completo borrar-todo → vacío → registrar-todo → verificar (1.7m)


  1) [vacunacion-ciclo-completo] › tests\vacunacion.ciclo-completo.spec.ts:154:5 › Vacunación: ciclo completo borrar-todo → vacío → registrar-todo → verificar › VERIFICAR vacío (tras refrescar) 

    Error: Tras borrar y refrescar no debe quedar ninguna dosis registrada

    [2mexpect([22m[31mreceived[39m[2m).[22mtoBe[2m([22m[32mexpected[39m[2m) // Object.is equality[22m

    Expected: [32m0[39m
    Received: [31m32[39m

      264 |     console.log(`✅ Post-borrado tras refrescar → dosis registradas: ${reg}, filas otra-vacuna: ${otras}`);
      265 |     await page.screenshot({ path: 'test-results/vac-ciclo-01-vacio.png', fullPage: true });
    > 266 |     expect(reg, 'Tras borrar y refrescar no debe quedar ninguna dosis registrada').toBe(0);
          |                                                                                    ^
      267 |     if (otras > 0) note(`Tras borrar y refrescar quedaron ${otras} fila(s) de "otra vacuna" (el borrado no persistió)`);
      268 |   });
      269 |
        at C:\Users\pandr\OneDrive\00_Pedro_Quijada\03_RYM-Solutions\Repositorios\MediplannerWebNuevo\tests\vacunacion.ciclo-completo.spec.ts:266:84
        at C:\Users\pandr\OneDrive\00_Pedro_Quijada\03_RYM-Solutions\Repositorios\MediplannerWebNuevo\tests\vacunacion.ciclo-completo.spec.ts:260:3

    attachment #1: screenshot (image/png) ──────────────────────────────────────────────────────────
    test-results\vacunacion.ciclo-completo--2355f--registrar-todo-→-verificar-vacunacion-ciclo-completo\test-failed-1.png
    ────────────────────────────────────────────────────────────────────────────────────────────────

    Error Context: test-results\vacunacion.ciclo-completo--2355f--registrar-todo-→-verificar-vacunacion-ciclo-completo\error-context.md

  1 failed
    [vacunacion-ciclo-completo] › tests\vacunacion.ciclo-completo.spec.ts:154:5 › Vacunación: ciclo completo borrar-todo → vacío → registrar-todo → verificar 
  1 passed (1.8m)
=== FIN PROYECTO vuelta=3 proyecto=vacunacion-ciclo-completo exit=1 14:35:41 ===
=== INICIO PROYECTO vuelta=3 proyecto=subir-estudios 14:35:41 ===
[dotenv@17.3.1] injecting env (4) from .env -- tip: ⚙️  load multiple .env files with { path: ['.env.local', '.env'] }

Running 1 test using 1 worker

[dotenv@17.3.1] injecting env (0) from .env -- tip: ⚙️  load multiple .env files with { path: ['.env.local', '.env'] }
[2026-07-31T20:35:44.559Z] ℹ️  Navegando al Dashboard...
  x  1 [subir-estudios] › tests\subir-estudios.spec.ts:7:7 › Subir Estudios › Acceder a estudios del paciente (32.5s)


  1) [subir-estudios] › tests\subir-estudios.spec.ts:7:7 › Subir Estudios › Acceder a estudios del paciente 

    TimeoutError: page.waitForLoadState: Timeout 30000ms exceeded.

      14 |     await page.goto('/Dashboard');
      15 |     await expect(page).toHaveURL(/Dashboard/);
    > 16 |     await page.waitForLoadState('networkidle');
         |                ^
      17 |     await page.waitForTimeout(2000);
      18 |
      19 |     // 2. Dar clic en "Pacientes" desde la barra lateral
        at C:\Users\pandr\OneDrive\00_Pedro_Quijada\03_RYM-Solutions\Repositorios\MediplannerWebNuevo\tests\subir-estudios.spec.ts:16:16

    attachment #1: screenshot (image/png) ──────────────────────────────────────────────────────────
    test-results\subir-estudios-Subir-Estud-99ee6-der-a-estudios-del-paciente-subir-estudios\test-failed-1.png
    ────────────────────────────────────────────────────────────────────────────────────────────────

    Error Context: test-results\subir-estudios-Subir-Estud-99ee6-der-a-estudios-del-paciente-subir-estudios\error-context.md

  1 failed
    [subir-estudios] › tests\subir-estudios.spec.ts:7:7 › Subir Estudios › Acceder a estudios del paciente 
=== FIN PROYECTO vuelta=3 proyecto=subir-estudios exit=1 14:36:17 ===
=== INICIO PROYECTO vuelta=3 proyecto=stress-diagnosticos 14:36:17 ===
[dotenv@17.3.1] injecting env (4) from .env -- tip: ⚙️  write to custom object with { processEnv: myObject }

Running 2 tests using 1 worker

[dotenv@17.3.1] injecting env (0) from .env -- tip: 🔐 prevent committing .env to code: https://dotenvx.com/precommit
🔐 Iniciando proceso de autenticación...
🌐 URL base: https://admin-dev.mediplanner.mx/
📧 Email: dr.***@gmail.com
✅ Navegación exitosa a la página principal
⏳ Esperando formulario de login...
✅ Formulario de login detectado
✅ Campo email llenado
✅ Campo contraseña llenado
✅ Botón de login clickeado
✅ Página principal cargada
✅ Autenticación exitosa - Redirigido fuera de login
✅ Sesión guardada en storageState.json
  ok 1 [setup] › tests\auth.setup.ts:7:6 › authenticate (6.1s)
[dotenv@17.3.1] injecting env (0) from .env -- tip: ⚙️  enable debug logging with { debug: true }
🔍 [MONITOR] DevTools monitor activo


🚀 === STRESS TEST - DIAGNÓSTICOS DEL PACIENTE ===

📋 Navegando a /Pacientes...
❌ [REQUEST FAILED +1.02s] https://www.google-analytics.com/g/collect?v=2&tid=G-ZVKJ9CWYCW&gtm=45je67t1v9248896219za200zd9248896219&_p=1785530188916&gcd=13l3l3l3l1l1&npa=0&dma=0&_eu=AAAAAAQ&are=1&cid=263477704.1785530182&frm=0&ngs=1&pscdl=noapi&rcb=1&sr=1536x960&uaa=x86&uab=64&uafvl=Chromium%3B145.0.7632.6%7CNot%253AA-Brand%3B99.0.0.0&uam=&uamb=0&uap=Windows&uapv=10.0&uaw=0&ul=en-us&_s=1&tag_exp=115616986~115938465~115938469~118897920~118897930~119896803~120222308&sid=1785530181&sct=1&seg=1&dl=https%3A%2F%2Fadmin-dev.mediplanner.mx%2FPacientes&dt=Mediplanner&en=page_view&_ee=1&tfd=784 — net::ERR_ABORTED
❌ [REQUEST FAILED +2.40s] https://mediplanner-atencion.zendesk.com/frontendevents/pv?client=1B752747-577B-429A-A0E0-83861AF69088 — net::ERR_ABORTED
📋 Buscando paciente: Daniela Jiménez Durán...
📋 ⚠ Paciente no encontrado, seleccionando primero...
📤 [API REQUEST    +5.03s] POST https://admin-dev.mediplanner.mx/api/permissions/getPermissions
📤 [API REQUEST    +5.03s] GET https://admin-dev.mediplanner.mx/api/profile/getProfile
✅ [API RESPONSE   +5.43s] (407ms) 200 https://admin-dev.mediplanner.mx/api/permissions/getPermissions → {"status":"OK","data":[{"id":1,"name":"Consultar","module":"Usuarios","module_id":1,"active":false},{"id":2,"name":"Crea
✅ [API RESPONSE   +5.49s] (462ms) 200 https://admin-dev.mediplanner.mx/api/profile/getProfile → {"status":"OK","data":{"id":467,"sNombre":"Walter","sPaterno":"Hartwell","sMaterno":"White","sCorreo":"dpichardo@rym-sol
📤 [API REQUEST    +5.52s] POST https://admin-dev.mediplanner.mx/api/patients/getPatients
❌ [REQUEST FAILED +5.91s] https://www.google-analytics.com/g/collect?v=2&tid=G-ZVKJ9CWYCW&gtm=45je67t1v9248896219za200zd9248896219&_p=1785530188916&gcd=13l3l3l3l1l1&npa=0&dma=0&_eu=AEAAAAQ&ae=a&are=1&cid=263477704.1785530182&frm=0&ngs=1&pscdl=noapi&rcb=1&sr=1536x960&uaa=x86&uab=64&uafvl=Chromium%3B145.0.7632.6%7CNot%253AA-Brand%3B99.0.0.0&uam=&uamb=0&uap=Windows&uapv=10.0&uaw=0&ul=en-us&_s=2&tag_exp=115616986~115938465~115938469~118897920~118897930~119896803~120222308&sid=1785530181&sct=1&seg=1&dl=https%3A%2F%2Fadmin-dev.mediplanner.mx%2FPacientes&dt=Mediplanner&en=scroll&epn.percent_scrolled=90&_et=4&tfd=5799 — net::ERR_ABORTED
✅ [API RESPONSE   +6.20s] (676ms) 200 https://admin-dev.mediplanner.mx/api/patients/getPatients → {"status":"OK","data":{"patients":[{"id":903,"iUsuarioDrId":467,"sImagen":"","sNombre":"Percentil","sPaterno":"Prueba","
  x  2 [stress-diagnosticos] › tests\stress tests\diagnosticos.stress.test.ts:539:7 › Diagnósticos del Paciente - Stress Tests › Stress Test Diagnósticos (20.2s)


  1) [stress-diagnosticos] › tests\stress tests\diagnosticos.stress.test.ts:539:7 › Diagnósticos del Paciente - Stress Tests › Stress Test Diagnósticos 

    TimeoutError: locator.click: Timeout 15000ms exceeded.
    Call log:
    [2m  - waiting for locator('a.font-semibold, a[class*="patient"], tr td a, [class*="nombre"] a, a[href*="Paciente"]').first()[22m


      587 |     if (!selectedPatient) {
      588 |       console.log(`📋 ⚠ Paciente no encontrado, seleccionando primero...`);
    > 589 |       await patientLinks.first().click();
          |                                  ^
      590 |     }
      591 |
      592 |     await page.waitForTimeout(3000);
        at C:\Users\pandr\OneDrive\00_Pedro_Quijada\03_RYM-Solutions\Repositorios\MediplannerWebNuevo\tests\stress tests\diagnosticos.stress.test.ts:589:34

    attachment #1: screenshot (image/png) ──────────────────────────────────────────────────────────
    test-results\stress tests-diagnosticos.-f28f4-ts-Stress-Test-Diagnósticos-stress-diagnosticos\test-failed-1.png
    ────────────────────────────────────────────────────────────────────────────────────────────────

    Error Context: test-results\stress tests-diagnosticos.-f28f4-ts-Stress-Test-Diagnósticos-stress-diagnosticos\error-context.md

  1 failed
    [stress-diagnosticos] › tests\stress tests\diagnosticos.stress.test.ts:539:7 › Diagnósticos del Paciente - Stress Tests › Stress Test Diagnósticos 
  1 passed (30.0s)
=== FIN PROYECTO vuelta=3 proyecto=stress-diagnosticos exit=1 14:36:48 ===
=== INICIO PROYECTO vuelta=3 proyecto=doctor-consultation 14:36:48 ===
[dotenv@17.3.1] injecting env (4) from .env -- tip: 🔐 prevent building .env in docker: https://dotenvx.com/prebuild

Running 2 tests using 1 worker

[dotenv@17.3.1] injecting env (0) from .env -- tip: ⚙️  load multiple .env files with { path: ['.env.local', '.env'] }
🔐 Iniciando proceso de autenticación...
🌐 URL base: https://admin-dev.mediplanner.mx/
📧 Email: dr.***@gmail.com
✅ Navegación exitosa a la página principal
⏳ Esperando formulario de login...
✅ Formulario de login detectado
✅ Campo email llenado
✅ Campo contraseña llenado
✅ Botón de login clickeado
✅ Página principal cargada
✅ Autenticación exitosa - Redirigido fuera de login
✅ Sesión guardada en storageState.json
  ok 1 [setup] › tests\auth.setup.ts:7:6 › authenticate (6.7s)
[dotenv@17.3.1] injecting env (0) from .env -- tip: ⚡️ secrets for agents: https://dotenvx.com/as2
🔍 [MONITOR] DevTools monitor activo — capturando consola y red...

🎯 Paciente objetivo: "Percentil Prueba Prueba" — set #1 (peso=13 talla=92 perímetro=48)
📅 Creando cita para "Percentil Prueba Prueba"...
[2026-07-31T20:37:00.434Z] ℹ️  Explorando próximos 5 días para registrar una cita...
[2026-07-31T20:37:00.435Z] ℹ️  Paciente objetivo de la cita: "Percentil"
❌ [REQUEST FAILED +0.93s] https://www.google-analytics.com/g/collect?v=2&tid=G-ZVKJ9CWYCW&gtm=45je67t1v9248896219za200zd9248896219&_p=1785530220868&gcd=13l3l3l3l1l1&npa=0&dma=0&_eu=AAAAAAQ&are=1&cid=960475643.1785530213&frm=0&ngs=1&pscdl=noapi&rcb=1&sr=1536x960&uaa=x86&uab=64&uafvl=Chromium%3B145.0.7632.6%7CNot%253AA-Brand%3B99.0.0.0&uam=&uamb=0&uap=Windows&uapv=10.0&uaw=0&ul=en-us&_s=1&tag_exp=115938466~115938468~118012008~118897920~118897930~119896802&sid=1785530212&sct=1&seg=1&dl=https%3A%2F%2Fadmin-dev.mediplanner.mx%2FCitas&dt=Mediplanner&en=page_view&_ee=1&tfd=769 — net::ERR_ABORTED
❌ [REQUEST FAILED +2.60s] https://mediplanner-atencion.zendesk.com/frontendevents/pv?client=1B752747-577B-429A-A0E0-83861AF69088 — net::ERR_ABORTED
❌ [REQUEST FAILED +5.87s] https://www.google-analytics.com/g/collect?v=2&tid=G-ZVKJ9CWYCW&gtm=45je67t1v9248896219za200zd9248896219&_p=1785530220868&gcd=13l3l3l3l1l1&npa=0&dma=0&_eu=AEAAAAQ&ae=a&are=1&cid=960475643.1785530213&frm=0&ngs=1&pscdl=noapi&rcb=1&sr=1536x960&uaa=x86&uab=64&uafvl=Chromium%3B145.0.7632.6%7CNot%253AA-Brand%3B99.0.0.0&uam=&uamb=0&uap=Windows&uapv=10.0&uaw=0&ul=en-us&_s=2&tag_exp=115938466~115938468~118012008~118897920~118897930~119896802&sid=1785530212&sct=1&seg=1&dl=https%3A%2F%2Fadmin-dev.mediplanner.mx%2FCitas&dt=Mediplanner&en=scroll&epn.percent_scrolled=90&_et=3&tfd=5777 — net::ERR_ABORTED
📤 [API REQUEST    +10.57s] POST https://admin-dev.mediplanner.mx/api/permissions/getPermissions
📤 [API REQUEST    +10.57s] GET https://admin-dev.mediplanner.mx/api/profile/getProfile
📤 [API REQUEST    +10.92s] POST https://admin-dev.mediplanner.mx/api/appointments/getFilteredAppointments
✅ [API RESPONSE   +10.98s] (413ms) 200 https://admin-dev.mediplanner.mx/api/permissions/getPermissions → {"status":"OK","data":[{"id":1,"name":"Consultar","module":"Usuarios","module_id":1,"active":false},{"id":2,"name":"Crea
✅ [API RESPONSE   +10.99s] (424ms) 200 https://admin-dev.mediplanner.mx/api/profile/getProfile → {"status":"OK","data":{"id":467,"sNombre":"Walter","sPaterno":"Hartwell","sMaterno":"White","sCorreo":"dpichardo@rym-sol
✅ [API RESPONSE   +11.79s] (874ms) 200 https://admin-dev.mediplanner.mx/api/appointments/getFilteredAppointments → {"status":"OK","data":[{"title":"Consulta inicial","doctor_id":467,"doctor_name":"Dr.Walter Hartwell White","doctor_img"
[2026-07-31T20:37:15.006Z] ℹ️  Buscando botón "Agendar cita"...
🔴 [DEVTOOLS ERROR +14.91s] data-stepper-next not found
📤 [API REQUEST    +14.92s] POST https://admin-dev.mediplanner.mx/api/patients/getPatients
📤 [API REQUEST    +14.92s] POST https://admin-dev.mediplanner.mx/api/appointments/getAppointmentTypes
[2026-07-31T20:37:15.575Z] ℹ️  Comboboxes en wizard: 1
✅ [API RESPONSE   +15.71s] (793ms) 200 https://admin-dev.mediplanner.mx/api/patients/getPatients → {"status":"OK","data":{"patients":[{"id":903,"iUsuarioDrId":467,"sImagen":"","sNombre":"Percentil","sPaterno":"Prueba","
✅ [API RESPONSE   +15.71s] (795ms) 200 https://admin-dev.mediplanner.mx/api/appointments/getAppointmentTypes → {"status":"OK","data":[{"doctor_id":467,"relacion_id":1,"cita_nombre":"Consulta inicial","duracion":5,"producto_id":0,"u
📤 [API REQUEST    +16.01s] POST https://admin-dev.mediplanner.mx/api/patients/getPatients
[2026-07-31T20:37:16.490Z] ℹ️  Buscando: "Percentil" (intento 1/5)...
❌ [REQUEST FAILED +16.31s] https://mediplanner-atencion.zendesk.com/frontendevents/pv?client=1B752747-577B-429A-A0E0-83861AF69088 — net::ERR_ABORTED
✅ [API RESPONSE   +16.52s] (506ms) 200 https://admin-dev.mediplanner.mx/api/patients/getPatients → {"status":"OK","data":{"patients":[{"id":903,"iUsuarioDrId":467,"sImagen":"","sNombre":"Percentil","sPaterno":"Prueba","
[2026-07-31T20:37:18.521Z] ℹ️  Opciones encontradas: 1
[2026-07-31T20:37:18.659Z] ✅ Opción seleccionada (coincide "Percentil"): "Percentil Prueba Prueba"
❌ [REQUEST FAILED +20.80s] https://www.google-analytics.com/g/collect?v=2&tid=G-ZVKJ9CWYCW&gtm=45je67t1v9248896219za200zd9248896219&_p=1785530220868&gcd=13l3l3l3l1l1&npa=0&dma=0&_eu=AEAAAAQ&ae=a&are=1&cid=960475643.1785530213&frm=0&ngs=1&pscdl=noapi&rcb=1&sr=1536x960&uaa=x86&uab=64&uafvl=Chromium%3B145.0.7632.6%7CNot%253AA-Brand%3B99.0.0.0&uam=&uamb=0&uap=Windows&uapv=10.0&uaw=0&ul=en-us&_s=3&tag_exp=115938466~115938468~118012008~118897920~118897930~119896802&dl=https%3A%2F%2Fadmin-dev.mediplanner.mx%2FCitas%2FCrearCita&dr=https%3A%2F%2Fadmin-dev.mediplanner.mx%2FCitas&sid=1785530212&sct=1&seg=1&dt=Mediplanner&en=page_view&_et=14905&tfd=20694 — net::ERR_ABORTED
[2026-07-31T20:37:21.879Z] ℹ️  Selects en paso 2: 2
[2026-07-31T20:37:21.886Z] ℹ️  Opciones tipo consulta: 4
[2026-07-31T20:37:23.501Z] ℹ️  Opciones hospital: 6
[2026-07-31T20:37:24.725Z] ℹ️  Buscando input de fecha...
[2026-07-31T20:37:26.752Z] ✅ Input de fecha encontrado con selector: input[type="date"]
[2026-07-31T20:37:26.765Z] ℹ️  Intentando registrar cita en: 2026-07-31
📤 [API REQUEST    +26.37s] POST https://admin-dev.mediplanner.mx/api/appointments/getFreeSchedules
✅ [API RESPONSE   +27.13s] (752ms) 200 https://admin-dev.mediplanner.mx/api/appointments/getFreeSchedules → {"status":"OK","data":[]}
[2026-07-31T20:37:28.887Z] ⚠️  No hay horas disponibles en 2026-07-31
[2026-07-31T20:37:28.888Z] ℹ️  Intentando registrar cita en: 2026-08-01
📤 [API REQUEST    +28.49s] POST https://admin-dev.mediplanner.mx/api/appointments/getFreeSchedules
✅ [API RESPONSE   +28.91s] (418ms) 200 https://admin-dev.mediplanner.mx/api/appointments/getFreeSchedules → {"status":"OK","data":[]}
[2026-07-31T20:37:31.007Z] ⚠️  No hay horas disponibles en 2026-08-01
[2026-07-31T20:37:31.007Z] ℹ️  Intentando registrar cita en: 2026-08-02
📤 [API REQUEST    +30.61s] POST https://admin-dev.mediplanner.mx/api/appointments/getFreeSchedules
✅ [API RESPONSE   +31.26s] (647ms) 200 https://admin-dev.mediplanner.mx/api/appointments/getFreeSchedules → {"status":"OK","data":[]}
[2026-07-31T20:37:33.138Z] ⚠️  No hay horas disponibles en 2026-08-02
[2026-07-31T20:37:33.138Z] ℹ️  Intentando registrar cita en: 2026-08-03
📤 [API REQUEST    +32.74s] POST https://admin-dev.mediplanner.mx/api/appointments/getFreeSchedules
✅ [API RESPONSE   +33.10s] (361ms) 200 https://admin-dev.mediplanner.mx/api/appointments/getFreeSchedules → {"status":"OK","data":[{"hora_inicio":"10:50:00","hora_fin":"10:55:00"},{"hora_inicio":"10:55:00","hora_fin":"11:00:00"}
[2026-07-31T20:37:35.274Z] ✅ Horas disponibles en 2026-08-03: 172
[2026-07-31T20:37:35.311Z] ℹ️  Intentando seleccionar hora: 10:50
[2026-07-31T20:37:36.482Z] ✅ Hora seleccionada exitosamente
📤 [API REQUEST    +37.34s] POST https://admin-dev.mediplanner.mx/api/appointments/createAppointment
✅ [API RESPONSE   +39.96s] (2621ms) 200 https://admin-dev.mediplanner.mx/api/appointments/createAppointment → {"status":"OK","data":{"relacion_id":612,"message":"Cita creada correctamente"}}
[2026-07-31T20:37:40.731Z] ✅ Cita registrada exitosamente en 2026-08-03
🏠 Volviendo a Dashboard para iniciar SU cita...
❌ [REQUEST FAILED +40.60s] https://p.clarity.ms/collect — net::ERR_ABORTED
❌ [REQUEST FAILED +40.60s] https://www.google-analytics.com/g/collect?v=2&tid=G-ZVKJ9CWYCW&gtm=45je67t1v9248896219za200zd9248896219&_p=1785530220868&gcd=13l3l3l3l1l1&npa=0&dma=0&_eu=AAAAAAQ&are=1&cid=960475643.1785530213&frm=0&ngs=1&pscdl=noapi&rcb=1&sr=1536x960&uaa=x86&uab=64&uafvl=Chromium%3B145.0.7632.6%7CNot%253AA-Brand%3B99.0.0.0&uam=&uamb=0&uap=Windows&uapv=10.0&uaw=0&ul=en-us&_s=4&tag_exp=115938466~115938468~118012008~118897920~118897930~119896802&sid=1785530212&sct=1&seg=1&dl=https%3A%2F%2Fadmin-dev.mediplanner.mx%2FCitas%2FCrearCita&dr=https%3A%2F%2Fadmin-dev.mediplanner.mx%2FCitas&dt=Mediplanner&en=user_engagement&_et=24875&tfd=40559 — net::ERR_ABORTED
❌ [REQUEST FAILED +40.91s] https://mediplanner-atencion.zendesk.com/embeddable/config — net::ERR_ABORTED
❌ [REQUEST FAILED +40.93s] https://mediplanner-atencion.zendesk.com/frontendevents/pv?client=1B752747-577B-429A-A0E0-83861AF69088 — net::ERR_ABORTED
❌ [REQUEST FAILED +40.93s] https://www.google-analytics.com/g/collect?v=2&tid=G-ZVKJ9CWYCW&gtm=45je67t1v9248896219za200zd9248896219&_p=1785530261120&gcd=13l3l3l3l1l1&npa=0&dma=0&_eu=AAAAAAQ&are=1&cid=960475643.1785530213&frm=0&ngs=1&pscdl=noapi&rcb=19&sr=1536x960&uaa=x86&uab=64&uafvl=Chromium%3B145.0.7632.6%7CNot%253AA-Brand%3B99.0.0.0&uam=&uamb=0&uap=Windows&uapv=10.0&uaw=0&ul=en-us&_s=1&tag_exp=115616985~115938466~115938469~118897920~118897930~119896803~120222308&sid=1785530212&sct=1&seg=1&dl=https%3A%2F%2Fadmin-dev.mediplanner.mx%2FDashboard&dt=Mediplanner&en=page_view&_ee=1&tfd=521 — net::ERR_ABORTED
📤 [API REQUEST    +41.23s] POST https://admin-dev.mediplanner.mx/api/permissions/getPermissions
📤 [API REQUEST    +41.23s] GET https://admin-dev.mediplanner.mx/api/profile/getProfile
✅ [API RESPONSE   +41.81s] (585ms) 200 https://admin-dev.mediplanner.mx/api/permissions/getPermissions → {"status":"OK","data":[{"id":1,"name":"Consultar","module":"Usuarios","module_id":1,"active":false},{"id":2,"name":"Crea
✅ [API RESPONSE   +41.82s] (591ms) 200 https://admin-dev.mediplanner.mx/api/profile/getProfile → {"status":"OK","data":{"id":467,"sNombre":"Walter","sPaterno":"Hartwell","sMaterno":"White","sCorreo":"dpichardo@rym-sol
📤 [API REQUEST    +41.87s] POST https://admin-dev.mediplanner.mx/api/appointments/getFilteredAppointments
📤 [API REQUEST    +41.87s] POST https://admin-dev.mediplanner.mx/api/dashboard/getDashboardData
📤 [API REQUEST    +41.87s] POST https://admin-dev.mediplanner.mx/api/procedures/getLastProceduresFilesByDoctorId
📤 [API REQUEST    +41.87s] POST https://admin-dev.mediplanner.mx/api/dashboard/getDashboardPayments
📤 [API REQUEST    +41.87s] POST https://admin-dev.mediplanner.mx/api/wizard/getActiveStep
📤 [API REQUEST    +41.90s] POST https://admin-dev.mediplanner.mx/api/appointments/getAppointmentCount
✅ [API RESPONSE   +42.42s] (550ms) 200 https://admin-dev.mediplanner.mx/api/procedures/getLastProceduresFilesByDoctorId → {"status":"OK","data":{"procedimientos":[{"paciente_id":894,"paciente_nombre":"Agustin Tapia Nievas","procedimiento_id":
✅ [API RESPONSE   +42.43s] (554ms) 200 https://admin-dev.mediplanner.mx/api/wizard/getActiveStep → {"status":"OK","data":{"activeStep":5,"date":"2026-07-31 14:35:53"}}
✅ [API RESPONSE   +42.56s] (658ms) 200 https://admin-dev.mediplanner.mx/api/appointments/getAppointmentCount → {"status":"OK","data":[{"date":"2026-07-01","count":0},{"date":"2026-07-02","count":0},{"date":"2026-07-03","count":0},{
✅ [API RESPONSE   +42.73s] (858ms) 200 https://admin-dev.mediplanner.mx/api/appointments/getFilteredAppointments → {"status":"OK","data":[]}
✅ [API RESPONSE   +42.73s] (861ms) 200 https://admin-dev.mediplanner.mx/api/dashboard/getDashboardData → {"status":"OK","data":{"monthConsultations":{"count":70,"percentage":0},"recurring":{"count":15,"percentage":650},"patie
✅ [API RESPONSE   +42.74s] (864ms) 200 https://admin-dev.mediplanner.mx/api/dashboard/getDashboardPayments → {"status":"OK","data":{"grafica_actual":[{"etiqueta":"Viernes","total_pagos":0,"monto":0}],"grafica_anterior":[{"etiquet
❌ [REQUEST FAILED +42.94s] https://mediplanner-atencion.zendesk.com/frontendevents/pv?client=1B752747-577B-429A-A0E0-83861AF69088 — net::ERR_ABORTED
[2026-07-31T20:37:43.921Z] ℹ️  Buscando botón Iniciar para "Percentil" en los próximos 5 días...
❌ [REQUEST FAILED +43.67s] https://p.clarity.ms/collect — net::ERR_ABORTED
❌ [REQUEST FAILED +43.67s] https://www.google-analytics.com/g/collect?v=2&tid=G-ZVKJ9CWYCW&gtm=45je67t1v9248896219za200zd9248896219&_p=1785530261120&gcd=13l3l3l3l1l1&npa=0&dma=0&_eu=AEAAAAQ&ae=a&are=1&cid=960475643.1785530213&frm=0&ngs=1&pscdl=noapi&rcb=19&sr=1536x960&uaa=x86&uab=64&uafvl=Chromium%3B145.0.7632.6%7CNot%253AA-Brand%3B99.0.0.0&uam=&uamb=0&uap=Windows&uapv=10.0&uaw=0&ul=en-us&tag_exp=115616985~115938466~115938469~118897920~118897930~119896803~120222308&sid=1785530212&sct=1&seg=1&dl=https%3A%2F%2Fadmin-dev.mediplanner.mx%2FDashboard&dt=Mediplanner&_s=2&tfd=3336 — net::ERR_ABORTED
❌ [REQUEST FAILED +43.67s] https://admin-dev.mediplanner.mx/assets/index-DaRNjsiQ.js — net::ERR_ABORTED
❌ [REQUEST FAILED +44.08s] https://mediplanner-atencion.zendesk.com/embeddable/config — net::ERR_ABORTED
📤 [API REQUEST    +44.10s] POST https://admin-dev.mediplanner.mx/api/permissions/getPermissions
📤 [API REQUEST    +44.10s] GET https://admin-dev.mediplanner.mx/api/profile/getProfile
📤 [API REQUEST    +44.10s] POST https://admin-dev.mediplanner.mx/api/appointments/getFilteredAppointments
📤 [API REQUEST    +44.10s] POST https://admin-dev.mediplanner.mx/api/dashboard/getDashboardData
📤 [API REQUEST    +44.10s] POST https://admin-dev.mediplanner.mx/api/procedures/getLastProceduresFilesByDoctorId
📤 [API REQUEST    +44.10s] POST https://admin-dev.mediplanner.mx/api/dashboard/getDashboardPayments
📤 [API REQUEST    +44.11s] POST https://admin-dev.mediplanner.mx/api/appointments/getAppointmentCount
❌ [REQUEST FAILED +44.15s] https://mediplanner-atencion.zendesk.com/frontendevents/pv?client=1B752747-577B-429A-A0E0-83861AF69088 — net::ERR_ABORTED
❌ [REQUEST FAILED +44.15s] https://www.google-analytics.com/g/collect?v=2&tid=G-ZVKJ9CWYCW&gtm=45je67t1v9248896219za200zd9248896219&_p=1785530264272&gcd=13l3l3l3l1l1&npa=0&dma=0&_eu=AAAAAAQ&are=1&cid=960475643.1785530213&frm=0&ngs=1&pscdl=noapi&rcb=16&sr=1536x960&uaa=x86&uab=64&uafvl=Chromium%3B145.0.7632.6%7CNot%253AA-Brand%3B99.0.0.0&uam=&uamb=0&uap=Windows&uapv=10.0&uaw=0&ul=en-us&_s=1&tag_exp=115938466~115938468~118897920~118897930~119791749~119896802~120222307&sid=1785530212&sct=1&seg=1&dl=https%3A%2F%2Fadmin-dev.mediplanner.mx%2FDashboard&dt=Mediplanner&en=page_view&_ee=1&tfd=460 — net::ERR_ABORTED
[2026-07-31T20:37:44.663Z] ⚠️  Calendario del Dashboard no renderizó (intento 1/3), recargando...
❌ [REQUEST FAILED +44.61s] https://admin-dev.mediplanner.mx/api/dashboard/getDashboardData — net::ERR_ABORTED
❌ [REQUEST FAILED +44.61s] https://admin-dev.mediplanner.mx/api/appointments/getAppointmentCount — net::ERR_ABORTED
❌ [REQUEST FAILED +44.61s] https://admin-dev.mediplanner.mx/api/appointments/getFilteredAppointments — net::ERR_ABORTED
❌ [REQUEST FAILED +44.61s] https://admin-dev.mediplanner.mx/api/permissions/getPermissions — net::ERR_ABORTED
❌ [REQUEST FAILED +44.61s] https://admin-dev.mediplanner.mx/api/profile/getProfile — net::ERR_ABORTED
❌ [REQUEST FAILED +44.61s] https://p.clarity.ms/collect — net::ERR_ABORTED
❌ [REQUEST FAILED +44.61s] https://admin-dev.mediplanner.mx/api/dashboard/getDashboardPayments — net::ERR_ABORTED
❌ [REQUEST FAILED +44.61s] https://www.google-analytics.com/g/collect?v=2&tid=G-ZVKJ9CWYCW&gtm=45je67t1v9248896219za200zd9248896219&_p=1785530264272&gcd=13l3l3l3l1l1&npa=0&dma=0&_eu=AEAAAAQ&ae=a&are=1&cid=960475643.1785530213&frm=0&ngs=1&pscdl=noapi&rcb=16&sr=1536x960&uaa=x86&uab=64&uafvl=Chromium%3B145.0.7632.6%7CNot%253AA-Brand%3B99.0.0.0&uam=&uamb=0&uap=Windows&uapv=10.0&uaw=0&ul=en-us&_s=2&tag_exp=115938466~115938468~118897920~118897930~119791749~119896802~120222307&sid=1785530212&sct=1&seg=1&dl=https%3A%2F%2Fadmin-dev.mediplanner.mx%2FDashboard&dt=Mediplanner&en=scroll&epn.percent_scrolled=90&_et=1&tfd=1091 — net::ERR_ABORTED
✅ [API RESPONSE   +44.59s] (491ms) 200 https://admin-dev.mediplanner.mx/api/procedures/getLastProceduresFilesByDoctorId
❌ [REQUEST FAILED +45.32s] https://www.google-analytics.com/g/collect?v=2&tid=G-ZVKJ9CWYCW&gtm=45je67t1v9248896219za200zd9248896219&_p=1785530265508&gcd=13l3l3l3l1l1&npa=0&dma=0&_eu=AAAAAAQ&are=1&cid=960475643.1785530213&frm=0&ngs=1&pscdl=noapi&rcb=15&sr=1536x960&uaa=x86&uab=64&uafvl=Chromium%3B145.0.7632.6%7CNot%253AA-Brand%3B99.0.0.0&uam=&uamb=0&uap=Windows&uapv=10.0&uaw=0&ul=en-us&_s=1&tag_exp=115938466~115938469~118897920~118897930~119896802&sid=1785530212&sct=1&seg=1&dl=https%3A%2F%2Fadmin-dev.mediplanner.mx%2FDashboard&dt=Mediplanner&en=page_view&_ee=1&tfd=906 — net::ERR_ABORTED
📤 [API REQUEST    +45.37s] POST https://admin-dev.mediplanner.mx/api/permissions/getPermissions
📤 [API REQUEST    +45.37s] GET https://admin-dev.mediplanner.mx/api/profile/getProfile
📤 [API REQUEST    +45.38s] POST https://admin-dev.mediplanner.mx/api/appointments/getFilteredAppointments
📤 [API REQUEST    +45.38s] POST https://admin-dev.mediplanner.mx/api/dashboard/getDashboardData
📤 [API REQUEST    +45.38s] POST https://admin-dev.mediplanner.mx/api/procedures/getLastProceduresFilesByDoctorId
📤 [API REQUEST    +45.38s] POST https://admin-dev.mediplanner.mx/api/dashboard/getDashboardPayments
📤 [API REQUEST    +45.41s] POST https://admin-dev.mediplanner.mx/api/appointments/getAppointmentCount
❌ [REQUEST FAILED +45.60s] https://mediplanner-atencion.zendesk.com/frontendevents/pv?client=1B752747-577B-429A-A0E0-83861AF69088 — net::ERR_ABORTED
✅ [API RESPONSE   +45.68s] (314ms) 200 https://admin-dev.mediplanner.mx/api/permissions/getPermissions → {"status":"OK","data":[{"id":1,"name":"Consultar","module":"Usuarios","module_id":1,"active":false},{"id":2,"name":"Crea
✅ [API RESPONSE   +46.32s] (936ms) 200 https://admin-dev.mediplanner.mx/api/procedures/getLastProceduresFilesByDoctorId → {"status":"OK","data":{"procedimientos":[{"paciente_id":894,"paciente_nombre":"Agustin Tapia Nievas","procedimiento_id":
✅ [API RESPONSE   +46.32s] (910ms) 200 https://admin-dev.mediplanner.mx/api/appointments/getAppointmentCount → {"status":"OK","data":[{"date":"2026-07-01","count":0},{"date":"2026-07-02","count":0},{"date":"2026-07-03","count":0},{
✅ [API RESPONSE   +46.38s] (1007ms) 200 https://admin-dev.mediplanner.mx/api/profile/getProfile → {"status":"OK","data":{"id":467,"sNombre":"Walter","sPaterno":"Hartwell","sMaterno":"White","sCorreo":"dpichardo@rym-sol
✅ [API RESPONSE   +46.52s] (1137ms) 200 https://admin-dev.mediplanner.mx/api/appointments/getFilteredAppointments → {"status":"OK","data":[]}
✅ [API RESPONSE   +46.52s] (1141ms) 200 https://admin-dev.mediplanner.mx/api/dashboard/getDashboardPayments → {"status":"OK","data":{"grafica_actual":[{"etiqueta":"Viernes","total_pagos":0,"monto":0}],"grafica_anterior":[{"etiquet
✅ [API RESPONSE   +46.53s] (1144ms) 200 https://admin-dev.mediplanner.mx/api/dashboard/getDashboardData → {"status":"OK","data":{"monthConsultations":{"count":70,"percentage":0},"recurring":{"count":15,"percentage":650},"patie
[2026-07-31T20:37:47.334Z] ⚠️  Calendario del Dashboard no renderizó (intento 2/3), recargando...
❌ [REQUEST FAILED +47.15s] https://www.google-analytics.com/g/collect?v=2&tid=G-ZVKJ9CWYCW&gtm=45je67t1v9248896219za200zd9248896219&_p=1785530265508&gcd=13l3l3l3l1l1&npa=0&dma=0&_eu=AAAAAAQ&are=1&cid=960475643.1785530213&frm=0&ngs=1&pscdl=noapi&rcb=15&sr=1536x960&uaa=x86&uab=64&uafvl=Chromium%3B145.0.7632.6%7CNot%253AA-Brand%3B99.0.0.0&uam=&uamb=0&uap=Windows&uapv=10.0&uaw=0&ul=en-us&_s=3&tag_exp=115938466~115938469~118897920~118897930~119896802&sid=1785530212&sct=1&seg=1&dl=https%3A%2F%2Fadmin-dev.mediplanner.mx%2FDashboard&dt=Mediplanner&en=user_engagement&_et=1971&tfd=2880 — net::ERR_ABORTED
❌ [REQUEST FAILED +47.15s] https://www.google-analytics.com/g/collect?v=2&tid=G-ZVKJ9CWYCW&gtm=45je67t1v9248896219za200zd9248896219&_p=1785530265508&gcd=13l3l3l3l1l1&npa=0&dma=0&_eu=AEAAAAQ&ae=a&are=1&cid=960475643.1785530213&frm=0&ngs=1&pscdl=noapi&rcb=15&sr=1536x960&uaa=x86&uab=64&uafvl=Chromium%3B145.0.7632.6%7CNot%253AA-Brand%3B99.0.0.0&uam=&uamb=0&uap=Windows&uapv=10.0&uaw=0&ul=en-us&_s=2&tag_exp=115938466~115938469~118897920~118897930~119896802&sid=1785530212&sct=1&seg=1&dl=https%3A%2F%2Fadmin-dev.mediplanner.mx%2FDashboard&dt=Mediplanner&en=scroll&epn.percent_scrolled=90&_et=14&tfd=2880 — net::ERR_ABORTED
❌ [REQUEST FAILED +47.15s] https://p.clarity.ms/collect — net::ERR_ABORTED
❌ [REQUEST FAILED +47.42s] https://www.google-analytics.com/g/collect?v=2&tid=G-ZVKJ9CWYCW&gtm=45je67t1v9248896219za200zd9248896219&_p=1785530267668&gcd=13l3l3l3l1l1&npa=0&dma=0&_eu=AAAAAAQ&are=1&cid=960475643.1785530213&frm=0&ngs=1&pscdl=noapi&rcb=5&sr=1536x960&uaa=x86&uab=64&uafvl=Chromium%3B145.0.7632.6%7CNot%253AA-Brand%3B99.0.0.0&uam=&uamb=0&uap=Windows&uapv=10.0&uaw=0&ul=en-us&_s=1&tag_exp=115616986~115938466~115938469~118897920~118897930~119337769~119896803~120222308&sid=1785530212&sct=1&seg=1&dl=https%3A%2F%2Fadmin-dev.mediplanner.mx%2FDashboard&dt=Mediplanner&en=page_view&_ee=1&tfd=401 — net::ERR_ABORTED
📤 [API REQUEST    +47.53s] POST https://admin-dev.mediplanner.mx/api/permissions/getPermissions
📤 [API REQUEST    +47.53s] GET https://admin-dev.mediplanner.mx/api/profile/getProfile
📤 [API REQUEST    +47.53s] POST https://admin-dev.mediplanner.mx/api/appointments/getFilteredAppointments
📤 [API REQUEST    +47.53s] POST https://admin-dev.mediplanner.mx/api/dashboard/getDashboardData
📤 [API REQUEST    +47.53s] POST https://admin-dev.mediplanner.mx/api/procedures/getLastProceduresFilesByDoctorId
📤 [API REQUEST    +47.53s] POST https://admin-dev.mediplanner.mx/api/dashboard/getDashboardPayments
❌ [REQUEST FAILED +47.55s] https://mediplanner-atencion.zendesk.com/frontendevents/pv?client=1B752747-577B-429A-A0E0-83861AF69088 — net::ERR_ABORTED
📤 [API REQUEST    +47.55s] POST https://admin-dev.mediplanner.mx/api/appointments/getAppointmentCount
✅ [API RESPONSE   +48.05s] (520ms) 200 https://admin-dev.mediplanner.mx/api/procedures/getLastProceduresFilesByDoctorId → {"status":"OK","data":{"procedimientos":[{"paciente_id":894,"paciente_nombre":"Agustin Tapia Nievas","procedimiento_id":
✅ [API RESPONSE   +48.26s] (724ms) 200 https://admin-dev.mediplanner.mx/api/permissions/getPermissions → {"status":"OK","data":[{"id":1,"name":"Consultar","module":"Usuarios","module_id":1,"active":false},{"id":2,"name":"Crea
✅ [API RESPONSE   +48.27s] (715ms) 200 https://admin-dev.mediplanner.mx/api/appointments/getAppointmentCount → {"status":"OK","data":[{"date":"2026-07-01","count":0},{"date":"2026-07-02","count":0},{"date":"2026-07-03","count":0},{
✅ [API RESPONSE   +48.28s] (748ms) 200 https://admin-dev.mediplanner.mx/api/profile/getProfile → {"status":"OK","data":{"id":467,"sNombre":"Walter","sPaterno":"Hartwell","sMaterno":"White","sCorreo":"dpichardo@rym-sol
✅ [API RESPONSE   +48.35s] (817ms) 200 https://admin-dev.mediplanner.mx/api/dashboard/getDashboardData → {"status":"OK","data":{"monthConsultations":{"count":70,"percentage":0},"recurring":{"count":15,"percentage":650},"patie
✅ [API RESPONSE   +48.44s] (904ms) 200 https://admin-dev.mediplanner.mx/api/appointments/getFilteredAppointments → {"status":"OK","data":[]}
✅ [API RESPONSE   +48.46s] (929ms) 200 https://admin-dev.mediplanner.mx/api/dashboard/getDashboardPayments → {"status":"OK","data":{"grafica_actual":[{"etiqueta":"Viernes","total_pagos":0,"monto":0}],"grafica_anterior":[{"etiquet
[2026-07-31T20:37:49.429Z] ⚠️  Calendario del Dashboard no renderizó (intento 3/3), recargando...
❌ [REQUEST FAILED +49.13s] https://mediplanner-atencion.zendesk.com/frontendevents/dl?client=1B752747-577B-429A-A0E0-83861AF69088 — net::ERR_ABORTED
❌ [REQUEST FAILED +49.13s] https://p.clarity.ms/collect — net::ERR_ABORTED
❌ [REQUEST FAILED +49.14s] https://www.google-analytics.com/g/collect?v=2&tid=G-ZVKJ9CWYCW&gtm=45je67t1v9248896219za200zd9248896219&_p=1785530267668&gcd=13l3l3l3l1l1&npa=0&dma=0&_eu=AAAAAAQ&are=1&cid=960475643.1785530213&frm=0&ngs=1&pscdl=noapi&rcb=5&sr=1536x960&uaa=x86&uab=64&uafvl=Chromium%3B145.0.7632.6%7CNot%253AA-Brand%3B99.0.0.0&uam=&uamb=0&uap=Windows&uapv=10.0&uaw=0&ul=en-us&_s=3&tag_exp=115616986~115938466~115938469~118897920~118897930~119337769~119896803~120222308&sid=1785530212&sct=1&seg=1&dl=https%3A%2F%2Fadmin-dev.mediplanner.mx%2FDashboard&dt=Mediplanner&en=user_engagement&_et=1795&tfd=2199 — net::ERR_ABORTED
❌ [REQUEST FAILED +49.14s] https://www.google-analytics.com/g/collect?v=2&tid=G-ZVKJ9CWYCW&gtm=45je67t1v9248896219za200zd9248896219&_p=1785530267668&gcd=13l3l3l3l1l1&npa=0&dma=0&_eu=AEAAAAQ&ae=a&are=1&cid=960475643.1785530213&frm=0&ngs=1&pscdl=noapi&rcb=5&sr=1536x960&uaa=x86&uab=64&uafvl=Chromium%3B145.0.7632.6%7CNot%253AA-Brand%3B99.0.0.0&uam=&uamb=0&uap=Windows&uapv=10.0&uaw=0&ul=en-us&_s=2&tag_exp=115616986~115938466~115938469~118897920~118897930~119337769~119896803~120222308&sid=1785530212&sct=1&seg=1&dl=https%3A%2F%2Fadmin-dev.mediplanner.mx%2FDashboard&dt=Mediplanner&en=scroll&epn.percent_scrolled=90&_et=19&tfd=2198 — net::ERR_ABORTED
❌ [REQUEST FAILED +49.14s] https://p.clarity.ms/collect — net::ERR_ABORTED
❌ [REQUEST FAILED +49.41s] https://www.google-analytics.com/g/collect?v=2&tid=G-ZVKJ9CWYCW&gtm=45je67t1v9248896219za200zd9248896219&_p=1785530269666&gcd=13l3l3l3l1l1&npa=0&dma=0&_eu=AAAAAAQ&are=1&cid=960475643.1785530213&frm=0&ngs=1&pscdl=noapi&rcb=15&sr=1536x960&uaa=x86&uab=64&uafvl=Chromium%3B145.0.7632.6%7CNot%253AA-Brand%3B99.0.0.0&uam=&uamb=0&uap=Windows&uapv=10.0&uaw=0&ul=en-us&_s=1&tag_exp=115938466~115938469~118395335~118897920~118897930~119527019~119896803&sid=1785530212&sct=1&seg=1&dl=https%3A%2F%2Fadmin-dev.mediplanner.mx%2FDashboard&dt=Mediplanner&en=page_view&_ee=1&tfd=304 — net::ERR_ABORTED
📤 [API REQUEST    +49.54s] POST https://admin-dev.mediplanner.mx/api/permissions/getPermissions
📤 [API REQUEST    +49.54s] GET https://admin-dev.mediplanner.mx/api/profile/getProfile
📤 [API REQUEST    +49.54s] POST https://admin-dev.mediplanner.mx/api/appointments/getFilteredAppointments
📤 [API REQUEST    +49.54s] POST https://admin-dev.mediplanner.mx/api/dashboard/getDashboardData
📤 [API REQUEST    +49.54s] POST https://admin-dev.mediplanner.mx/api/procedures/getLastProceduresFilesByDoctorId
📤 [API REQUEST    +49.54s] POST https://admin-dev.mediplanner.mx/api/dashboard/getDashboardPayments
❌ [REQUEST FAILED +49.56s] https://mediplanner-atencion.zendesk.com/frontendevents/pv?client=1B752747-577B-429A-A0E0-83861AF69088 — net::ERR_ABORTED
📤 [API REQUEST    +49.57s] POST https://admin-dev.mediplanner.mx/api/appointments/getAppointmentCount
✅ [API RESPONSE   +50.22s] (684ms) 200 https://admin-dev.mediplanner.mx/api/procedures/getLastProceduresFilesByDoctorId → {"status":"OK","data":{"procedimientos":[{"paciente_id":894,"paciente_nombre":"Agustin Tapia Nievas","procedimiento_id":
✅ [API RESPONSE   +50.41s] (875ms) 200 https://admin-dev.mediplanner.mx/api/permissions/getPermissions → {"status":"OK","data":[{"id":1,"name":"Consultar","module":"Usuarios","module_id":1,"active":false},{"id":2,"name":"Crea
✅ [API RESPONSE   +50.42s] (880ms) 200 https://admin-dev.mediplanner.mx/api/appointments/getFilteredAppointments → {"status":"OK","data":[]}
✅ [API RESPONSE   +50.43s] (886ms) 200 https://admin-dev.mediplanner.mx/api/dashboard/getDashboardData → {"status":"OK","data":{"monthConsultations":{"count":70,"percentage":0},"recurring":{"count":15,"percentage":650},"patie
✅ [API RESPONSE   +50.44s] (895ms) 200 https://admin-dev.mediplanner.mx/api/profile/getProfile → {"status":"OK","data":{"id":467,"sNombre":"Walter","sPaterno":"Hartwell","sMaterno":"White","sCorreo":"dpichardo@rym-sol
✅ [API RESPONSE   +50.47s] (908ms) 200 https://admin-dev.mediplanner.mx/api/appointments/getAppointmentCount → {"status":"OK","data":[{"date":"2026-07-01","count":0},{"date":"2026-07-02","count":0},{"date":"2026-07-03","count":0},{
✅ [API RESPONSE   +50.48s] (938ms) 200 https://admin-dev.mediplanner.mx/api/dashboard/getDashboardPayments → {"status":"OK","data":{"grafica_actual":[{"etiqueta":"Viernes","total_pagos":0,"monto":0}],"grafica_anterior":[{"etiquet
[2026-07-31T20:37:51.388Z] ⚠️  El calendario del Dashboard no llegó a renderizar (td[data-day])
📤 [API REQUEST    +51.06s] POST https://admin-dev.mediplanner.mx/api/appointments/getAppointmentCount
✅ [API RESPONSE   +51.34s] (283ms) 200 https://admin-dev.mediplanner.mx/api/appointments/getAppointmentCount → {"status":"OK","data":[{"date":"2026-08-01","count":1},{"date":"2026-08-02","count":0},{"date":"2026-08-03","count":23},
📤 [API REQUEST    +51.71s] POST https://admin-dev.mediplanner.mx/api/appointments/getFilteredAppointments
✅ [API RESPONSE   +52.16s] (446ms) 200 https://admin-dev.mediplanner.mx/api/appointments/getFilteredAppointments → {"status":"OK","data":[]}
📤 [API REQUEST    +53.26s] POST https://admin-dev.mediplanner.mx/api/appointments/getFilteredAppointments
✅ [API RESPONSE   +53.80s] (546ms) 200 https://admin-dev.mediplanner.mx/api/appointments/getFilteredAppointments → {"status":"OK","data":[]}
❌ [REQUEST FAILED +54.41s] https://www.google-analytics.com/g/collect?v=2&tid=G-ZVKJ9CWYCW&gtm=45je67t1v9248896219za200zd9248896219&_p=1785530269666&gcd=13l3l3l3l1l1&npa=0&dma=0&_eu=AEAAAAQ&ae=a&are=1&cid=960475643.1785530213&frm=0&ngs=1&pscdl=noapi&rcb=15&sr=1536x960&uaa=x86&uab=64&uafvl=Chromium%3B145.0.7632.6%7CNot%253AA-Brand%3B99.0.0.0&uam=&uamb=0&uap=Windows&uapv=10.0&uaw=0&ul=en-us&_s=2&tag_exp=115938466~115938469~118395335~118897920~118897930~119527019~119896803&sid=1785530212&sct=1&seg=1&dl=https%3A%2F%2Fadmin-dev.mediplanner.mx%2FDashboard&dt=Mediplanner&en=scroll&epn.percent_scrolled=90&_et=16&tfd=5318 — net::ERR_ABORTED
📤 [API REQUEST    +54.91s] POST https://admin-dev.mediplanner.mx/api/appointments/getFilteredAppointments
✅ [API RESPONSE   +55.72s] (806ms) 200 https://admin-dev.mediplanner.mx/api/appointments/getFilteredAppointments → {"status":"OK","data":[{"title":"Consulta inicial","doctor_id":467,"doctor_name":"Dr.Walter Hartwell White","doctor_img"
[2026-07-31T20:37:57.329Z] ✅ Botón Iniciar de "Percentil" encontrado en 2026-08-03
▶️ Iniciando consulta de "Percentil Prueba Prueba" (set #1)...
📤 [API REQUEST    +57.13s] POST https://admin-dev.mediplanner.mx/api/appointments/getFilteredAppointments
📤 [API REQUEST    +57.13s] POST https://admin-dev.mediplanner.mx/api/patients/getPatient
💉 Llenando signos vitales...
✅ [API RESPONSE   +57.88s] (755ms) 200 https://admin-dev.mediplanner.mx/api/appointments/getFilteredAppointments → {"status":"OK","data":[{"title":"Consulta inicial","doctor_id":467,"doctor_name":"Dr.Walter Hartwell White","doctor_img"
✅ [API RESPONSE   +58.19s] (1062ms) 200 https://admin-dev.mediplanner.mx/api/patients/getPatient → {"status":"OK","data":{"id":903,"iEstatusId":2,"sEstatus":"Aceptada","sImagen":"","sNombre":"Percentil","sPaterno":"Prue
💉 Signos vitales [set #1]: peso=13 talla=92 perímetro=48 PA=120/080 temp=37.0 FC=75 sat=99 FR=20 glucosa=95
📤 [API REQUEST    +58.26s] POST https://admin-dev.mediplanner.mx/api/patients/getPatient
📤 [API REQUEST    +58.37s] POST https://admin-dev.mediplanner.mx/api/patients/getPatient
ℹ️ No se encontró campo de perímetro cefálico en signos vitales (puede no aplicar).
📤 [API REQUEST    +58.46s] POST https://admin-dev.mediplanner.mx/api/patients/getPatient
📤 [API REQUEST    +58.55s] POST https://admin-dev.mediplanner.mx/api/patients/getPatient
📤 [API REQUEST    +58.64s] POST https://admin-dev.mediplanner.mx/api/patients/getPatient
✅ [API RESPONSE   +58.66s] (404ms) 200 https://admin-dev.mediplanner.mx/api/patients/getPatient → {"status":"OK","data":{"id":903,"iEstatusId":2,"sEstatus":"Aceptada","sImagen":"","sNombre":"Percentil","sPaterno":"Prue
📤 [API REQUEST    +58.74s] POST https://admin-dev.mediplanner.mx/api/patients/getPatient
✅ [API RESPONSE   +58.81s] (440ms) 200 https://admin-dev.mediplanner.mx/api/patients/getPatient → {"status":"OK","data":{"id":903,"iEstatusId":2,"sEstatus":"Aceptada","sImagen":"","sNombre":"Percentil","sPaterno":"Prue
📤 [API REQUEST    +58.84s] POST https://admin-dev.mediplanner.mx/api/patients/getPatient
✅ [API RESPONSE   +59.12s] (656ms) 200 https://admin-dev.mediplanner.mx/api/patients/getPatient → {"status":"OK","data":{"id":903,"iEstatusId":2,"sEstatus":"Aceptada","sImagen":"","sNombre":"Percentil","sPaterno":"Prue
✅ [API RESPONSE   +59.18s] (631ms) 200 https://admin-dev.mediplanner.mx/api/patients/getPatient → {"status":"OK","data":{"id":903,"iEstatusId":2,"sEstatus":"Aceptada","sImagen":"","sNombre":"Percentil","sPaterno":"Prue
✅ [API RESPONSE   +59.31s] (671ms) 200 https://admin-dev.mediplanner.mx/api/patients/getPatient → {"status":"OK","data":{"id":903,"iEstatusId":2,"sEstatus":"Aceptada","sImagen":"","sNombre":"Percentil","sPaterno":"Prue
✅ [API RESPONSE   +59.37s] (629ms) 200 https://admin-dev.mediplanner.mx/api/patients/getPatient → {"status":"OK","data":{"id":903,"iEstatusId":2,"sEstatus":"Aceptada","sImagen":"","sNombre":"Percentil","sPaterno":"Prue
✅ [API RESPONSE   +59.42s] (577ms) 200 https://admin-dev.mediplanner.mx/api/patients/getPatient → {"status":"OK","data":{"id":903,"iEstatusId":2,"sEstatus":"Aceptada","sImagen":"","sNombre":"Percentil","sPaterno":"Prue
📤 [API REQUEST    +60.52s] POST https://admin-dev.mediplanner.mx/api/consultations/registerVitalSigns
✅ Signos vitales guardados
📤 [API REQUEST    +61.27s] POST https://admin-dev.mediplanner.mx/api/appointments/updateAppointmentStatus
✅ [API RESPONSE   +61.27s] (742ms) 200 https://admin-dev.mediplanner.mx/api/consultations/registerVitalSigns → {"status":"OK","data":{"message":"Signos vitales registrados correctamente","consulta_id":43}}
✅ [API RESPONSE   +61.69s] (418ms) 200 https://admin-dev.mediplanner.mx/api/appointments/updateAppointmentStatus → {"status":"OK","data":{"relacion_id":598,"message":"Estado de la cita actualizado correctamente"}}
📤 [API REQUEST    +63.25s] POST https://admin-dev.mediplanner.mx/api/treatments/getActiveTemplates
📤 [API REQUEST    +63.25s] POST https://admin-dev.mediplanner.mx/api/catalogs/getCatalogs
📤 [API REQUEST    +63.25s] POST https://admin-dev.mediplanner.mx/api/consultations/getTreatments
📤 [API REQUEST    +63.25s] POST https://admin-dev.mediplanner.mx/api/treatments/getUserTemplate
📤 [API REQUEST    +63.25s] POST https://admin-dev.mediplanner.mx/api/appointments/getAppointmentTypes
📤 [API REQUEST    +63.25s] POST https://admin-dev.mediplanner.mx/api/consultations/getConsultation
📤 [API REQUEST    +63.25s] POST https://admin-dev.mediplanner.mx/api/catalogs/getConfigurations
📤 [API REQUEST    +63.25s] POST https://admin-dev.mediplanner.mx/api/patients/getHistoryForms
📤 [API REQUEST    +63.25s] POST https://admin-dev.mediplanner.mx/api/patients/getPatient
❌ [REQUEST FAILED +63.41s] https://www.google-analytics.com/g/collect?v=2&tid=G-ZVKJ9CWYCW&gtm=45je67t1v9248896219za200zd9248896219&_p=1785530269666&gcd=13l3l3l3l1l1&npa=0&dma=0&_eu=AEEAAAQ&ae=a&are=1&cid=960475643.1785530213&frm=0&ngs=1&pscdl=noapi&rcb=15&sr=1536x960&uaa=x86&uab=64&uafvl=Chromium%3B145.0.7632.6%7CNot%253AA-Brand%3B99.0.0.0&uam=&uamb=0&uap=Windows&uapv=10.0&uaw=0&ul=en-us&_s=3&tag_exp=115938466~115938469~118395335~118897920~118897930~119527019~119896803&sid=1785530212&sct=1&seg=1&dl=https%3A%2F%2Fadmin-dev.mediplanner.mx%2FDashboard&dt=Mediplanner&en=form_start&ep.form_id=&ep.form_destination=https%3A%2F%2Fadmin-dev.mediplanner.mx%2FDashboard&epn.form_length=9&ep.first_field_id=&ep.first_field_name=peso&ep.first_field_type=text&epn.first_field_position=7&_et=9034&tfd=14336 — net::ERR_ABORTED
🔄 Esperando redirección...
✅ Redirigido a página de consulta
⏳ Esperando carga completa de la consulta...
❌ [REQUEST FAILED +63.49s] https://mediplanner-atencion.zendesk.com/frontendevents/pv?client=1B752747-577B-429A-A0E0-83861AF69088 — net::ERR_ABORTED
✅ [API RESPONSE   +63.50s] (252ms) 200 https://admin-dev.mediplanner.mx/api/catalogs/getCatalogs → {"status":"OK","data":{"medicamentos_tiempo":[{"id":1,"name":"Día","pluralName":"Días"},{"id":2,"name":"Semana","pluralN
✅ [API RESPONSE   +63.82s] (573ms) 200 https://admin-dev.mediplanner.mx/api/treatments/getActiveTemplates → {"status":"OK","data":{"plantillas_personalizadas":[{"id":1,"nombre":"","hospital_id":0,"hospital_nombre":"","ultima_act
✅ [API RESPONSE   +63.92s] (668ms) 200 https://admin-dev.mediplanner.mx/api/catalogs/getConfigurations → {"status":"OK","data":{"configurations":[{"type":1,"value":"30","name":"time_save","description":"Tiempo de guardado","i
📤 [API REQUEST    +64.05s] POST https://admin-dev.mediplanner.mx/api/forms/getFormsByCategory
📤 [API REQUEST    +64.05s] POST https://admin-dev.mediplanner.mx/api/consultations/getVitalSigns
📤 [API REQUEST    +64.05s] POST https://admin-dev.mediplanner.mx/api/patients/getPatient
📤 [API REQUEST    +64.05s] POST https://admin-dev.mediplanner.mx/api/consultations/getConsultations
📤 [API REQUEST    +64.05s] POST https://admin-dev.mediplanner.mx/api/procedures/getConsultationProcedures
📤 [API REQUEST    +64.05s] POST https://admin-dev.mediplanner.mx/api/patients/getHistoryForms
📤 [API REQUEST    +64.05s] POST https://admin-dev.mediplanner.mx/api/consultations/getForms
📤 [API REQUEST    +64.05s] POST https://admin-dev.mediplanner.mx/api/catalogs/getCatalogs
📤 [API REQUEST    +64.05s] GET https://admin-dev.mediplanner.mx/api/hospitals/getDrHospitals
📤 [API REQUEST    +64.05s] POST https://admin-dev.mediplanner.mx/api/consultations/getNotes
📤 [API REQUEST    +64.05s] POST https://admin-dev.mediplanner.mx/api/patients/getAllergiesByPatientId
✅ [API RESPONSE   +64.03s] (775ms) 200 https://admin-dev.mediplanner.mx/api/appointments/getAppointmentTypes → {"status":"OK","data":[{"doctor_id":467,"relacion_id":1,"cita_nombre":"Consulta inicial","duracion":5,"producto_id":0,"u
✅ [API RESPONSE   +64.03s] (783ms) 200 https://admin-dev.mediplanner.mx/api/consultations/getTreatments → {"status":"OK","data":[]}
✅ [API RESPONSE   +64.04s] (791ms) 200 https://admin-dev.mediplanner.mx/api/consultations/getConsultation → {"status":"OK","data":{"id":43,"doctor_id":467,"doctor_titulo":"Dr.","doctor_nombre":"Walter Hartwell White","doctor_img
✅ [API RESPONSE   +64.05s] (799ms) 200 https://admin-dev.mediplanner.mx/api/treatments/getUserTemplate → {"status":"OK","data":{"plantilla_id":1,"tipo_plantilla_id":2,"ancho_encabezado":800,"ancho_pie_pagina":800,"elemento1_i
✅ [API RESPONSE   +64.19s] (942ms) 200 https://admin-dev.mediplanner.mx/api/patients/getHistoryForms → {"status":"OK","data":[{"relacion_id":1,"nombre":"Antecedentes","fecha_creacion":"26/05/2026","fecha_actualizacion":"26/
📤 [API REQUEST    +64.21s] POST https://admin-dev.mediplanner.mx/api/patients/getFilledForm
📤 [API REQUEST    +64.21s] POST https://admin-dev.mediplanner.mx/api/patients/getFilledForm
📤 [API REQUEST    +64.21s] POST https://admin-dev.mediplanner.mx/api/patients/getFilledForm
📤 [API REQUEST    +64.21s] POST https://admin-dev.mediplanner.mx/api/patients/getFilledForm
📤 [API REQUEST    +64.21s] POST https://admin-dev.mediplanner.mx/api/patients/getFilledForm
✅ [API RESPONSE   +64.50s] (1245ms) 200 https://admin-dev.mediplanner.mx/api/patients/getPatient → {"status":"OK","data":{"id":903,"iEstatusId":2,"sEstatus":"Aceptada","sImagen":"","sNombre":"Percentil","sPaterno":"Prue
✅ [API RESPONSE   +64.64s] (596ms) 200 https://admin-dev.mediplanner.mx/api/procedures/getConsultationProcedures → {"status":"OK","data":[]}
✅ [API RESPONSE   +64.64s] (599ms) 200 https://admin-dev.mediplanner.mx/api/consultations/getVitalSigns → {"status":"OK","data":{"presion":"120/080","oxigenacion":"99","temperatura":"37","peso":"13","imc":"15.36","frecuencia_c
📤 [API REQUEST    +64.75s] POST https://admin-dev.mediplanner.mx/api/patients/getFilledForm
✅ [API RESPONSE   +64.74s] (694ms) 200 https://admin-dev.mediplanner.mx/api/patients/getPatient → {"status":"OK","data":{"id":903,"iEstatusId":2,"sEstatus":"Aceptada","sImagen":"","sNombre":"Percentil","sPaterno":"Prue
✅ [API RESPONSE   +64.75s] (699ms) 200 https://admin-dev.mediplanner.mx/api/patients/getHistoryForms → {"status":"OK","data":[{"relacion_id":3,"nombre":"ANTECEDENTES HEREDOFAMILIARES (2025)","fecha_creacion":"05/11/2025","f
✅ [API RESPONSE   +64.84s] (796ms) 200 https://admin-dev.mediplanner.mx/api/catalogs/getCatalogs → {"status":"OK","data":{"tipos_consulta":[{"id":1,"name":"Consulta General"},{"id":2,"name":"Seguimiento"}]}}
✅ [API RESPONSE   +65.12s] (1072ms) 200 https://admin-dev.mediplanner.mx/api/consultations/getForms → {"status":"OK","data":[{"formulario_padre":115,"relacion_id":217,"nombre":"Tratamiento","fecha_creacion":"31/07/2026","f
📤 [API REQUEST    +65.14s] POST https://admin-dev.mediplanner.mx/api/patients/getFilledForm
📤 [API REQUEST    +65.14s] POST https://admin-dev.mediplanner.mx/api/patients/getFilledForm
✅ [API RESPONSE   +65.25s] (1207ms) 200 https://admin-dev.mediplanner.mx/api/patients/getAllergiesByPatientId → {"status":"OK","data":[]}
✅ [API RESPONSE   +65.26s] (1210ms) 200 https://admin-dev.mediplanner.mx/api/consultations/getNotes → {"status":"OK","data":[]}
📤 [API REQUEST    +65.47s] POST https://admin-dev.mediplanner.mx/api/services/getServices
✅ [API RESPONSE   +65.46s] (1413ms) 200 https://admin-dev.mediplanner.mx/api/hospitals/getDrHospitals → {"status":"OK","data":[{"hospital_id":15,"relacion_id":2,"nombre":"Consultorio Personal","lugar":"","consultorio":"Gener
✅ [API RESPONSE   +66.44s] (2231ms) 200 https://admin-dev.mediplanner.mx/api/patients/getFilledForm → {"status":"OK","data":{"id":90,"sNombre":"Antecedentes","sVersion":"1.0","bActivo":true,"sEmoji":"","sDescripcion":"Desc
✅ [API RESPONSE   +66.44s] (2236ms) 200 https://admin-dev.mediplanner.mx/api/patients/getFilledForm → {"status":"OK","data":{"id":126,"sNombre":"ANTECEDENTES HEREDOFAMILIARES (2025)","sVersion":"1.0","bActivo":true,"sEmoji
✅ [API RESPONSE   +66.45s] (2238ms) 200 https://admin-dev.mediplanner.mx/api/patients/getFilledForm → {"status":"OK","data":{"id":189,"sNombre":"Perinatales","sVersion":"1.0","bActivo":true,"sEmoji":"","sDescripcion":"","d
✅ [API RESPONSE   +66.45s] (2239ms) 200 https://admin-dev.mediplanner.mx/api/patients/getFilledForm → {"status":"OK","data":{"id":124,"sNombre":"ANTECEDENTES PERSONALES NO PATOLÓGICOS (2025)","sVersion":"1.0","bActivo":tru
📋 Llenando sección General...
✅ Motivo de la consulta llenado
✅ Padecimiento actual llenado
✅ Notas de evolución llenadas
✅ Nombre referido llenado
✅ Sección General completada
👤 Llenando Apariencia general...
✅ Apariencia general llenada
🔍 Llenando Exploración segmentaria...
✅ [API RESPONSE   +68.02s] (2879ms) 200 https://admin-dev.mediplanner.mx/api/patients/getFilledForm → {"status":"OK","data":{"id":5,"iUsuarioId":467,"sNombre":"Exploracion segmentaria","sVersion":"","bActivo":true,"sEmoji"
✅ [API RESPONSE   +68.02s] (3812ms) 200 https://admin-dev.mediplanner.mx/api/patients/getFilledForm → {"status":"OK","data":{"id":125,"sNombre":"ANTECEDENTES PERSONALES PATOLÓGICOS (2025)","sVersion":"1.0","bActivo":true,"
✅ [API RESPONSE   +68.03s] (3278ms) 200 https://admin-dev.mediplanner.mx/api/patients/getFilledForm → {"status":"OK","data":{"id":126,"sNombre":"ANTECEDENTES HEREDOFAMILIARES (2025)","sVersion":"1.0","bActivo":true,"sEmoji
✅ [API RESPONSE   +68.03s] (2887ms) 200 https://admin-dev.mediplanner.mx/api/patients/getFilledForm → {"status":"OK","data":{"id":4,"iUsuarioId":467,"sNombre":"Aparatos y sistemas","sVersion":"","bActivo":true,"sEmoji":"",
☑️ Exploración segmentaria: 8 checkboxes encontrados
✅ [API RESPONSE   +68.27s] (2808ms) 200 https://admin-dev.mediplanner.mx/api/services/getServices → {"status":"OK","data":[{"servicio_id":1,"nombre":"Certificado Médico","duracion":15,"producto_id":239,"unidad_id":2,"obj
✅ [API RESPONSE   +68.38s] (4334ms) 200 https://admin-dev.mediplanner.mx/api/consultations/getConsultations → {"status":"OK","data":[{"id":41,"doctor_id":467,"doctor_titulo":"Dr.","doctor_nombre":"Walter Hartwell White","doctor_im
❌ [REQUEST FAILED +68.43s] https://www.google-analytics.com/g/collect?v=2&tid=G-ZVKJ9CWYCW&gtm=45je67t1v9248896219za200zd9248896219&_p=1785530269666&gcd=13l3l3l3l1l1&npa=0&dma=0&_eu=AEAAAAQ&ae=a&are=1&cid=960475643.1785530213&frm=0&ngs=1&pscdl=noapi&rcb=15&sr=1536x960&uaa=x86&uab=64&uafvl=Chromium%3B145.0.7632.6%7CNot%253AA-Brand%3B99.0.0.0&uam=&uamb=0&uap=Windows&uapv=10.0&uaw=0&ul=en-us&_s=4&tag_exp=115938466~115938469~118395335~118897920~118897930~119527019~119896803&dl=https%3A%2F%2Fadmin-dev.mediplanner.mx%2FConsulta%2FConsultaGeneral&dr=https%3A%2F%2Fadmin-dev.mediplanner.mx%2FDashboard&sid=1785530212&sct=1&seg=1&dt=Mediplanner&en=page_view&_et=4992&tfd=19339 — net::ERR_ABORTED
📤 [API REQUEST    +68.75s] POST https://admin-dev.mediplanner.mx/api/procedures/searchProcedures
📤 [API REQUEST    +68.75s] POST https://admin-dev.mediplanner.mx/api/procedures/getProceduresList
✅ [API RESPONSE   +68.74s] (4699ms) 200 https://admin-dev.mediplanner.mx/api/forms/getFormsByCategory → {"status":"OK","data":[{"id":115,"sNombre":"Tratamiento","sVersion":"1.0","bActivo":false,"sEmoji":"","sDescripcion":"Tr
📤 [API REQUEST    +68.76s] POST https://admin-dev.mediplanner.mx/api/consultations/getDiagnosis
✅ [API RESPONSE   +69.14s] (396ms) 200 https://admin-dev.mediplanner.mx/api/procedures/getProceduresList → {"status":"OK","data":{"procedures":[{"fecha_procedimiento":"2026-07-31 14:07:59","diagnosticos":[{"nombre":"TOS"}],"est
✅ [API RESPONSE   +69.15s] (383ms) 200 https://admin-dev.mediplanner.mx/api/consultations/getDiagnosis → {"status":"OK","data":[]}
✅ [API RESPONSE   +69.61s] (866ms) 200 https://admin-dev.mediplanner.mx/api/procedures/searchProcedures → {"status":"OK","data":{"procedures":[{"procedimiento_id":5628,"nombre":"'OTRA RECONSTRUCCIÓN TOTAL DE MAMA","tipo_id":2,
✅ Exploración segmentaria: 8/8 checkbox(es) marcados → [Cabeza, Cuello, Tórax, Abdomen, Columna vertebral, Miembros superiores, Genitales, Miembros inferiores]
Exploración segmentaria: 16 botones Normal/Anormal (esperados 16) | 8 campos de Observaciones (esperados 8)
✅ Exploración segmentaria: Normal/Anormal y Observaciones resueltos para los 8 ítems → [Cabeza, Cuello, Tórax, Abdomen, Columna vertebral, Miembros superiores, Genitales, Miembros inferiores]
📤 [API REQUEST    +76.28s] POST https://admin-dev.mediplanner.mx/api/patients/registerAnswers
✅ [API RESPONSE   +76.81s] (528ms) 200 https://admin-dev.mediplanner.mx/api/patients/registerAnswers → {"status":"OK","data":[]}
💾 Exploración segmentaria: "Guardar Respuestas" clickeado
🔍 Llenando Aparatos y sistemas...
☑️ Aparatos y sistemas: 15 checkboxes encontrados
✅ Aparatos y sistemas: 15/15 checkbox(es) marcados → [Articulado, Cardiovascular, Circulatorio, Digestivo, Endocrino, Esqueletico, Excretor, Inmunitario, Integumentario, Linfatico, Locomotor, Muscular, Nervioso, Reproductor, Respiratorio]
Aparatos y sistemas: 30 botones Normal/Anormal (esperados 30) | 15 campos de Observaciones (esperados 15)
✅ Aparatos y sistemas: Normal/Anormal y Observaciones resueltos para los 15 ítems → [Articulado, Cardiovascular, Circulatorio, Digestivo, Endocrino, Esqueletico, Excretor, Inmunitario, Integumentario, Linfatico, Locomotor, Muscular, Nervioso, Reproductor, Respiratorio]
📤 [API REQUEST    +91.43s] POST https://admin-dev.mediplanner.mx/api/patients/registerAnswers
✅ [API RESPONSE   +92.09s] (661ms) 200 https://admin-dev.mediplanner.mx/api/patients/registerAnswers → {"status":"OK","data":[]}
💾 Aparatos y sistemas: "Guardar Respuestas" clickeado
🩺 Llenando sección de Diagnóstico...
📤 [API REQUEST    +93.94s] POST https://admin-dev.mediplanner.mx/api/consultations/editConsultation
✅ [API RESPONSE   +94.23s] (295ms) 200 https://admin-dev.mediplanner.mx/api/consultations/editConsultation → {"status":"OK","data":{"consulta_id":43,"message":"Consulta actualizada exitosamente"}}
📤 [API REQUEST    +94.29s] POST https://admin-dev.mediplanner.mx/api/consultations/searchDiagnoses
✅ [API RESPONSE   +95.36s] (1068ms) 200 https://admin-dev.mediplanner.mx/api/consultations/searchDiagnoses → {"status":"OK","data":{"diagnosticos":[{"id":8318,"letra":null,"nombre":"CEFALEA","codigo":"R51X","capitulo":null,"grupo
✅ Diagnóstico CIE-10 seleccionado: "R51X - CEFALEA..."
✅ Impresión diagnóstica llenada
📤 [API REQUEST    +97.24s] POST https://admin-dev.mediplanner.mx/api/consultations/searchDiagnoses
✅ Observaciones del diagnóstico llenadas
✅ Sección de Diagnóstico completada
💊 Llenando sección de Tratamiento...
✅ [API RESPONSE   +97.71s] (468ms) 200 https://admin-dev.mediplanner.mx/api/consultations/searchDiagnoses → {"status":"OK","data":{"diagnosticos":[],"current_page":1,"from":0,"last_page":1,"per_page":20,"to":0,"total":0}}
✅ Indicaciones generales de tratamiento llenadas
📤 [API REQUEST    +98.75s] POST https://admin-dev.mediplanner.mx/api/medications/searchMedications
✅ [API RESPONSE   +101.74s] (2986ms) 200 https://admin-dev.mediplanner.mx/api/medications/searchMedications → {"status":"OK","data":{"medications":[{"id":4993,"nombre":"CAXICUM Tabletas","presentacion":"1 Frasco(s), 10 Tabletas, 8
✅ Medicamento seleccionado: "CAXICUM TabletasÁCIDO CLAVULÁNICO, AMOXICILINAACCORD FARMA" (buscado: "Amoxicilina")
✅ Formulario del medicamento llenado
✅ "Otros medicamentos" llenado: "Dieta blanda"
✅ Sección de Tratamiento completada (se guarda con el botón global "Guardar cambios")
🔬 Llenando Laboratorios y Procedimientos...
✅ Indicaciones de laboratorio llenadas
📤 [API REQUEST    +107.00s] POST https://admin-dev.mediplanner.mx/api/procedures/searchProcedures
✅ [API RESPONSE   +107.85s] (855ms) 200 https://admin-dev.mediplanner.mx/api/procedures/searchProcedures → {"status":"OK","data":{"procedures":[{"procedimiento_id":2,"nombre":"BIOMETRÍA HEMÁTICA","tipo_id":1,"tipo_nombre":"Labo
✅ Laboratorio seleccionado: "BIOMETRÍA HEMÁTICA" (buscado: "Biometría")
✅ Procedimiento llenado
✅ Laboratorios y Procedimientos completado (se guarda con el botón global "Guardar cambios")
📋 Llenando Notas del Médico...
✅ Notas del médico llenadas
🏥 Llenando sección de Servicios...
📋 2 opciones de servicio disponibles
✅ Servicio seleccionado: "Certificado Médico $15"
✅ Sección de Servicios completada (se guarda con el botón global "Guardar cambios")
💾 Clickeando "Guardar cambios" (global)...
📤 [API REQUEST    +112.27s] POST https://admin-dev.mediplanner.mx/api/consultations/addDiagnosis
📤 [API REQUEST    +112.89s] POST https://admin-dev.mediplanner.mx/api/consultations/setTreatments
✅ [API RESPONSE   +112.89s] (618ms) 200 https://admin-dev.mediplanner.mx/api/consultations/addDiagnosis → {"status":"OK","data":{"message":"Diagnósticos de consulta actualizados exitosamente"}}
📤 [API REQUEST    +113.18s] POST https://admin-dev.mediplanner.mx/api/consultations/setFreeTreatmentsConsultation
✅ [API RESPONSE   +113.18s] (289ms) 200 https://admin-dev.mediplanner.mx/api/consultations/setTreatments → {"status":"OK","data":{"message":"Tratamientos de consulta actualizados exitosamente"}}
📤 [API REQUEST    +113.66s] POST https://admin-dev.mediplanner.mx/api/procedures/setProceduresConsultation
✅ [API RESPONSE   +113.66s] (480ms) 200 https://admin-dev.mediplanner.mx/api/consultations/setFreeTreatmentsConsultation → {"status":"OK","data":"Tratamientos de consulta registrados exitosamente"}
📤 [API REQUEST    +114.07s] POST https://admin-dev.mediplanner.mx/api/consultations/addServices
✅ [API RESPONSE   +114.06s] (400ms) 200 https://admin-dev.mediplanner.mx/api/procedures/setProceduresConsultation → {"status":"OK","data":{"message":"Procedimientos de consulta actualizados exitosamente","nuevos":[{"relacion_id":1,"nomb
📤 [API REQUEST    +114.34s] POST https://admin-dev.mediplanner.mx/api/consultations/addNote
✅ [API RESPONSE   +114.33s] (266ms) 200 https://admin-dev.mediplanner.mx/api/consultations/addServices → {"status":"OK","data":"Servicios de consulta actualizados exitosamente"}
📤 [API REQUEST    +114.55s] POST https://admin-dev.mediplanner.mx/api/consultations/getNotes
✅ [API RESPONSE   +114.55s] (216ms) 200 https://admin-dev.mediplanner.mx/api/consultations/addNote → {"status":"OK","data":{"nota_id":1,"message":"Notas de consulta actualizadas exitosamente"}}
✅ [API RESPONSE   +115.03s] (475ms) 200 https://admin-dev.mediplanner.mx/api/consultations/getNotes → {"status":"OK","data":[{"nota_id":1,"texto":"<p>Notas del médico: Seguimiento de evolución clínica favorable. Paciente r
💾 Llamadas de guardado disparadas por "Guardar cambios": 6
   200 consultations/addDiagnosis
   200 consultations/setTreatments
   200 consultations/setFreeTreatmentsConsultation
   200 procedures/setProceduresConsultation
   200 consultations/addServices
   200 consultations/addNote

🏁 === INICIANDO FINALIZACIÓN DE CONSULTA ===
🏁 Esperando botón de finalizar consulta...
✅ Botón de finalizar encontrado y habilitado
📤 [API REQUEST    +117.50s] POST https://admin-dev.mediplanner.mx/api/consultations/finishConsultation
ℹ️ finishConsultation body → consulta_id=43 paciente_id=903
✅ Consulta finalizada
✅ [API RESPONSE   +117.78s] (285ms) 200 https://admin-dev.mediplanner.mx/api/consultations/finishConsultation → {"status":"OK","data":{"message":"Consulta finalizada exitosamente"}}
✅ Confirmación clickeada

🔎 === VERIFICANDO QUE LO LLENADO SIGUE GUARDADO Y ES CORRECTO ===
📤 [API REQUEST    +119.23s] POST https://admin-dev.mediplanner.mx/api/patients/getFilledForm
📤 [API REQUEST    +119.23s] POST https://admin-dev.mediplanner.mx/api/patients/getFilledForm
📤 [API REQUEST    +119.23s] POST https://admin-dev.mediplanner.mx/api/treatments/getActiveTemplates
📤 [API REQUEST    +119.23s] POST https://admin-dev.mediplanner.mx/api/catalogs/getCatalogs
📤 [API REQUEST    +119.23s] POST https://admin-dev.mediplanner.mx/api/consultations/getTreatments
📤 [API REQUEST    +119.23s] POST https://admin-dev.mediplanner.mx/api/treatments/getUserTemplate
📤 [API REQUEST    +119.23s] POST https://admin-dev.mediplanner.mx/api/forms/getFormsByCategory
📤 [API REQUEST    +119.23s] POST https://admin-dev.mediplanner.mx/api/appointments/getAppointmentTypes
📤 [API REQUEST    +119.23s] POST https://admin-dev.mediplanner.mx/api/consultations/getVitalSigns
📤 [API REQUEST    +119.24s] POST https://admin-dev.mediplanner.mx/api/patients/getPatient
📤 [API REQUEST    +119.24s] POST https://admin-dev.mediplanner.mx/api/consultations/getConsultation
📤 [API REQUEST    +119.24s] POST https://admin-dev.mediplanner.mx/api/consultations/getConsultations
📤 [API REQUEST    +119.24s] POST https://admin-dev.mediplanner.mx/api/consultations/getDiagnosis
📤 [API REQUEST    +119.24s] POST https://admin-dev.mediplanner.mx/api/procedures/getConsultationProcedures
📤 [API REQUEST    +119.24s] POST https://admin-dev.mediplanner.mx/api/patients/getHistoryForms
📤 [API REQUEST    +119.24s] POST https://admin-dev.mediplanner.mx/api/consultations/getNotes
📤 [API REQUEST    +119.24s] POST https://admin-dev.mediplanner.mx/api/patients/getAllergiesByPatientId
📤 [API REQUEST    +119.24s] POST https://admin-dev.mediplanner.mx/api/catalogs/getCatalogs
📤 [API REQUEST    +119.24s] POST https://admin-dev.mediplanner.mx/api/treatments/getActiveTemplates
📤 [API REQUEST    +119.24s] POST https://admin-dev.mediplanner.mx/api/patients/getHistoryForms
📤 [API REQUEST    +119.24s] POST https://admin-dev.mediplanner.mx/api/patients/getPatient
❌ [REQUEST FAILED +119.48s] https://mediplanner-atencion.zendesk.com/frontendevents/pv?client=1B752747-577B-429A-A0E0-83861AF69088 — net::ERR_ABORTED
✅ [API RESPONSE   +119.94s] (710ms) 200 https://admin-dev.mediplanner.mx/api/catalogs/getCatalogs → {"status":"OK","data":{"medicamentos_tiempo":[{"id":1,"name":"Día","pluralName":"Días"},{"id":2,"name":"Semana","pluralN
✅ [API RESPONSE   +119.95s] (716ms) 200 https://admin-dev.mediplanner.mx/api/treatments/getActiveTemplates → {"status":"OK","data":{"plantillas_personalizadas":[{"id":1,"nombre":"","hospital_id":0,"hospital_nombre":"","ultima_act
✅ [API RESPONSE   +119.95s] (716ms) 200 https://admin-dev.mediplanner.mx/api/consultations/getTreatments → {"status":"OK","data":[{"tratamiento_id":1,"medicamento_id":4993,"medicamento_nombre":"CAXICUM Tabletas","indicaciones":
✅ [API RESPONSE   +119.96s] (723ms) 200 https://admin-dev.mediplanner.mx/api/treatments/getUserTemplate → {"status":"OK","data":{"plantilla_id":1,"tipo_plantilla_id":2,"ancho_encabezado":800,"ancho_pie_pagina":800,"elemento1_i
✅ [API RESPONSE   +120.35s] (1111ms) 200 https://admin-dev.mediplanner.mx/api/consultations/getVitalSigns → {"status":"OK","data":{"presion":"120/080","oxigenacion":"99","temperatura":"37","peso":"13","imc":"15.36","frecuencia_c
🔴 [DEVTOOLS ERROR +120.56s] Failed to load resource: the server responded with a status of 404 (Not Found)
🔴 [DEVTOOLS ERROR +120.56s] Error fetching formularios paciente: undefined
🔴 [DEVTOOLS ERROR +120.56s] Failed to load resource: the server responded with a status of 404 (Not Found)
🔴 [DEVTOOLS ERROR +120.56s] Error fetching formularios paciente: undefined
🟠 [API RESPONSE   +120.55s] (1323ms) 404 https://admin-dev.mediplanner.mx/api/patients/getFilledForm → {"status":"ERROR","message":"No se encontró el formulario asignado al paciente"}
🟠 [API RESPONSE   +120.56s] (1329ms) 404 https://admin-dev.mediplanner.mx/api/patients/getFilledForm → {"status":"ERROR","message":"No se encontró el formulario asignado al paciente"}
✅ [API RESPONSE   +121.06s] (1829ms) 200 https://admin-dev.mediplanner.mx/api/appointments/getAppointmentTypes → {"status":"OK","data":[{"doctor_id":467,"relacion_id":1,"cita_nombre":"Consulta inicial","duracion":5,"producto_id":0,"u
✅ [API RESPONSE   +121.07s] (1830ms) 200 https://admin-dev.mediplanner.mx/api/patients/getPatient → {"status":"OK","data":{"id":903,"iEstatusId":2,"sEstatus":"Aceptada","sImagen":"","sNombre":"Percentil","sPaterno":"Prue
✅ [API RESPONSE   +121.08s] (1844ms) 200 https://admin-dev.mediplanner.mx/api/consultations/getDiagnosis → {"status":"OK","data":[{"diagnostico_id":8318,"nombre":"CEFALEA","codigo":"R51X","fecha_creacion":"31/07/2026","fecha_ac
✅ [API RESPONSE   +121.18s] (1943ms) 200 https://admin-dev.mediplanner.mx/api/consultations/getConsultation → {"status":"OK","data":{"id":43,"doctor_id":467,"doctor_titulo":"Dr.","doctor_nombre":"Walter Hartwell White","doctor_img
✅ [API RESPONSE   +121.99s] (2753ms) 200 https://admin-dev.mediplanner.mx/api/consultations/getNotes → {"status":"OK","data":[{"nota_id":1,"texto":"<p>Notas del médico: Seguimiento de evolución clínica favorable. Paciente r
✅ [API RESPONSE   +121.99s] (2756ms) 200 https://admin-dev.mediplanner.mx/api/procedures/getConsultationProcedures → {"status":"OK","data":[{"procedimiento_id":2,"relacion_id":1,"nombre":"BIOMETRÍA HEMÁTICA","indicaciones":"Biometría hem
📤 [API REQUEST    +122.09s] POST https://admin-dev.mediplanner.mx/api/patients/getFilledForm
✅ [API RESPONSE   +122.09s] (2851ms) 200 https://admin-dev.mediplanner.mx/api/patients/getHistoryForms → {"status":"OK","data":[{"relacion_id":3,"nombre":"ANTECEDENTES HEREDOFAMILIARES (2025)","fecha_creacion":"05/11/2025","f
✅ [API RESPONSE   +122.09s] (2857ms) 200 https://admin-dev.mediplanner.mx/api/patients/getAllergiesByPatientId → {"status":"OK","data":[]}
✅ [API RESPONSE   +122.39s] (3158ms) 200 https://admin-dev.mediplanner.mx/api/catalogs/getCatalogs → {"status":"OK","data":{"tipos_consulta":[{"id":1,"name":"Consulta General"},{"id":2,"name":"Seguimiento"}]}}
📤 [API REQUEST    +122.62s] POST https://admin-dev.mediplanner.mx/api/patients/getFilledForm
📤 [API REQUEST    +122.62s] POST https://admin-dev.mediplanner.mx/api/patients/getFilledForm
📤 [API REQUEST    +122.62s] POST https://admin-dev.mediplanner.mx/api/patients/getFilledForm
📤 [API REQUEST    +122.62s] POST https://admin-dev.mediplanner.mx/api/patients/getFilledForm
📤 [API REQUEST    +122.62s] POST https://admin-dev.mediplanner.mx/api/patients/getFilledForm
✅ [API RESPONSE   +122.61s] (3374ms) 200 https://admin-dev.mediplanner.mx/api/patients/getHistoryForms → {"status":"OK","data":[{"relacion_id":1,"nombre":"Antecedentes","fecha_creacion":"26/05/2026","fecha_actualizacion":"26/
✅ [API RESPONSE   +122.61s] (3376ms) 200 https://admin-dev.mediplanner.mx/api/treatments/getActiveTemplates → {"status":"OK","data":{"plantillas_personalizadas":[{"id":1,"nombre":"","hospital_id":0,"hospital_nombre":"","ultima_act
✅ [API RESPONSE   +123.52s] (4283ms) 200 https://admin-dev.mediplanner.mx/api/patients/getPatient → {"status":"OK","data":{"id":903,"iEstatusId":2,"sEstatus":"Aceptada","sImagen":"","sNombre":"Percentil","sPaterno":"Prue
✅ [API RESPONSE   +123.93s] (1309ms) 200 https://admin-dev.mediplanner.mx/api/patients/getFilledForm → {"status":"OK","data":{"id":90,"sNombre":"Antecedentes","sVersion":"1.0","bActivo":true,"sEmoji":"","sDescripcion":"Desc
✅ [API RESPONSE   +123.94s] (1843ms) 200 https://admin-dev.mediplanner.mx/api/patients/getFilledForm → {"status":"OK","data":{"id":126,"sNombre":"ANTECEDENTES HEREDOFAMILIARES (2025)","sVersion":"1.0","bActivo":true,"sEmoji
✅ [API RESPONSE   +123.94s] (1315ms) 200 https://admin-dev.mediplanner.mx/api/patients/getFilledForm → {"status":"OK","data":{"id":189,"sNombre":"Perinatales","sVersion":"1.0","bActivo":true,"sEmoji":"","sDescripcion":"","d
✅ [API RESPONSE   +124.14s] (1515ms) 200 https://admin-dev.mediplanner.mx/api/patients/getFilledForm → {"status":"OK","data":{"id":126,"sNombre":"ANTECEDENTES HEREDOFAMILIARES (2025)","sVersion":"1.0","bActivo":true,"sEmoji
✅ [API RESPONSE   +124.44s] (1824ms) 200 https://admin-dev.mediplanner.mx/api/patients/getFilledForm → {"status":"OK","data":{"id":124,"sNombre":"ANTECEDENTES PERSONALES NO PATOLÓGICOS (2025)","sVersion":"1.0","bActivo":tru
✅ [API RESPONSE   +124.45s] (1828ms) 200 https://admin-dev.mediplanner.mx/api/patients/getFilledForm → {"status":"OK","data":{"id":125,"sNombre":"ANTECEDENTES PERSONALES PATOLÓGICOS (2025)","sVersion":"1.0","bActivo":true,"
❌ [REQUEST FAILED +125.02s] https://www.google-analytics.com/g/collect?v=2&tid=G-ZVKJ9CWYCW&gtm=45je67t1v9248896219za200zd9248896219&_p=1785530269666&gcd=13l3l3l3l1l1&npa=0&dma=0&_eu=AEAAAAQ&ae=a&are=1&cid=960475643.1785530213&frm=0&ngs=1&pscdl=noapi&rcb=15&sr=1536x960&uaa=x86&uab=64&uafvl=Chromium%3B145.0.7632.6%7CNot%253AA-Brand%3B99.0.0.0&uam=&uamb=0&uap=Windows&uapv=10.0&uaw=0&ul=en-us&_s=5&tag_exp=115938466~115938469~118395335~118897920~118897930~119527019~119896803&dl=https%3A%2F%2Fadmin-dev.mediplanner.mx%2FConsulta%2FConsultaDetalles&dr=https%3A%2F%2Fadmin-dev.mediplanner.mx%2FConsulta%2FConsultaGeneral&sid=1785530212&sct=1&seg=1&dt=Mediplanner&en=page_view&_et=56527&tfd=75874 — net::ERR_ABORTED
📤 [API REQUEST    +125.18s] POST https://admin-dev.mediplanner.mx/api/consultations/searchDiagnoses
📤 [API REQUEST    +125.18s] POST https://admin-dev.mediplanner.mx/api/procedures/searchProcedures
📤 [API REQUEST    +125.18s] POST https://admin-dev.mediplanner.mx/api/consultations/getForms
✅ [API RESPONSE   +125.17s] (5940ms) 200 https://admin-dev.mediplanner.mx/api/forms/getFormsByCategory → {"status":"OK","data":[{"id":115,"sNombre":"Tratamiento","sVersion":"1.0","bActivo":false,"sEmoji":"","sDescripcion":"Tr
✅ [API RESPONSE   +125.23s] (5998ms) 200 https://admin-dev.mediplanner.mx/api/consultations/getConsultations → {"status":"OK","data":[{"id":43,"doctor_id":467,"doctor_titulo":"Dr.","doctor_nombre":"Walter Hartwell White","doctor_im
✅ [API RESPONSE   +125.50s] (320ms) 200 https://admin-dev.mediplanner.mx/api/consultations/getForms → {"status":"OK","data":[{"formulario_padre":115,"relacion_id":217,"nombre":"Tratamiento","fecha_creacion":"31/07/2026","f
📤 [API REQUEST    +125.51s] POST https://admin-dev.mediplanner.mx/api/patients/getFilledForm
📤 [API REQUEST    +125.51s] POST https://admin-dev.mediplanner.mx/api/patients/getFilledForm
Estatus de la consulta reabierta: "Terminada"
  ✅ motivo: "Paciente acude a consulta por cefalea persistente de 3 días "
  ✅ padecimiento: "Inicia padecimiento actual hace 3 días con cefalea frontal d"
  ✅ notas_evolucion: "Evolución favorable sin complicaciones"
  ✅ nombre_referido: "Dr. Alejandro Torres (Medicina General)"
  ✅ apariencia: "Paciente bien nutrido, hidratado, consciente, orientado, sin"
  ✅ impresion_diagnostico: "Impresión diagnóstica: Condición médica a evaluar. Se solici"
  ✅ indicaciones_general: "<p>Dieta blanda, evitar irritantes, seguimiento en 48-72 hor"
  ✅ indicaciones_procedimiento: "<p>Solicitar estudios de laboratorio de rutina</p>"
  ✅ diagnosticos: 1 elemento(s)
  ✅ servicios: 1 elemento(s)
✅ [API RESPONSE   +126.09s] (584ms) 200 https://admin-dev.mediplanner.mx/api/patients/getFilledForm → {"status":"OK","data":{"id":5,"iUsuarioId":467,"sNombre":"Exploracion segmentaria","sVersion":"","bActivo":true,"sEmoji"
✅ [API RESPONSE   +126.11s] (934ms) 200 https://admin-dev.mediplanner.mx/api/procedures/searchProcedures → {"status":"OK","data":{"procedures":[{"procedimiento_id":5628,"nombre":"'OTRA RECONSTRUCCIÓN TOTAL DE MAMA","tipo_id":2,
✅ [API RESPONSE   +126.22s] (710ms) 200 https://admin-dev.mediplanner.mx/api/patients/getFilledForm → {"status":"OK","data":{"id":4,"iUsuarioId":467,"sNombre":"Aparatos y sistemas","sVersion":"","bActivo":true,"sEmoji":"",
✅ [API RESPONSE   +126.28s] (1109ms) 200 https://admin-dev.mediplanner.mx/api/consultations/searchDiagnoses → {"status":"OK","data":{"diagnosticos":[{"id":167,"letra":null,"nombre":"YERSINIOSIS EXTRAINTESTINAL","codigo":"A282","ca
  ✅ medicamentos guardados: 2
  ⏳ Exploración segmentaria: getFilledForm en blanco, esperando 10000ms antes de reintentar (intento 1/6)...
  ⏳ Exploración segmentaria: getFilledForm en blanco, esperando 15000ms antes de reintentar (intento 2/6)...
  ⏳ Exploración segmentaria: getFilledForm en blanco, esperando 20000ms antes de reintentar (intento 3/6)...
  ⏳ Exploración segmentaria: getFilledForm en blanco, esperando 25000ms antes de reintentar (intento 4/6)...
  ⏳ Exploración segmentaria: getFilledForm en blanco, esperando 30000ms antes de reintentar (intento 5/6)...
  ⏳ Exploración segmentaria: getFilledForm en blanco, esperando 30000ms antes de reintentar (intento 6/6)...
❌ Exploración segmentaria: getFilledForm siguió devolviendo el formulario en blanco tras 130000ms de reintentos — no se pudo confirmar que el retraso sea transitorio en esta corrida.
  ⏳ Aparatos y sistemas: getFilledForm en blanco, esperando 10000ms antes de reintentar (intento 1/6)...
  ⏳ Aparatos y sistemas: getFilledForm en blanco, esperando 15000ms antes de reintentar (intento 2/6)...
  ⏳ Aparatos y sistemas: getFilledForm en blanco, esperando 20000ms antes de reintentar (intento 3/6)...
  ⏳ Aparatos y sistemas: getFilledForm en blanco, esperando 25000ms antes de reintentar (intento 4/6)...
  ⏳ Aparatos y sistemas: getFilledForm en blanco, esperando 30000ms antes de reintentar (intento 5/6)...
  ⏳ Aparatos y sistemas: getFilledForm en blanco, esperando 30000ms antes de reintentar (intento 6/6)...
❌ Aparatos y sistemas: getFilledForm siguió devolviendo el formulario en blanco tras 130000ms de reintentos — no se pudo confirmar que el retraso sea transitorio en esta corrida.

🐛 2 inconsistencia(s) encontradas tras Finalizar:
   - Exploración segmentaria: getFilledForm siguió devolviendo el formulario en blanco tras 130000ms de reintentos — no se pudo confirmar que el retraso sea transitorio en esta corrida.
   - Aparatos y sistemas: getFilledForm siguió devolviendo el formulario en blanco tras 130000ms de reintentos — no se pudo confirmar que el retraso sea transitorio en esta corrida.

🎉 === CONSULTA COMPLETADA EXITOSAMENTE ===

══════════════════════════════════════════════════════════════════════
📊  RESUMEN DEVTOOLS MONITOR
══════════════════════════════════════════════════════════════════════
⏱️  Duración total:         397.8s
📤  API Requests enviados:  141
✅  Responses exitosas:     133
🟠  Responses con error:    2
🔴  Errores de JS/consola:  50
🟡  Warnings de consola:    0

── Errores detectados ──────────────────────────────────────────────
  [1] +0.93s → net::ERR_ABORTED
  [2] +2.60s → net::ERR_ABORTED
  [3] +5.87s → net::ERR_ABORTED
  [4] +14.91s → data-stepper-next not found
  [5] +16.31s → net::ERR_ABORTED
  [6] +20.80s → net::ERR_ABORTED
  [7] +40.60s → net::ERR_ABORTED
  [8] +40.60s → net::ERR_ABORTED
  [9] +40.91s → net::ERR_ABORTED
  [10] +40.93s → net::ERR_ABORTED
  [11] +40.93s → net::ERR_ABORTED
  [12] +42.94s → net::ERR_ABORTED
  [13] +43.67s → net::ERR_ABORTED
  [14] +43.67s → net::ERR_ABORTED
  [15] +43.67s → net::ERR_ABORTED
  [16] +44.08s → net::ERR_ABORTED
  [17] +44.15s → net::ERR_ABORTED
  [18] +44.15s → net::ERR_ABORTED
  [19] +44.61s → net::ERR_ABORTED
  [20] +44.61s → net::ERR_ABORTED
  [21] +44.61s → net::ERR_ABORTED
  [22] +44.61s → net::ERR_ABORTED
  [23] +44.61s → net::ERR_ABORTED
  [24] +44.61s → net::ERR_ABORTED
  [25] +44.61s → net::ERR_ABORTED
  [26] +44.61s → net::ERR_ABORTED
  [27] +45.32s → net::ERR_ABORTED
  [28] +45.60s → net::ERR_ABORTED
  [29] +47.15s → net::ERR_ABORTED
  [30] +47.15s → net::ERR_ABORTED
  [31] +47.15s → net::ERR_ABORTED
  [32] +47.42s → net::ERR_ABORTED
  [33] +47.55s → net::ERR_ABORTED
  [34] +49.13s → net::ERR_ABORTED
  [35] +49.13s → net::ERR_ABORTED
  [36] +49.14s → net::ERR_ABORTED
  [37] +49.14s → net::ERR_ABORTED
  [38] +49.14s → net::ERR_ABORTED
  [39] +49.41s → net::ERR_ABORTED
  [40] +49.56s → net::ERR_ABORTED
  [41] +54.41s → net::ERR_ABORTED
  [42] +63.41s → net::ERR_ABORTED
  [43] +63.49s → net::ERR_ABORTED
  [44] +68.43s → net::ERR_ABORTED
  [45] +119.48s → net::ERR_ABORTED
  [46] +120.56s → Failed to load resource: the server responded with a status of 404 (Not Found)
  [47] +120.56s → Error fetching formularios paciente: undefined
  [48] +120.56s → Failed to load resource: the server responded with a status of 404 (Not Found)
  [49] +120.56s → Error fetching formularios paciente: undefined
  [50] +125.02s → net::ERR_ABORTED

── API calls fallidas ──────────────────────────────────────────────
  [1] +120.55s → 404 https://admin-dev.mediplanner.mx/api/patients/getFilledForm
       Body: {"status":"ERROR","message":"No se encontró el formulario asignado al paciente"}
  [2] +120.56s → 404 https://admin-dev.mediplanner.mx/api/patients/getFilledForm
       Body: {"status":"ERROR","message":"No se encontró el formulario asignado al paciente"}
══════════════════════════════════════════════════════════════════════

⚠️ El test terminó con 50 error(es) y 2 API call(s) fallida(s).
  x  2 [doctor-consultation] › tests\consultation.full-flow.spec.js:661:1 › Start a scheduled consultation from Inicio (6.6m)


  1) [doctor-consultation] › tests\consultation.full-flow.spec.js:661:1 › Start a scheduled consultation from Inicio 

    Error: No debe haber responses con error de API: [{"direction":"RESPONSE","method":"POST","status":404,"url":"https://admin-dev.mediplanner.mx/api/patients/getFilledForm","bodyPreview":"{\"status\":\"ERROR\",\"message\":\"No se encontró el formulario asignado al paciente\"}","timestamp":"120.55","latencyMs":1323},{"direction":"RESPONSE","method":"POST","status":404,"url":"https://admin-dev.mediplanner.mx/api/patients/getFilledForm","bodyPreview":"{\"status\":\"ERROR\",\"message\":\"No se encontró el formulario asignado al paciente\"}","timestamp":"120.56","latencyMs":1329}]

    [2mexpect([22m[31mreceived[39m[2m).[22mtoBe[2m([22m[32mexpected[39m[2m) // Object.is equality[22m

    Expected: [32m0[39m
    Received: [31m2[39m

       999 |
      1000 |   expect(serviciosSinOpciones, '🐛 BUG: dropdown "Agregar servicios" sin opciones ("No se encontraron elementos")').toBe(false);
    > 1001 |   expect(result.failedApiCalls.length, `No debe haber responses con error de API: ${JSON.stringify(result.failedApiCalls)}`).toBe(0);
           |                                                                                                                              ^
      1002 |   expect(inconsistencias, `Datos inconsistentes tras Finalizar:\n${inconsistencias.join('\n')}`).toEqual([]);
      1003 | });
      1004 |
        at C:\Users\pandr\OneDrive\00_Pedro_Quijada\03_RYM-Solutions\Repositorios\MediplannerWebNuevo\tests\consultation.full-flow.spec.js:1001:126

    attachment #1: screenshot (image/png) ──────────────────────────────────────────────────────────
    test-results\consultation.full-flow-Sta-327b2-ed-consultation-from-Inicio-doctor-consultation\test-failed-1.png
    ────────────────────────────────────────────────────────────────────────────────────────────────

    Error Context: test-results\consultation.full-flow-Sta-327b2-ed-consultation-from-Inicio-doctor-consultation\error-context.md

  Slow test file: [doctor-consultation] › tests\consultation.full-flow.spec.js (6.6m)
  Consider running tests from slow files in parallel. See: https://playwright.dev/docs/test-parallel
  1 failed
    [doctor-consultation] › tests\consultation.full-flow.spec.js:661:1 › Start a scheduled consultation from Inicio 
  1 passed (6.8m)
=== FIN PROYECTO vuelta=3 proyecto=doctor-consultation exit=1 14:43:38 ===
=== INICIO PROYECTO vuelta=3 proyecto=consultation-inputs-validation 14:43:38 ===
[dotenv@17.3.1] injecting env (4) from .env -- tip: 🔐 prevent building .env in docker: https://dotenvx.com/prebuild

Running 2 tests using 1 worker

[dotenv@17.3.1] injecting env (0) from .env -- tip: ⚙️  specify custom .env file path with { path: '/custom/path/.env' }
🔐 Iniciando proceso de autenticación...
🌐 URL base: https://admin-dev.mediplanner.mx/
📧 Email: dr.***@gmail.com
✅ Navegación exitosa a la página principal
⏳ Esperando formulario de login...
✅ Formulario de login detectado
✅ Campo email llenado
✅ Campo contraseña llenado
✅ Botón de login clickeado
✅ Página principal cargada
✅ Autenticación exitosa - Redirigido fuera de login
✅ Sesión guardada en storageState.json
  ok 1 [setup] › tests\auth.setup.ts:7:6 › authenticate (5.2s)
[dotenv@17.3.1] injecting env (0) from .env -- tip: 🛠️  run anywhere with `dotenvx run -- yourcommand`
🏠 Navegando a Dashboard (Inicio)...
⚠️ No hay citas con botón Iniciar hoy
🔍 Revisando próximos 5 días...
[2026-07-31T20:43:53.508Z] ℹ️  Buscando botón Iniciar en los próximos 5 días...
[2026-07-31T20:43:53.554Z] ⚠️  Calendario del Dashboard no renderizó (intento 1/3), recargando...
[2026-07-31T20:43:56.008Z] ⚠️  Calendario del Dashboard no renderizó (intento 2/3), recargando...
[2026-07-31T20:43:57.966Z] ⚠️  Calendario del Dashboard no renderizó (intento 3/3), recargando...
[2026-07-31T20:43:59.921Z] ⚠️  El calendario del Dashboard no llegó a renderizar (td[data-day])
[2026-07-31T20:43:59.923Z] ℹ️  Revisando fecha: 2026-07-31
[2026-07-31T20:43:59.949Z] ℹ️  Revisando fecha: 2026-08-01
[2026-07-31T20:43:59.973Z] ⚠️  No se encontró la celda del calendario para 2026-08-01
[2026-07-31T20:43:59.974Z] ℹ️  Revisando fecha: 2026-08-02
[2026-07-31T20:43:59.994Z] ⚠️  No se encontró la celda del calendario para 2026-08-02
[2026-07-31T20:43:59.995Z] ℹ️  Revisando fecha: 2026-08-03
[2026-07-31T20:44:00.013Z] ⚠️  No se encontró la celda del calendario para 2026-08-03
[2026-07-31T20:44:00.013Z] ℹ️  Revisando fecha: 2026-08-04
[2026-07-31T20:44:00.034Z] ⚠️  No se encontró la celda del calendario para 2026-08-04
[2026-07-31T20:44:00.034Z] ℹ️  Revisando fecha: 2026-08-05
[2026-07-31T20:44:00.050Z] ⚠️  No se encontró la celda del calendario para 2026-08-05
📅 No se encontraron citas en 5 días, creando una cita...
📅 Creando nueva cita usando utils...
[2026-07-31T20:44:00.052Z] ℹ️  Explorando próximos 5 días para registrar una cita...
[2026-07-31T20:44:05.922Z] ℹ️  Buscando botón "Agendar cita"...
[2026-07-31T20:44:06.481Z] ℹ️  Comboboxes en wizard: 1
[2026-07-31T20:44:07.172Z] ℹ️  Esperando 2s a que carguen opciones...
[2026-07-31T20:44:09.199Z] ℹ️  Opciones encontradas: 10
[2026-07-31T20:44:09.304Z] ✅ Opción seleccionada
[2026-07-31T20:44:12.464Z] ℹ️  Selects en paso 2: 2
[2026-07-31T20:44:12.471Z] ℹ️  Opciones tipo consulta: 4
[2026-07-31T20:44:14.078Z] ℹ️  Opciones hospital: 6
[2026-07-31T20:44:15.305Z] ℹ️  Buscando input de fecha...
[2026-07-31T20:44:17.326Z] ✅ Input de fecha encontrado con selector: input[type="date"]
[2026-07-31T20:44:17.335Z] ℹ️  Intentando registrar cita en: 2026-07-31
[2026-07-31T20:44:19.447Z] ⚠️  No hay horas disponibles en 2026-07-31
[2026-07-31T20:44:19.448Z] ℹ️  Intentando registrar cita en: 2026-08-01
[2026-07-31T20:44:20.605Z] ❌ Error al intentar fecha 2026-08-01: page.waitForTimeout: Target page, context or browser has been closed
[2026-07-31T20:44:20.609Z] ⚠️  Error menor al manejar modals: locator.count: Target page, context or browser has been closed
[2026-07-31T20:44:20.609Z] ℹ️  Intentando registrar cita en: 2026-08-02
[2026-07-31T20:44:20.612Z] ❌ Error al intentar fecha 2026-08-02: locator.fill: Target page, context or browser has been closed
[2026-07-31T20:44:20.614Z] ⚠️  Error menor al manejar modals: locator.count: Target page, context or browser has been closed
[2026-07-31T20:44:20.614Z] ℹ️  Intentando registrar cita en: 2026-08-03
[2026-07-31T20:44:20.617Z] ❌ Error al intentar fecha 2026-08-03: locator.fill: Target page, context or browser has been closed
[2026-07-31T20:44:20.620Z] ⚠️  Error menor al manejar modals: locator.count: Target page, context or browser has been closed
[2026-07-31T20:44:20.620Z] ℹ️  Intentando registrar cita en: 2026-08-04
[2026-07-31T20:44:20.622Z] ❌ Error al intentar fecha 2026-08-04: locator.fill: Target page, context or browser has been closed
[2026-07-31T20:44:20.624Z] ⚠️  Error menor al manejar modals: locator.count: Target page, context or browser has been closed
[2026-07-31T20:44:20.624Z] ℹ️  Intentando registrar cita en: 2026-08-05
[2026-07-31T20:44:20.627Z] ❌ Error al intentar fecha 2026-08-05: locator.fill: Target page, context or browser has been closed
[2026-07-31T20:44:20.629Z] ⚠️  Error menor al manejar modals: locator.count: Target page, context or browser has been closed
[2026-07-31T20:44:20.629Z] ℹ️  Intentando registrar cita en: 2026-08-06
[2026-07-31T20:44:20.632Z] ❌ Error al intentar fecha 2026-08-06: locator.fill: Target page, context or browser has been closed
[2026-07-31T20:44:20.637Z] ⚠️  Error menor al manejar modals: locator.count: Target page, context or browser has been closed
[2026-07-31T20:44:20.637Z] ℹ️  Intentando registrar cita en: 2026-08-07
[2026-07-31T20:44:20.641Z] ❌ Error al intentar fecha 2026-08-07: locator.fill: Target page, context or browser has been closed
[2026-07-31T20:44:20.646Z] ⚠️  Error menor al manejar modals: locator.count: Target page, context or browser has been closed
[2026-07-31T20:44:20.646Z] ℹ️  Intentando registrar cita en: 2026-08-08
[2026-07-31T20:44:20.653Z] ❌ Error al intentar fecha 2026-08-08: locator.fill: Target page, context or browser has been closed
[2026-07-31T20:44:20.660Z] ⚠️  Error menor al manejar modals: locator.count: Target page, context or browser has been closed
[2026-07-31T20:44:20.660Z] ℹ️  Intentando registrar cita en: 2026-08-09
[2026-07-31T20:44:20.664Z] ❌ Error al intentar fecha 2026-08-09: locator.fill: Target page, context or browser has been closed
[2026-07-31T20:44:20.667Z] ⚠️  Error menor al manejar modals: locator.count: Target page, context or browser has been closed
[2026-07-31T20:44:20.667Z] ℹ️  Intentando registrar cita en: 2026-08-10
[2026-07-31T20:44:20.669Z] ❌ Error al intentar fecha 2026-08-10: locator.fill: Target page, context or browser has been closed
[2026-07-31T20:44:20.675Z] ⚠️  Error menor al manejar modals: locator.count: Target page, context or browser has been closed
[2026-07-31T20:44:20.675Z] ℹ️  Intentando registrar cita en: 2026-08-11
[2026-07-31T20:44:20.677Z] ❌ Error al intentar fecha 2026-08-11: locator.fill: Target page, context or browser has been closed
[2026-07-31T20:44:20.678Z] ⚠️  Error menor al manejar modals: locator.count: Target page, context or browser has been closed
[2026-07-31T20:44:20.678Z] ℹ️  Intentando registrar cita en: 2026-08-12
[2026-07-31T20:44:20.679Z] ❌ Error al intentar fecha 2026-08-12: locator.fill: Target page, context or browser has been closed
[2026-07-31T20:44:20.680Z] ⚠️  Error menor al manejar modals: locator.count: Target page, context or browser has been closed
[2026-07-31T20:44:20.680Z] ℹ️  Intentando registrar cita en: 2026-08-13
[2026-07-31T20:44:20.681Z] ❌ Error al intentar fecha 2026-08-13: locator.fill: Target page, context or browser has been closed
[2026-07-31T20:44:20.683Z] ⚠️  Error menor al manejar modals: locator.count: Target page, context or browser has been closed
[2026-07-31T20:44:20.683Z] ℹ️  Intentando registrar cita en: 2026-08-14
[2026-07-31T20:44:20.685Z] ❌ Error al intentar fecha 2026-08-14: locator.fill: Target page, context or browser has been closed
[2026-07-31T20:44:20.687Z] ⚠️  Error menor al manejar modals: locator.count: Target page, context or browser has been closed
⚠️ Error creando cita con utils, intentando método local...
  x  2 [consultation-inputs-validation] › tests\consultation.inputs-validation.spec.ts:1547:5 › Start a scheduled consultation - Stress Test (31.7s)


  1) [consultation-inputs-validation] › tests\consultation.inputs-validation.spec.ts:1547:5 › Start a scheduled consultation - Stress Test 

    Error: page.goto: Target page, context or browser has been closed

      1481 |     console.log('⚠️ Error creando cita con utils, intentando método local...');
      1482 |     
    > 1483 |     await page.goto('/Citas');
           |                ^
      1484 |     await page.waitForTimeout(2000);
      1485 |     
      1486 |     const agendarBtn = page.getByRole('button', { name: /agendar cita/i });
        at createAppointment (C:\Users\pandr\OneDrive\00_Pedro_Quijada\03_RYM-Solutions\Repositorios\MediplannerWebNuevo\tests\consultation.inputs-validation.spec.ts:1483:16)
        at C:\Users\pandr\OneDrive\00_Pedro_Quijada\03_RYM-Solutions\Repositorios\MediplannerWebNuevo\tests\consultation.inputs-validation.spec.ts:1565:7

  1 failed
    [consultation-inputs-validation] › tests\consultation.inputs-validation.spec.ts:1547:5 › Start a scheduled consultation - Stress Test 
  1 passed (40.5s)
=== FIN PROYECTO vuelta=3 proyecto=consultation-inputs-validation exit=1 14:44:21 ===
=== INICIO PROYECTO vuelta=3 proyecto=consultation-user-errors 14:44:21 ===
[dotenv@17.3.1] injecting env (4) from .env -- tip: 🔐 prevent committing .env to code: https://dotenvx.com/precommit

Running 7 tests using 1 worker

[dotenv@17.3.1] injecting env (0) from .env -- tip: ⚙️  override existing env vars with { override: true }
🔐 Iniciando proceso de autenticación...
🌐 URL base: https://admin-dev.mediplanner.mx/
📧 Email: dr.***@gmail.com
✅ Navegación exitosa a la página principal
⏳ Esperando formulario de login...
✅ Formulario de login detectado
✅ Campo email llenado
✅ Campo contraseña llenado
✅ Botón de login clickeado
✅ Página principal cargada
✅ Autenticación exitosa - Redirigido fuera de login
✅ Sesión guardada en storageState.json
  ok 1 [setup] › tests\auth.setup.ts:7:6 › authenticate (5.6s)
[dotenv@17.3.1] injecting env (0) from .env -- tip: ⚙️  load multiple .env files with { path: ['.env.local', '.env'] }
[2026-07-31T20:44:31.838Z] ℹ️  Explorando próximos 5 días para registrar una cita...
[2026-07-31T20:44:31.840Z] ℹ️  Paciente objetivo de la cita: "Daniela Jiménez"
❌ [REQUEST FAILED +0.89s] https://www.google-analytics.com/g/collect?v=2&tid=G-ZVKJ9CWYCW&gtm=45je67t1v9248896219za200zd9248896219&_p=1785530672299&gcd=13l3l3l3l1l1&npa=0&dma=0&_eu=AAAAAAQ&are=1&cid=1555839640.1785530665&frm=0&ngs=1&pscdl=noapi&rcb=18&sr=1536x960&uaa=x86&uab=64&uafvl=Chromium%3B145.0.7632.6%7CNot%253AA-Brand%3B99.0.0.0&uam=&uamb=0&uap=Windows&uapv=10.0&uaw=0&ul=en-us&_s=1&tag_exp=115938465~115938469~118395335~118897920~118897930~119896803&sid=1785530665&sct=1&seg=1&dl=https%3A%2F%2Fadmin-dev.mediplanner.mx%2FCitas&dt=Mediplanner&en=page_view&_ee=1&tfd=737 — net::ERR_ABORTED
❌ [REQUEST FAILED +2.16s] https://mediplanner-atencion.zendesk.com/frontendevents/pv?client=1B752747-577B-429A-A0E0-83861AF69088 — net::ERR_ABORTED
  x  2 [consultation-user-errors] › tests\consultation.user-errors.spec.js:100:3 › Consulta — errores humanos reales (error guessing) › 1. Cambiar de pestaña justo tras seleccionar un diagnóstico no debe perder el dato (3.3s)
[dotenv@17.3.1] injecting env (0) from .env -- tip: ⚙️  specify custom .env file path with { path: '/custom/path/.env' }
[2026-07-31T20:44:36.809Z] ℹ️  Explorando próximos 5 días para registrar una cita...
[2026-07-31T20:44:36.811Z] ℹ️  Paciente objetivo de la cita: "Daniela Jiménez"
❌ [REQUEST FAILED +0.92s] https://www.google-analytics.com/g/collect?v=2&tid=G-ZVKJ9CWYCW&gtm=45je67t1v9248896219za200zd9248896219&_p=1785530677245&gcd=13l3l3l3l1l1&npa=0&dma=0&_eu=AAAAAAQ&are=1&cid=1555839640.1785530665&frm=0&ngs=1&pscdl=noapi&rcb=0&sr=1536x960&uaa=x86&uab=64&uafvl=Chromium%3B145.0.7632.6%7CNot%253AA-Brand%3B99.0.0.0&uam=&uamb=0&uap=Windows&uapv=10.0&uaw=0&ul=en-us&_s=1&tag_exp=115938466~115938469~118897920~118897930~119527020~119896802&sid=1785530665&sct=1&seg=1&dl=https%3A%2F%2Fadmin-dev.mediplanner.mx%2FCitas&dt=Mediplanner&en=page_view&_ee=1&tfd=730 — net::ERR_ABORTED
❌ [REQUEST FAILED +2.12s] https://mediplanner-atencion.zendesk.com/frontendevents/pv?client=1B752747-577B-429A-A0E0-83861AF69088 — net::ERR_ABORTED
📤 [API REQUEST    +2.52s] POST https://admin-dev.mediplanner.mx/api/permissions/getPermissions
📤 [API REQUEST    +2.52s] GET https://admin-dev.mediplanner.mx/api/profile/getProfile
✅ [API RESPONSE   +2.95s] (424ms) 200 https://admin-dev.mediplanner.mx/api/permissions/getPermissions → {"status":"OK","data":[{"id":1,"name":"Consultar","module":"Usuarios","module_id":1,"active":false},{"id":2,"name":"Crea
✅ [API RESPONSE   +3.10s] (578ms) 200 https://admin-dev.mediplanner.mx/api/profile/getProfile → {"status":"OK","data":{"id":467,"sNombre":"Walter","sPaterno":"Hartwell","sMaterno":"White","sCorreo":"dpichardo@rym-sol
📤 [API REQUEST    +3.14s] POST https://admin-dev.mediplanner.mx/api/appointments/getFilteredAppointments
